id,module_code,module,submodule,feature,origin,source,status,backend,frontend,tests,docs,depends_on,notes
STRAT-001,STRAT,Marketing Strategy & Research,Research and assessment,MSP marketing assessment,Feature Inventory,Inventory §1 p.3,Tested,Done,Done,tests/Feature/Qa/StrategyInsightsTest.php,Pending,,"Computed by StrategyInsights from the tenant's own records and surfaced on /strategy (workspace for the human half was already tested). Composite marketing assessment: issue counts (CRM hygiene, funnel gaps, PPC flags, unconverted sources, capture-less pages, keyword opportunities) vs strengths (page-one keywords, won deals, funnels)."
STRAT-002,STRAT,Marketing Strategy & Research,Research and assessment,Current marketing audit,Feature Inventory,Inventory §1 p.3,Tested,Done,Done,tests/Feature/Qa/StrategyInsightsTest.php,Pending,,"Computed by StrategyInsights from the tenant's own records and surfaced on /strategy (workspace for the human half was already tested). The current-marketing audit is the same computed composite, refreshed on every page load - an always-current audit rather than a one-off document."
STRAT-003,STRAT,Marketing Strategy & Research,Research and assessment,Competitor analysis,Feature Inventory,Inventory §1 p.3,Tested,Done,Done,tests/Feature/Qa/StrategyInsightsTest.php,Pending,,"Computed by StrategyInsights from the tenant's own records and surfaced on /strategy (workspace for the human half was already tested). Competitor analysis: share of voice, keyword head-to-head (measured/leading counts) and AI recommendation share via CompetitiveService."
STRAT-004,STRAT,Marketing Strategy & Research,Research and assessment,Market competitiveness analysis,Feature Inventory,Inventory §1 p.3,Tested,Done,Done,tests/Feature/Qa/StrategyInsightsTest.php,Pending,,Computed by StrategyInsights from the tenant's own records and surfaced on /strategy (workspace for the human half was already tested). Market competitiveness: leading-vs-measured keyword ratio + AI share quantify competitive position from recorded checks.
STRAT-005,STRAT,Marketing Strategy & Research,Research and assessment,Total Addressable Market analysis,Feature Inventory,Inventory §1 p.3,Partially Implemented,Done,Done,Partial,Pending,,TAM needs external market data (firmographic databases) - cannot be computed honestly from tenant records.
STRAT-006,STRAT,Marketing Strategy & Research,Research and assessment,Ideal Customer Profile development,Feature Inventory,Inventory §1 p.3,Tested,Done,Done,tests/Feature/Qa/StrategyInsightsTest.php,Pending,,"Computed by StrategyInsights from the tenant's own records and surfaced on /strategy (workspace for the human half was already tested). Data-driven ICP: top industries, top sources and median MRR of closed-won deals; refuses to profile with zero wins (insufficient_data)."
STRAT-007,STRAT,Marketing Strategy & Research,Research and assessment,MSP buyer persona development,Feature Inventory,Inventory §1 p.3,Partially Implemented,Done,Done,Partial,Pending,,"Persona development is qualitative; the data-driven ICP (STRAT-006) and buying-role data feed it, the narrative stays human workspace work."
STRAT-008,STRAT,Marketing Strategy & Research,Research and assessment,Buyer pain-point research,Feature Inventory,Inventory §1 p.3,Partially Implemented,Done,Done,Partial,Pending,,Pain-point research is qualitative interview work; recorded in the strategy workspace.
STRAT-009,STRAT,Marketing Strategy & Research,Research and assessment,Buyer journey mapping,Feature Inventory,Inventory §1 p.3,Partially Implemented,Done,Done,Partial,Pending,,Journey mapping narrative stays human; the measured funnel/conversion chain feeds it.
STRAT-010,STRAT,Marketing Strategy & Research,Research and assessment,Search-intent research,Feature Inventory,Inventory §1 p.3,Tested,Done,Done,tests/Feature/Qa/StrategyInsightsTest.php,Pending,,Computed by StrategyInsights from the tenant's own records and surfaced on /strategy (workspace for the human half was already tested). Search-intent research: intent mix across tracked keywords.
STRAT-011,STRAT,Marketing Strategy & Research,Research and assessment,Keyword opportunity analysis,Feature Inventory,Inventory §1 p.3,Tested,Done,Done,tests/Feature/Qa/StrategyInsightsTest.php,Pending,,Computed by StrategyInsights from the tenant's own records and surfaced on /strategy (workspace for the human half was already tested). Keyword opportunity analysis: unranked/page-2+ keywords ordered by volume and difficulty.
STRAT-012,STRAT,Marketing Strategy & Research,Research and assessment,Geographic market analysis,Feature Inventory,Inventory §1 p.3,Tested,Done,Done,tests/Feature/Qa/StrategyInsightsTest.php,Pending,,"Computed by StrategyInsights from the tenant's own records and surfaced on /strategy (workspace for the human half was already tested). Geographic market analysis: per-market keyword counts, average position and open opportunities from the Phase-2 geo pipeline."
STRAT-013,STRAT,Marketing Strategy & Research,Research and assessment,Vertical-market analysis,Feature Inventory,Inventory §1 p.3,Tested,Done,Done,tests/Feature/Qa/StrategyInsightsTest.php,Pending,,"Computed by StrategyInsights from the tenant's own records and surfaced on /strategy (workspace for the human half was already tested). Vertical-market analysis: deals by company industry - totals, win rate, won MRR, sorted by revenue."
STRAT-014,STRAT,Marketing Strategy & Research,Research and assessment,Service-line opportunity analysis,Feature Inventory,Inventory §1 p.3,Partially Implemented,Done,Done,Partial,Pending,,"Assessment / audit / research workspace: each is recorded as a typed strategy_item with findings, recommendation, priority, status and due date, and reported on. Workspace built and tested (record, assign, prioritise, status-track, report); the ANALYSIS itself is human consulting work. Per the Stage 13 scope line, marking this Tested because a field exists would be dishonest."
STRAT-015,STRAT,Marketing Strategy & Research,Research and assessment,Competitive positioning research,Feature Inventory,Inventory §1 p.3,Partially Implemented,Done,Done,Partial,Pending,,Qualitative positioning stays human; the computed competitive landscape (STRAT-003/004) supplies the quantitative half.
STRAT-016,STRAT,Marketing Strategy & Research,Research and assessment,Messaging analysis,Feature Inventory,Inventory §1 p.3,Partially Implemented,Done,Done,Partial,Pending,,Messaging analysis is qualitative/AI-assisted (AI drafting blocked on outbound 443); workspace records it.
STRAT-017,STRAT,Marketing Strategy & Research,Research and assessment,Website conversion audit,Feature Inventory,Inventory §1 p.3,Tested,Done,Done,tests/Feature/Qa/StrategyInsightsTest.php,Pending,,Computed by StrategyInsights from the tenant's own records and surfaced on /strategy (workspace for the human half was already tested). Website conversion audit: visitors -> identified -> submissions -> bookings -> won with guarded rates.
STRAT-018,STRAT,Marketing Strategy & Research,Research and assessment,SEO audit,Feature Inventory,Inventory §1 p.3,Tested,Done,Done,tests/Feature/Qa/StrategyInsightsTest.php,Pending,,"Computed by StrategyInsights from the tenant's own records and surfaced on /strategy (workspace for the human half was already tested). SEO audit roll-up of stored TechnicalSeoAuditor runs: count, average score, total issues, worst page."
STRAT-019,STRAT,Marketing Strategy & Research,Research and assessment,PPC audit,Feature Inventory,Inventory §1 p.3,Tested,Done,Done,tests/Feature/Qa/StrategyInsightsTest.php,Pending,,Computed by StrategyInsights from the tenant's own records and surfaced on /strategy (workspace for the human half was already tested). PPC audit: per-campaign spend/clicks/conversions/revenue with no-conversion and negative-ROAS flags; provider provenance carried.
STRAT-020,STRAT,Marketing Strategy & Research,Research and assessment,Funnel audit,Feature Inventory,Inventory §1 p.3,Tested,Done,Done,tests/Feature/Qa/StrategyInsightsTest.php,Pending,,Computed by StrategyInsights from the tenant's own records and surfaced on /strategy (workspace for the human half was already tested). Funnel audit: stages without attached assets per funnel.
STRAT-021,STRAT,Marketing Strategy & Research,Research and assessment,CRM and automation audit,Feature Inventory,Inventory §1 p.3,Tested,Done,Done,tests/Feature/Qa/StrategyInsightsTest.php,Pending,,"Computed by StrategyInsights from the tenant's own records and surfaced on /strategy (workspace for the human half was already tested). CRM & automation audit: contacts missing owner/company/email, open deals with no movement in 30 days."
STRAT-022,STRAT,Marketing Strategy & Research,Research and assessment,Lead-generation gap analysis,Feature Inventory,Inventory §1 p.3,Tested,Done,Done,tests/Feature/Qa/StrategyInsightsTest.php,Pending,,Computed by StrategyInsights from the tenant's own records and surfaced on /strategy (workspace for the human half was already tested). Lead-gen gap analysis: sources with 3+ visitors and zero identifications; landing pages with views but no capture form.
STRAT-023,STRAT,Marketing Strategy & Research,Planning and targets,Revenue opportunity modeling,Feature Inventory,Inventory §1 p.3,Tested,Done,Done,tests/Feature/Qa/StrategyInsightsTest.php,Pending,,Computed by StrategyInsights from the tenant's own records and surfaced on /strategy (workspace for the human half was already tested). Revenue opportunity model: open pipeline MRR x the org's own win rate; explicitly refuses below 5 closed deals.
STRAT-024,STRAT,Marketing Strategy & Research,Planning and targets,Marketing roadmap creation,Feature Inventory,Inventory §1 p.3,Tested,Done,Done,Done,Pending,,"Marketing roadmap + quarterly campaign strategy + prioritisation are real workspace features: strategy_plans with periods and status, and strategy_items of type roadmap/initiative carrying priority, status, owner-facing due dates and a cross-reference to the module that computes the underlying data. Tested."
STRAT-025,STRAT,Marketing Strategy & Research,Planning and targets,Quarterly campaign strategy,Feature Inventory,Inventory §1 p.3,Tested,Done,Done,Done,Pending,,"Marketing roadmap + quarterly campaign strategy + prioritisation are real workspace features: strategy_plans with periods and status, and strategy_items of type roadmap/initiative carrying priority, status, owner-facing due dates and a cross-reference to the module that computes the underlying data. Tested."
STRAT-026,STRAT,Marketing Strategy & Research,Planning and targets,Campaign prioritization,Feature Inventory,Inventory §1 p.3,Tested,Done,Done,Done,Pending,,"Marketing roadmap + quarterly campaign strategy + prioritisation are real workspace features: strategy_plans with periods and status, and strategy_items of type roadmap/initiative carrying priority, status, owner-facing due dates and a cross-reference to the module that computes the underlying data. Tested."
STRAT-027,STRAT,Marketing Strategy & Research,Planning and targets,Marketing KPI definition,Feature Inventory,Inventory §1 p.3,Tested,Done,Done,Done,Pending,,"KPI definition and targets (leads, SQLs, meetings, CPL, MRR, revenue, ROI) with attainment measured against REAL Stage 11 actuals; lower-is-better metrics such as CPL are evaluated in the correct direction and divisors are guarded. Tested."
STRAT-028,STRAT,Marketing Strategy & Research,Planning and targets,Revenue and MRR goals,Feature Inventory,Inventory §1 p.3,Tested,Done,Done,Done,Pending,,"KPI definition and targets (leads, SQLs, meetings, CPL, MRR, revenue, ROI) with attainment measured against REAL Stage 11 actuals; lower-is-better metrics such as CPL are evaluated in the correct direction and divisors are guarded. Tested."
STRAT-029,STRAT,Marketing Strategy & Research,Planning and targets,Lead-volume targets,Feature Inventory,Inventory §1 p.3,Tested,Done,Done,Done,Pending,,"KPI definition and targets (leads, SQLs, meetings, CPL, MRR, revenue, ROI) with attainment measured against REAL Stage 11 actuals; lower-is-better metrics such as CPL are evaluated in the correct direction and divisors are guarded. Tested."
STRAT-030,STRAT,Marketing Strategy & Research,Planning and targets,Cost-per-lead targets,Feature Inventory,Inventory §1 p.3,Tested,Done,Done,Done,Pending,,"KPI definition and targets (leads, SQLs, meetings, CPL, MRR, revenue, ROI) with attainment measured against REAL Stage 11 actuals; lower-is-better metrics such as CPL are evaluated in the correct direction and divisors are guarded. Tested."
STRAT-031,STRAT,Marketing Strategy & Research,Planning and targets,SQL targets,Feature Inventory,Inventory §1 p.3,Tested,Done,Done,Done,Pending,,"KPI definition and targets (leads, SQLs, meetings, CPL, MRR, revenue, ROI) with attainment measured against REAL Stage 11 actuals; lower-is-better metrics such as CPL are evaluated in the correct direction and divisors are guarded. Tested."
STRAT-032,STRAT,Marketing Strategy & Research,Planning and targets,ROI targets,Feature Inventory,Inventory §1 p.3,Tested,Done,Done,Done,Pending,,"KPI definition and targets (leads, SQLs, meetings, CPL, MRR, revenue, ROI) with attainment measured against REAL Stage 11 actuals; lower-is-better metrics such as CPL are evaluated in the correct direction and divisors are guarded. Tested."
BRAND-001,BRAND,MSP Branding,Brand strategy,Brand discovery,Feature Inventory,Inventory §2 p.3,Tested,Done,Done,Done,Pending,,"Brand discovery: computed checklist of which discovery questions the profile answers (positioning/USP/differentiators/narrative/tone/ICP/palette) on /strategy/brand; the consulting conversation stays human, this is the evidence it runs on. BrandPositioningTest. Phase 22."
BRAND-002,BRAND,MSP Branding,Brand strategy,Competitor brand analysis,Feature Inventory,Inventory §2 p.3,Tested,Done,Done,Done,Pending,,"Competitor brand analysis: rivals' own public messaging from the Phase 14 content snapshots (their page titles ARE their claims), per competitor; no snapshot = ""check content first"", never invented. Phase 22."
BRAND-003,BRAND,MSP Branding,Brand strategy,Market positioning,Feature Inventory,Inventory §2 p.4,Tested,Done,Done,Done,Pending,,"The brand profile stores and versions the positioning statement, USP, value proposition, differentiators, narrative, story, tone of voice, messaging hierarchy, elevator pitch and tagline for the organization (one profile per tenant, editable through the brand workspace). Storing and serving these decisions is the software feature; ARRIVING at them is human strategy work."
BRAND-004,BRAND,MSP Branding,Brand strategy,Differentiator identification,Feature Inventory,Inventory §2 p.4,Tested,Done,Done,Done,Pending,,Differentiator identification: each stated differentiator checked against OUR published pages AND competitors' captured titles - one also claimed by a rival is flagged a table stake. Deterministic matching. Phase 22.
BRAND-005,BRAND,MSP Branding,Brand strategy,Unique Selling Proposition development,Feature Inventory,Inventory §2 p.4,Tested,Done,Done,Done,Pending,,"The brand profile stores and versions the positioning statement, USP, value proposition, differentiators, narrative, story, tone of voice, messaging hierarchy, elevator pitch and tagline for the organization (one profile per tenant, editable through the brand workspace). Storing and serving these decisions is the software feature; ARRIVING at them is human strategy work."
BRAND-006,BRAND,MSP Branding,Brand strategy,Value proposition development,Feature Inventory,Inventory §2 p.4,Tested,Done,Done,Done,Pending,,"The brand profile stores and versions the positioning statement, USP, value proposition, differentiators, narrative, story, tone of voice, messaging hierarchy, elevator pitch and tagline for the organization (one profile per tenant, editable through the brand workspace). Storing and serving these decisions is the software feature; ARRIVING at them is human strategy work."
BRAND-007,BRAND,MSP Branding,Brand strategy,Brand positioning statement,Feature Inventory,Inventory §2 p.4,Tested,Done,Done,Done,Pending,,"The brand profile stores and versions the positioning statement, USP, value proposition, differentiators, narrative, story, tone of voice, messaging hierarchy, elevator pitch and tagline for the organization (one profile per tenant, editable through the brand workspace). Storing and serving these decisions is the software feature; ARRIVING at them is human strategy work."
BRAND-008,BRAND,MSP Branding,Brand strategy,ICP alignment,Feature Inventory,Inventory §2 p.4,Tested,Done,Done,Done,Pending,,"ICP alignment: stated ICP (Phase 19 scoring rules) vs the observed win profile per attribute, guarded when there are no wins. Phase 22."
BRAND-009,BRAND,MSP Branding,Brand strategy,Premium-positioning strategy,Feature Inventory,Inventory §2 p.4,Tested,Done,Done,Done,Pending,,"Premium positioning: evidenced by numbers (avg won value, median MRR over wins) - premium is a number, not an adjective; zero wins shown as such. Phase 22."
BRAND-010,BRAND,MSP Branding,Brand strategy,Vertical-specific positioning,Feature Inventory,Inventory §2 p.4,Tested,Done,Done,Done,Pending,,"Vertical positioning: active verticals vs verticals with a published page, on the brand evidence panel. Phase 22."
BRAND-011,BRAND,MSP Branding,Brand strategy,Service-specific positioning,Feature Inventory,Inventory §2 p.4,Tested,Done,Done,Done,Pending,,Service positioning: active services vs services with a published page. Phase 22.
BRAND-012,BRAND,MSP Branding,Brand strategy,Geographic positioning,Feature Inventory,Inventory §2 p.4,Tested,Done,Done,Done,Pending,,Geographic positioning: branches vs branches with a published location page. Phase 22.
BRAND-013,BRAND,MSP Branding,Brand strategy,Brand narrative,Feature Inventory,Inventory §2 p.4,Tested,Done,Done,Done,Pending,,"The brand profile stores and versions the positioning statement, USP, value proposition, differentiators, narrative, story, tone of voice, messaging hierarchy, elevator pitch and tagline for the organization (one profile per tenant, editable through the brand workspace). Storing and serving these decisions is the software feature; ARRIVING at them is human strategy work."
BRAND-014,BRAND,MSP Branding,Brand strategy,Brand story,Feature Inventory,Inventory §2 p.4,Tested,Done,Done,Done,Pending,,"The brand profile stores and versions the positioning statement, USP, value proposition, differentiators, narrative, story, tone of voice, messaging hierarchy, elevator pitch and tagline for the organization (one profile per tenant, editable through the brand workspace). Storing and serving these decisions is the software feature; ARRIVING at them is human strategy work."
BRAND-015,BRAND,MSP Branding,Brand strategy,Tone of voice,Feature Inventory,Inventory §2 p.4,Tested,Done,Done,Done,Pending,,"The brand profile stores and versions the positioning statement, USP, value proposition, differentiators, narrative, story, tone of voice, messaging hierarchy, elevator pitch and tagline for the organization (one profile per tenant, editable through the brand workspace). Storing and serving these decisions is the software feature; ARRIVING at them is human strategy work."
BRAND-016,BRAND,MSP Branding,Brand strategy,Messaging hierarchy,Feature Inventory,Inventory §2 p.4,Tested,Done,Done,Done,Pending,,"The brand profile stores and versions the positioning statement, USP, value proposition, differentiators, narrative, story, tone of voice, messaging hierarchy, elevator pitch and tagline for the organization (one profile per tenant, editable through the brand workspace). Storing and serving these decisions is the software feature; ARRIVING at them is human strategy work."
BRAND-017,BRAND,MSP Branding,Brand strategy,Elevator pitch,Feature Inventory,Inventory §2 p.4,Tested,Done,Done,Done,Pending,,"The brand profile stores and versions the positioning statement, USP, value proposition, differentiators, narrative, story, tone of voice, messaging hierarchy, elevator pitch and tagline for the organization (one profile per tenant, editable through the brand workspace). Storing and serving these decisions is the software feature; ARRIVING at them is human strategy work."
BRAND-018,BRAND,MSP Branding,Brand strategy,Tagline development,Feature Inventory,Inventory §2 p.4,Tested,Done,Done,Done,Pending,,"The brand profile stores and versions the positioning statement, USP, value proposition, differentiators, narrative, story, tone of voice, messaging hierarchy, elevator pitch and tagline for the organization (one profile per tenant, editable through the brand workspace). Storing and serving these decisions is the software feature; ARRIVING at them is human strategy work."
BRAND-019,BRAND,MSP Branding,Visual identity,Logo creation or refinement,Feature Inventory,Inventory §2 p.4,Planned,Pending,Pending,Pending,Pending,,"Logo creation/refinement, graphic style, iconography and website / social / presentation visual identity are CREATIVE PRODUCTION. The platform stores the resulting assets and guidelines (BRAND-028…037) but does not produce them; a designer or design tooling is required. Deferred."
BRAND-020,BRAND,MSP Branding,Visual identity,Brand color palette,Feature Inventory,Inventory §2 p.4,Tested,Done,Done,Done,Pending,,Palette captured + rendered into the style-guide deliverable (native PDF at strategy/brand/style-guide.pdf) and driving the public site accent; choosing colours remains design work. Phase 22.
BRAND-021,BRAND,MSP Branding,Visual identity,Typography,Feature Inventory,Inventory §2 p.4,Tested,Done,Done,Done,Pending,,Typography captured + rendered in the style guide PDF; choosing faces remains design work. Phase 22.
BRAND-022,BRAND,MSP Branding,Visual identity,Imagery direction,Feature Inventory,Inventory §2 p.4,Tested,Done,Done,Done,Pending,,Imagery direction captured + rendered in the style guide PDF; producing imagery remains design work. Phase 22.
BRAND-023,BRAND,MSP Branding,Visual identity,Graphic style,Feature Inventory,Inventory §2 p.4,Planned,Pending,Pending,Pending,Pending,,"Logo creation/refinement, graphic style, iconography and website / social / presentation visual identity are CREATIVE PRODUCTION. The platform stores the resulting assets and guidelines (BRAND-028…037) but does not produce them; a designer or design tooling is required. Deferred."
BRAND-024,BRAND,MSP Branding,Visual identity,Iconography,Feature Inventory,Inventory §2 p.4,Planned,Pending,Pending,Pending,Pending,,"Logo creation/refinement, graphic style, iconography and website / social / presentation visual identity are CREATIVE PRODUCTION. The platform stores the resulting assets and guidelines (BRAND-028…037) but does not produce them; a designer or design tooling is required. Deferred."
BRAND-025,BRAND,MSP Branding,Visual identity,Website visual identity,Feature Inventory,Inventory §2 p.4,Tested,Done,Done,Done,Pending,,Website visual identity: the public site wears the brand - palette primary drives the site accent (existing) and the masthead renders the brand logo when logo_url is set. Phase 22.
BRAND-026,BRAND,MSP Branding,Visual identity,Social-media branding,Feature Inventory,Inventory §2 p.4,Planned,Pending,Pending,Pending,Pending,,"Logo creation/refinement, graphic style, iconography and website / social / presentation visual identity are CREATIVE PRODUCTION. The platform stores the resulting assets and guidelines (BRAND-028…037) but does not produce them; a designer or design tooling is required. Deferred."
BRAND-027,BRAND,MSP Branding,Visual identity,Presentation branding,Feature Inventory,Inventory §2 p.4,Planned,Pending,Pending,Pending,Pending,,"Logo creation/refinement, graphic style, iconography and website / social / presentation visual identity are CREATIVE PRODUCTION. The platform stores the resulting assets and guidelines (BRAND-028…037) but does not produce them; a designer or design tooling is required. Deferred."
BRAND-028,BRAND,MSP Branding,Visual identity,Brand guidelines,Feature Inventory,Inventory §2 p.4,Tested,Done,Done,Done,Pending,,"Brand asset library covering guidelines, pitch decks, one-pagers, service sheets, case-study and proposal templates, sales collateral, social-proof, testimonial and executive presentation assets - typed records with links/files and notes (complements the Stage 10 sales-enablement library)."
BRAND-029,BRAND,MSP Branding,Sales branding,Pitch decks,Feature Inventory,Inventory §2 p.4,Tested,Done,Done,Done,Pending,,"Brand asset library covering guidelines, pitch decks, one-pagers, service sheets, case-study and proposal templates, sales collateral, social-proof, testimonial and executive presentation assets - typed records with links/files and notes (complements the Stage 10 sales-enablement library)."
BRAND-030,BRAND,MSP Branding,Sales branding,One-pagers,Feature Inventory,Inventory §2 p.4,Tested,Done,Done,Done,Pending,,"Brand asset library covering guidelines, pitch decks, one-pagers, service sheets, case-study and proposal templates, sales collateral, social-proof, testimonial and executive presentation assets - typed records with links/files and notes (complements the Stage 10 sales-enablement library)."
BRAND-031,BRAND,MSP Branding,Sales branding,Service sheets,Feature Inventory,Inventory §2 p.4,Tested,Done,Done,Done,Pending,,"Brand asset library covering guidelines, pitch decks, one-pagers, service sheets, case-study and proposal templates, sales collateral, social-proof, testimonial and executive presentation assets - typed records with links/files and notes (complements the Stage 10 sales-enablement library)."
BRAND-032,BRAND,MSP Branding,Sales branding,Case-study templates,Feature Inventory,Inventory §2 p.4,Tested,Done,Done,Done,Pending,,"Brand asset library covering guidelines, pitch decks, one-pagers, service sheets, case-study and proposal templates, sales collateral, social-proof, testimonial and executive presentation assets - typed records with links/files and notes (complements the Stage 10 sales-enablement library)."
BRAND-033,BRAND,MSP Branding,Sales branding,Proposal templates,Feature Inventory,Inventory §2 p.4,Tested,Done,Done,Done,Pending,,"Brand asset library covering guidelines, pitch decks, one-pagers, service sheets, case-study and proposal templates, sales collateral, social-proof, testimonial and executive presentation assets - typed records with links/files and notes (complements the Stage 10 sales-enablement library)."
BRAND-034,BRAND,MSP Branding,Sales branding,Sales collateral,Feature Inventory,Inventory §2 p.4,Tested,Done,Done,Done,Pending,,"Brand asset library covering guidelines, pitch decks, one-pagers, service sheets, case-study and proposal templates, sales collateral, social-proof, testimonial and executive presentation assets - typed records with links/files and notes (complements the Stage 10 sales-enablement library)."
BRAND-035,BRAND,MSP Branding,Sales branding,Social-proof assets,Feature Inventory,Inventory §2 p.4,Tested,Done,Done,Done,Pending,,"Brand asset library covering guidelines, pitch decks, one-pagers, service sheets, case-study and proposal templates, sales collateral, social-proof, testimonial and executive presentation assets - typed records with links/files and notes (complements the Stage 10 sales-enablement library)."
BRAND-036,BRAND,MSP Branding,Sales branding,Testimonial assets,Feature Inventory,Inventory §2 p.4,Tested,Done,Done,Done,Pending,,"Brand asset library covering guidelines, pitch decks, one-pagers, service sheets, case-study and proposal templates, sales collateral, social-proof, testimonial and executive presentation assets - typed records with links/files and notes (complements the Stage 10 sales-enablement library)."
BRAND-037,BRAND,MSP Branding,Sales branding,Executive presentations,Feature Inventory,Inventory §2 p.4,Tested,Done,Done,Done,Pending,,"Brand asset library covering guidelines, pitch decks, one-pagers, service sheets, case-study and proposal templates, sales collateral, social-proof, testimonial and executive presentation assets - typed records with links/files and notes (complements the Stage 10 sales-enablement library)."
WEB-001,WEB,MSP Website Platform,Website design,Custom MSP website,Feature Inventory,Inventory §3 p.4,Tested,Done,Done,Done,Pending,,"The site itself: pages built from ordered section blocks, header/footer navigation (nestable), and conversion paths wired from CTA/offer sections to a form or booking page. Publishing is refused without a title and at least one visible section, so an empty URL cannot go live. Tested."
WEB-002,WEB,MSP Website Platform,Website design,Responsive design,Feature Inventory,Inventory §3 p.4,Tested,Done,Done,Done,Pending,,"Published pages render from a mobile-first responsive template: fluid single column with a max width, clamp()-based fluid type, and grids that collapse to one column below 40rem and expand at 64rem. Responsive by construction rather than by breakpoint patching; the public render is tested."
WEB-003,WEB,MSP Website Platform,Website design,Mobile-first design,Feature Inventory,Inventory §3 p.4,Tested,Done,Done,Done,Pending,,"Published pages render from a mobile-first responsive template: fluid single column with a max width, clamp()-based fluid type, and grids that collapse to one column below 40rem and expand at 64rem. Responsive by construction rather than by breakpoint patching; the public render is tested."
WEB-004,WEB,MSP Website Platform,Website design,Tablet optimization,Feature Inventory,Inventory §3 p.4,Tested,Done,Done,Done,Pending,,"Published pages render from a mobile-first responsive template: fluid single column with a max width, clamp()-based fluid type, and grids that collapse to one column below 40rem and expand at 64rem. Responsive by construction rather than by breakpoint patching; the public render is tested."
WEB-005,WEB,MSP Website Platform,Website design,Desktop optimization,Feature Inventory,Inventory §3 p.4,Tested,Done,Done,Done,Pending,,"Published pages render from a mobile-first responsive template: fluid single column with a max width, clamp()-based fluid type, and grids that collapse to one column below 40rem and expand at 64rem. Responsive by construction rather than by breakpoint patching; the public render is tested."
WEB-006,WEB,MSP Website Platform,Website design,Cross-browser compatibility,Feature Inventory,Inventory §3 p.4,Partially Implemented,Done,Done,Partial,Pending,,"The public template uses only broadly supported CSS (flex/grid, clamp, prefers-color-scheme) and no JavaScript, so cross-browser risk is low by construction - but honest compatibility claims need a real browser matrix (BrowserStack-class) run against the rendered pages. Not marked Tested without one."
WEB-007,WEB,MSP Website Platform,Website design,Modern visual design,Feature Inventory,Inventory §3 p.5,Tested,Yes,Yes,Yes,Yes,,"Template gallery shipped (Phase 23): SiteBuilderService::templates() carries four buyer-journey blueprints (MSP home, service, vertical, lead-magnet landing), each an ordered hero->value->proof->FAQ->CTA structure with structural guidance copy (no fake proof); applying one drafts the page+sections for editing, and the existing health checks still gate publishing on real CTA/proof content. Gallery UI on the Pages screen. Tested in WebsitePlatformCloseoutTest."
WEB-008,WEB,MSP Website Platform,Website design,MSP-specific UX,Feature Inventory,Inventory §3 p.5,Tested,Yes,Yes,Yes,Yes,,"Template gallery shipped (Phase 23): SiteBuilderService::templates() carries four buyer-journey blueprints (MSP home, service, vertical, lead-magnet landing), each an ordered hero->value->proof->FAQ->CTA structure with structural guidance copy (no fake proof); applying one drafts the page+sections for editing, and the existing health checks still gate publishing on real CTA/proof content. Gallery UI on the Pages screen. Tested in WebsitePlatformCloseoutTest."
WEB-009,WEB,MSP Website Platform,Website design,Buyer-journey-oriented UX,Feature Inventory,Inventory §3 p.5,Tested,Yes,Yes,Yes,Yes,,"Template gallery shipped (Phase 23): SiteBuilderService::templates() carries four buyer-journey blueprints (MSP home, service, vertical, lead-magnet landing), each an ordered hero->value->proof->FAQ->CTA structure with structural guidance copy (no fake proof); applying one drafts the page+sections for editing, and the existing health checks still gate publishing on real CTA/proof content. Gallery UI on the Pages screen. Tested in WebsitePlatformCloseoutTest."
WEB-010,WEB,MSP Website Platform,Website design,Conversion-oriented layouts,Feature Inventory,Inventory §3 p.5,Tested,Yes,Yes,Yes,Yes,,"Template gallery shipped (Phase 23): SiteBuilderService::templates() carries four buyer-journey blueprints (MSP home, service, vertical, lead-magnet landing), each an ordered hero->value->proof->FAQ->CTA structure with structural guidance copy (no fake proof); applying one drafts the page+sections for editing, and the existing health checks still gate publishing on real CTA/proof content. Gallery UI on the Pages screen. Tested in WebsitePlatformCloseoutTest."
WEB-011,WEB,MSP Website Platform,Website design,Strategic navigation,Feature Inventory,Inventory §3 p.5,Tested,Done,Done,Done,Pending,,"The site itself: pages built from ordered section blocks, header/footer navigation (nestable), and conversion paths wired from CTA/offer sections to a form or booking page. Publishing is refused without a title and at least one visible section, so an empty URL cannot go live. Tested."
WEB-012,WEB,MSP Website Platform,Website design,Service-page architecture,Feature Inventory,Inventory §3 p.5,Tested,Done,Done,Done,Pending,,"Typed page architecture: one site_pages model serves service, vertical, location, landing and campaign pages, each bound to its service line / vertical / location for targeting and reporting. Slug is globally unique (published pages share one public URL space) with collisions auto-suffixed. Tested."
WEB-013,WEB,MSP Website Platform,Website design,Industry or vertical page architecture,Feature Inventory,Inventory §3 p.5,Tested,Done,Done,Done,Pending,,"Typed page architecture: one site_pages model serves service, vertical, location, landing and campaign pages, each bound to its service line / vertical / location for targeting and reporting. Slug is globally unique (published pages share one public URL space) with collisions auto-suffixed. Tested."
WEB-014,WEB,MSP Website Platform,Website design,Location-page architecture,Feature Inventory,Inventory §3 p.5,Tested,Done,Done,Done,Pending,,"Typed page architecture: one site_pages model serves service, vertical, location, landing and campaign pages, each bound to its service line / vertical / location for targeting and reporting. Slug is globally unique (published pages share one public URL space) with collisions auto-suffixed. Tested."
WEB-015,WEB,MSP Website Platform,Website design,Landing pages,Feature Inventory,Inventory §3 p.5,Tested,Done,Done,Done,Pending,,"Typed page architecture: one site_pages model serves service, vertical, location, landing and campaign pages, each bound to its service line / vertical / location for targeting and reporting. Slug is globally unique (published pages share one public URL space) with collisions auto-suffixed. Tested."
WEB-016,WEB,MSP Website Platform,Website design,Campaign landing pages,Feature Inventory,Inventory §3 p.5,Tested,Done,Done,Done,Pending,,"Typed page architecture: one site_pages model serves service, vertical, location, landing and campaign pages, each bound to its service line / vertical / location for targeting and reporting. Slug is globally unique (published pages share one public URL space) with collisions auto-suffixed. Tested."
WEB-017,WEB,MSP Website Platform,Website conversion,Strategic CTAs,Feature Inventory,Inventory §3 p.5,Tested,Done,Done,Done,Pending,,"CTA and offer sections wired to the Stage 6 public forms (/f/{slug}) and Stage 10 booking pages (/b/{slug}) - contact, consultation and download forms are existing tested capture surfaces the page points at; bottom-of-funnel offers are an offer-type section. Tested."
WEB-018,WEB,MSP Website Platform,Website conversion,Book-a-call CTA,Feature Inventory,Inventory §3 p.5,Tested,Done,Done,Done,Pending,,"CTA and offer sections wired to the Stage 6 public forms (/f/{slug}) and Stage 10 booking pages (/b/{slug}) - contact, consultation and download forms are existing tested capture surfaces the page points at; bottom-of-funnel offers are an offer-type section. Tested."
WEB-019,WEB,MSP Website Platform,Website conversion,Contact forms,Feature Inventory,Inventory §3 p.5,Tested,Done,Done,Done,Pending,,"CTA and offer sections wired to the Stage 6 public forms (/f/{slug}) and Stage 10 booking pages (/b/{slug}) - contact, consultation and download forms are existing tested capture surfaces the page points at; bottom-of-funnel offers are an offer-type section. Tested."
WEB-020,WEB,MSP Website Platform,Website conversion,Consultation forms,Feature Inventory,Inventory §3 p.5,Tested,Done,Done,Done,Pending,,"CTA and offer sections wired to the Stage 6 public forms (/f/{slug}) and Stage 10 booking pages (/b/{slug}) - contact, consultation and download forms are existing tested capture surfaces the page points at; bottom-of-funnel offers are an offer-type section. Tested."
WEB-021,WEB,MSP Website Platform,Website conversion,Download forms,Feature Inventory,Inventory §3 p.5,Tested,Done,Done,Done,Pending,,"CTA and offer sections wired to the Stage 6 public forms (/f/{slug}) and Stage 10 booking pages (/b/{slug}) - contact, consultation and download forms are existing tested capture surfaces the page points at; bottom-of-funnel offers are an offer-type section. Tested."
WEB-022,WEB,MSP Website Platform,Website conversion,Lead magnets,Feature Inventory,Inventory §3 p.5,Tested,Yes,Yes,Yes,Yes,,"Gated lead magnets shipped (Phase 23): a form's lead_magnet_file_id answers submission with a SIGNED 7-day download URL (never a public path), downloads increment files.download_count, and an unsigned request is refused (403). Tested in WebsitePlatformCloseoutTest."
WEB-023,WEB,MSP Website Platform,Website conversion,Trust sections,Feature Inventory,Inventory §3 p.5,Tested,Done,Done,Done,Pending,,"Trust, review, testimonial, client-logo, case-study and award blocks are section TYPES on any page (not bespoke pages), rendered publicly; the underlying review and case-study material comes from Stage 9 reputation and Stage 13 brand assets. Page health explicitly checks that a page carries third-party proof. Tested."
WEB-024,WEB,MSP Website Platform,Website conversion,Review sections,Feature Inventory,Inventory §3 p.5,Tested,Done,Done,Done,Pending,,"Trust, review, testimonial, client-logo, case-study and award blocks are section TYPES on any page (not bespoke pages), rendered publicly; the underlying review and case-study material comes from Stage 9 reputation and Stage 13 brand assets. Page health explicitly checks that a page carries third-party proof. Tested."
WEB-025,WEB,MSP Website Platform,Website conversion,Testimonial sections,Feature Inventory,Inventory §3 p.5,Tested,Done,Done,Done,Pending,,"Trust, review, testimonial, client-logo, case-study and award blocks are section TYPES on any page (not bespoke pages), rendered publicly; the underlying review and case-study material comes from Stage 9 reputation and Stage 13 brand assets. Page health explicitly checks that a page carries third-party proof. Tested."
WEB-026,WEB,MSP Website Platform,Website conversion,Client logo sections,Feature Inventory,Inventory §3 p.5,Tested,Done,Done,Done,Pending,,"Trust, review, testimonial, client-logo, case-study and award blocks are section TYPES on any page (not bespoke pages), rendered publicly; the underlying review and case-study material comes from Stage 9 reputation and Stage 13 brand assets. Page health explicitly checks that a page carries third-party proof. Tested."
WEB-027,WEB,MSP Website Platform,Website conversion,Case-study sections,Feature Inventory,Inventory §3 p.5,Tested,Done,Done,Done,Pending,,"Trust, review, testimonial, client-logo, case-study and award blocks are section TYPES on any page (not bespoke pages), rendered publicly; the underlying review and case-study material comes from Stage 9 reputation and Stage 13 brand assets. Page health explicitly checks that a page carries third-party proof. Tested."
WEB-028,WEB,MSP Website Platform,Website conversion,Awards and accreditation sections,Feature Inventory,Inventory §3 p.5,Tested,Done,Done,Done,Pending,,"Trust, review, testimonial, client-logo, case-study and award blocks are section TYPES on any page (not bespoke pages), rendered publicly; the underlying review and case-study material comes from Stage 9 reputation and Stage 13 brand assets. Page health explicitly checks that a page carries third-party proof. Tested."
WEB-029,WEB,MSP Website Platform,Website conversion,Third-party proof,Feature Inventory,Inventory §3 p.5,Tested,Done,Done,Done,Pending,,"Trust, review, testimonial, client-logo, case-study and award blocks are section TYPES on any page (not bespoke pages), rendered publicly; the underlying review and case-study material comes from Stage 9 reputation and Stage 13 brand assets. Page health explicitly checks that a page carries third-party proof. Tested."
WEB-030,WEB,MSP Website Platform,Website conversion,Conversion paths,Feature Inventory,Inventory §3 p.5,Tested,Done,Done,Done,Pending,,"The site itself: pages built from ordered section blocks, header/footer navigation (nestable), and conversion paths wired from CTA/offer sections to a form or booking page. Publishing is refused without a title and at least one visible section, so an empty URL cannot go live. Tested."
WEB-031,WEB,MSP Website Platform,Website conversion,Funnel-based navigation,Feature Inventory,Inventory §3 p.5,Tested,Done,Done,Done,Pending,,"The site itself: pages built from ordered section blocks, header/footer navigation (nestable), and conversion paths wired from CTA/offer sections to a form or booking page. Publishing is refused without a title and at least one visible section, so an empty URL cannot go live. Tested."
WEB-032,WEB,MSP Website Platform,Website conversion,Bottom-of-funnel offers,Feature Inventory,Inventory §3 p.5,Tested,Done,Done,Done,Pending,,"CTA and offer sections wired to the Stage 6 public forms (/f/{slug}) and Stage 10 booking pages (/b/{slug}) - contact, consultation and download forms are existing tested capture surfaces the page points at; bottom-of-funnel offers are an offer-type section. Tested."
WEB-033,WEB,MSP Website Platform,Website conversion,Conversion rate optimization,Feature Inventory,Inventory §3 p.5,Tested,Yes,Yes,Yes,Yes,,"Experiments now SERVED on live pages (Phase 23): experiments.site_page_id binds a running experiment to a public page - sticky per-visitor variant (30-day cookie), variant headline/subheadline overrides applied in-memory (stored page never mutates), impression counted once per visitor, and a public form submission carrying the cookie credits the conversion (org-checked). Stage 11's tested math (conversion rate, lift, winner) runs on this live traffic. Tested in WebsitePlatformCloseoutTest."
WEB-034,WEB,MSP Website Platform,Website conversion,A/B testing,Feature Inventory,Inventory §3 p.5,Tested,Yes,Yes,Yes,Yes,,"Experiments now SERVED on live pages (Phase 23): experiments.site_page_id binds a running experiment to a public page - sticky per-visitor variant (30-day cookie), variant headline/subheadline overrides applied in-memory (stored page never mutates), impression counted once per visitor, and a public form submission carrying the cookie credits the conversion (org-checked). Stage 11's tested math (conversion rate, lift, winner) runs on this live traffic. Tested in WebsitePlatformCloseoutTest."
WEB-035,WEB,MSP Website Platform,Website conversion,Multivariate testing,Feature Inventory,Inventory §3 p.5,Tested,Yes,Yes,Yes,Yes,,"Experiments now SERVED on live pages (Phase 23): experiments.site_page_id binds a running experiment to a public page - sticky per-visitor variant (30-day cookie), variant headline/subheadline overrides applied in-memory (stored page never mutates), impression counted once per visitor, and a public form submission carrying the cookie credits the conversion (org-checked). Stage 11's tested math (conversion rate, lift, winner) runs on this live traffic. Tested in WebsitePlatformCloseoutTest."
WEB-036,WEB,MSP Website Platform,Website conversion,User-behavior analysis,Feature Inventory,Inventory §3 p.5,Planned,Pending,Pending,Pending,Pending,,"User-behaviour analysis (session recordings, heatmaps, scroll/click maps) requires a behaviour-analytics provider (Hotjar/Clarity-class) wired to the public pages; the first-party visitor pixel records visits/paths but not behaviour surfaces. Stays Planned pending a provider decision."
WEB-037,WEB,MSP Website Platform,Website conversion,Funnel optimization,Feature Inventory,Inventory §3 p.5,Tested,Yes,Yes,Yes,Yes,,"Experiments now SERVED on live pages (Phase 23): experiments.site_page_id binds a running experiment to a public page - sticky per-visitor variant (30-day cookie), variant headline/subheadline overrides applied in-memory (stored page never mutates), impression counted once per visitor, and a public form submission carrying the cookie credits the conversion (org-checked). Stage 11's tested math (conversion rate, lift, winner) runs on this live traffic. Tested in WebsitePlatformCloseoutTest."
WEB-038,WEB,MSP Website Platform,Website performance and maintenance,Fast page loading,Feature Inventory,Inventory §3 p.5,Tested,Yes,Yes,Yes,Yes,,"Performance budget PINNED by test (Phase 23): the rendered public page is a single server-rendered document under a hard 100KB ceiling, one inline stylesheet, no external CSS and no executable JavaScript (JSON-LD data blocks only; chat widget and first-party pixel are opt-in and async/defer). WebsitePlatformCloseoutTest fails the build if the budget regresses."
WEB-039,WEB,MSP Website Platform,Website performance and maintenance,Core Web Vitals optimization,Feature Inventory,Inventory §3 p.5,Planned,Pending,Pending,Pending,Pending,,"Core Web Vitals are FIELD data - CrUX/PageSpeed Insights or real-user monitoring against the production origin. The lab-side budget (single document, no JS, 100KB ceiling, caching) is pinned by test under WEB-038/041/042/043; the field measurement cannot be produced from inside the codebase."
WEB-040,WEB,MSP Website Platform,Website performance and maintenance,Image optimization,Feature Inventory,Inventory §3 p.5,Planned,Pending,Pending,Pending,Pending,,"Image optimization (responsive srcset, modern formats, CDN transforms) needs an asset pipeline/CDN on the tenant-page delivery path; section content is text-first today so there is no image pipeline to optimize yet."
WEB-041,WEB,MSP Website Platform,Website performance and maintenance,Code optimization,Feature Inventory,Inventory §3 p.5,Tested,Yes,Yes,Yes,Yes,,"Performance budget PINNED by test (Phase 23): the rendered public page is a single server-rendered document under a hard 100KB ceiling, one inline stylesheet, no external CSS and no executable JavaScript (JSON-LD data blocks only; chat widget and first-party pixel are opt-in and async/defer). WebsitePlatformCloseoutTest fails the build if the budget regresses."
WEB-042,WEB,MSP Website Platform,Website performance and maintenance,Page-weight reduction,Feature Inventory,Inventory §3 p.5,Tested,Yes,Yes,Yes,Yes,,"Performance budget PINNED by test (Phase 23): the rendered public page is a single server-rendered document under a hard 100KB ceiling, one inline stylesheet, no external CSS and no executable JavaScript (JSON-LD data blocks only; chat widget and first-party pixel are opt-in and async/defer). WebsitePlatformCloseoutTest fails the build if the budget regresses."
WEB-043,WEB,MSP Website Platform,Website performance and maintenance,Caching and performance optimization,Feature Inventory,Inventory §3 p.5,Tested,Yes,Yes,Yes,Yes,,Real HTTP caching shipped (Phase 23): public pages send Cache-Control public/max-age=300/stale-while-revalidate=600 plus a content ETag and answer If-None-Match with 304; pages serving a live experiment stay private/no-cache so the traffic split is never cached. CDN/edge layering remains a hosting concern. Tested in WebsitePlatformCloseoutTest.
WEB-044,WEB,MSP Website Platform,Website performance and maintenance,Mobile speed optimization,Feature Inventory,Inventory §3 p.5,Planned,Pending,Pending,Pending,Pending,,"Mobile speed scores are field data like WEB-039 (the page itself is mobile-first, single-document, no-JS by construction). Needs CrUX/PSI or RUM against production."
WEB-045,WEB,MSP Website Platform,Website performance and maintenance,Technical monitoring,Feature Inventory,Inventory §3 p.5,Tested,Done,Done,Done,Pending,,"SiteHealthService scores every page from its real content - meta title, meta description length, headline, visible sections, a call to action, a wired conversion path, third-party proof and published state - and names the FAILING checks; a check with no data fails rather than passing, so a blank page scores near zero instead of looking healthy. Site rollup lists the weakest pages first, which is what makes improvement continuous. Tested."
WEB-046,WEB,MSP Website Platform,Website performance and maintenance,Ongoing maintenance,Feature Inventory,Inventory §3 p.5,Planned,Pending,Pending,Pending,Pending,,"Ongoing maintenance, patching, uptime/performance monitoring and continuous speed work are OPERATIONAL services on provisioned hosting infrastructure - not codebase features. The in-app site health checks (WEB-045/048/051/055) and daily publish audits (WEB-052/053) are the platform-side share, and they are Tested."
WEB-047,WEB,MSP Website Platform,Website performance and maintenance,Website patching,Feature Inventory,Inventory §3 p.5,Planned,Pending,Pending,Pending,Pending,,"Ongoing maintenance, patching, uptime/performance monitoring and continuous speed work are OPERATIONAL services on provisioned hosting infrastructure - not codebase features. The in-app site health checks (WEB-045/048/051/055) and daily publish audits (WEB-052/053) are the platform-side share, and they are Tested."
WEB-048,WEB,MSP Website Platform,Website performance and maintenance,Site-health monitoring,Feature Inventory,Inventory §3 p.5,Tested,Done,Done,Done,Pending,,"SiteHealthService scores every page from its real content - meta title, meta description length, headline, visible sections, a call to action, a wired conversion path, third-party proof and published state - and names the FAILING checks; a check with no data fails rather than passing, so a blank page scores near zero instead of looking healthy. Site rollup lists the weakest pages first, which is what makes improvement continuous. Tested."
WEB-049,WEB,MSP Website Platform,Website performance and maintenance,Performance monitoring,Feature Inventory,Inventory §3 p.5,Planned,Pending,Pending,Pending,Pending,,"Ongoing maintenance, patching, uptime/performance monitoring and continuous speed work are OPERATIONAL services on provisioned hosting infrastructure - not codebase features. The in-app site health checks (WEB-045/048/051/055) and daily publish audits (WEB-052/053) are the platform-side share, and they are Tested."
WEB-050,WEB,MSP Website Platform,Website performance and maintenance,Continuous speed optimization,Feature Inventory,Inventory §3 p.5,Planned,Pending,Pending,Pending,Pending,,"Ongoing maintenance, patching, uptime/performance monitoring and continuous speed work are OPERATIONAL services on provisioned hosting infrastructure - not codebase features. The in-app site health checks (WEB-045/048/051/055) and daily publish audits (WEB-052/053) are the platform-side share, and they are Tested."
WEB-051,WEB,MSP Website Platform,Website performance and maintenance,Continuous conversion optimization,Feature Inventory,Inventory §3 p.5,Tested,Done,Done,Done,Pending,,"SiteHealthService scores every page from its real content - meta title, meta description length, headline, visible sections, a call to action, a wired conversion path, third-party proof and published state - and names the FAILING checks; a check with no data fails rather than passing, so a blank page scores near zero instead of looking healthy. Site rollup lists the weakest pages first, which is what makes improvement continuous. Tested."
WEB-052,WEB,MSP Website Platform,Website performance and maintenance,SEO monitoring,Feature Inventory,Inventory §3 p.5,Tested,Yes,Yes,Yes,Yes,,"Publish-audit wiring shipped (Phase 23): publishing a page runs the Stage 7 TechnicalSeoAuditor against its public URL (SSRF-guarded, skipped without blocking when the app URL is not fetchable), and web:audit-published re-audits every published page daily at 04:30 per-tenant - after rank tracking at 04:00, so both the mapped keywords AND the pages themselves are monitored. Tested in WebsitePlatformCloseoutTest."
WEB-053,WEB,MSP Website Platform,Website performance and maintenance,Ranking monitoring,Feature Inventory,Inventory §3 p.6,Tested,Yes,Yes,Yes,Yes,,"Publish-audit wiring shipped (Phase 23): publishing a page runs the Stage 7 TechnicalSeoAuditor against its public URL (SSRF-guarded, skipped without blocking when the app URL is not fetchable), and web:audit-published re-audits every published page daily at 04:30 per-tenant - after rank tracking at 04:00, so both the mapped keywords AND the pages themselves are monitored. Tested in WebsitePlatformCloseoutTest."
WEB-054,WEB,MSP Website Platform,Website performance and maintenance,User-behavior monitoring,Feature Inventory,Inventory §3 p.6,Planned,Pending,Pending,Pending,Pending,,"User-behaviour MONITORING has the same provider dependency as WEB-036; the platform's own monitoring covers visits, conversions, experiments, health and SEO audits. Stays Planned pending a provider decision."
WEB-055,WEB,MSP Website Platform,Website performance and maintenance,Continuous website improvement,Feature Inventory,Inventory §3 p.6,Tested,Done,Done,Done,Pending,,"SiteHealthService scores every page from its real content - meta title, meta description length, headline, visible sections, a call to action, a wired conversion path, third-party proof and published state - and names the FAILING checks; a check with no data fails rather than passing, so a blank page scores near zero instead of looking healthy. Site rollup lists the weakest pages first, which is what makes improvement continuous. Tested."
TSEO-001,TSEO,Technical SEO,,Full technical SEO audit,Feature Inventory,Inventory §4 p.6,Tested,Done,Done,Done,Done,,Real on-page auditor (Http fetch + DOMDocument): title/meta/H1/subheadings/URL/canonical/robots-meta/viewport/img-alt/JSON-LD/OG/lang/HTTPS/word-count -> weighted score + issues; audit history. Schema via SchemaGenerator. 27 SEO tests. Stage 7.
TSEO-002,TSEO,Technical SEO,,Website crawling,Feature Inventory,Inventory §4 p.6,Tested,Done,Done,Done,Pending,,"Multi-page crawl: SiteCrawler bounded same-host BFS (20 pages), SSRF-guarded per URL, robots/sitemap-aware, persisted site_crawls report. TechnicalSeoCrawlTest. Phase 11."
TSEO-003,TSEO,Technical SEO,,Indexation analysis,Feature Inventory,Inventory §4 p.6,Tested,Done,Done,Done,Pending,,Indexation analysis: per-page noindex + cross-URL canonical findings in crawl report. Phase 11.
TSEO-004,TSEO,Technical SEO,,Crawlability optimization,Feature Inventory,Inventory §4 p.6,Tested,Done,Done,Done,Pending,,"Crawlability: crawled URLs matched against robots.txt disallows -> ""linked but blocked"" findings. Phase 11."
TSEO-005,TSEO,Technical SEO,,Metadata optimization,Feature Inventory,Inventory §4 p.6,Tested,Done,Done,Done,Done,,Real on-page auditor (Http fetch + DOMDocument): title/meta/H1/subheadings/URL/canonical/robots-meta/viewport/img-alt/JSON-LD/OG/lang/HTTPS/word-count -> weighted score + issues; audit history. Schema via SchemaGenerator. 27 SEO tests. Stage 7.
TSEO-006,TSEO,Technical SEO,,Title-tag optimization,Feature Inventory,Inventory §4 p.6,Tested,Done,Done,Done,Done,,Real on-page auditor (Http fetch + DOMDocument): title/meta/H1/subheadings/URL/canonical/robots-meta/viewport/img-alt/JSON-LD/OG/lang/HTTPS/word-count -> weighted score + issues; audit history. Schema via SchemaGenerator. 27 SEO tests. Stage 7.
TSEO-007,TSEO,Technical SEO,,Meta-description optimization,Feature Inventory,Inventory §4 p.6,Tested,Done,Done,Done,Done,,Real on-page auditor (Http fetch + DOMDocument): title/meta/H1/subheadings/URL/canonical/robots-meta/viewport/img-alt/JSON-LD/OG/lang/HTTPS/word-count -> weighted score + issues; audit history. Schema via SchemaGenerator. 27 SEO tests. Stage 7.
TSEO-008,TSEO,Technical SEO,,Heading optimization,Feature Inventory,Inventory §4 p.6,Tested,Done,Done,Done,Done,,Real on-page auditor (Http fetch + DOMDocument): title/meta/H1/subheadings/URL/canonical/robots-meta/viewport/img-alt/JSON-LD/OG/lang/HTTPS/word-count -> weighted score + issues; audit history. Schema via SchemaGenerator. 27 SEO tests. Stage 7.
TSEO-009,TSEO,Technical SEO,,URL optimization,Feature Inventory,Inventory §4 p.6,Tested,Done,Done,Done,Done,,Real on-page auditor (Http fetch + DOMDocument): title/meta/H1/subheadings/URL/canonical/robots-meta/viewport/img-alt/JSON-LD/OG/lang/HTTPS/word-count -> weighted score + issues; audit history. Schema via SchemaGenerator. 27 SEO tests. Stage 7.
TSEO-010,TSEO,Technical SEO,,Internal linking,Feature Inventory,Inventory §4 p.6,Tested,Done,Done,Done,Pending,,"Internal linking: per-page inlink/outlink counts, sitemap-only orphans, dead ends. Phase 11."
TSEO-011,TSEO,Technical SEO,,Schema markup,Feature Inventory,Inventory §4 p.6,Tested,Done,Done,Done,Done,,Real on-page auditor (Http fetch + DOMDocument): title/meta/H1/subheadings/URL/canonical/robots-meta/viewport/img-alt/JSON-LD/OG/lang/HTTPS/word-count -> weighted score + issues; audit history. Schema via SchemaGenerator. 27 SEO tests. Stage 7.
TSEO-012,TSEO,Technical SEO,,Structured data,Feature Inventory,Inventory §4 p.6,Tested,Done,Done,Done,Done,,Real on-page auditor (Http fetch + DOMDocument): title/meta/H1/subheadings/URL/canonical/robots-meta/viewport/img-alt/JSON-LD/OG/lang/HTTPS/word-count -> weighted score + issues; audit history. Schema via SchemaGenerator. 27 SEO tests. Stage 7.
TSEO-013,TSEO,Technical SEO,,XML sitemap management,Feature Inventory,Inventory §4 p.6,Tested,Done,Done,Done,Pending,,"Sitemap management: sitemap.xml fetched, URLs join the crawl queue, crawlable pages missing from sitemap flagged. Phase 11."
TSEO-014,TSEO,Technical SEO,,Robots.txt optimization,Feature Inventory,Inventory §4 p.6,Tested,Done,Done,Done,Pending,,"robots.txt: fetched + parsed (UA * disallows, Sitemap lines); missing file / blanket disallow / missing sitemap line flagged. Phase 11."
TSEO-015,TSEO,Technical SEO,,Canonicalization,Feature Inventory,Inventory §4 p.6,Tested,Done,Done,Done,Done,,Real on-page auditor (Http fetch + DOMDocument): title/meta/H1/subheadings/URL/canonical/robots-meta/viewport/img-alt/JSON-LD/OG/lang/HTTPS/word-count -> weighted score + issues; audit history. Schema via SchemaGenerator. 27 SEO tests. Stage 7.
TSEO-016,TSEO,Technical SEO,,Duplicate-content remediation,Feature Inventory,Inventory §4 p.6,Tested,Done,Done,Done,Pending,,"Duplicate content: duplicate titles, descriptions, and identical body-content hashes grouped with canonicalize advice. Phase 11."
TSEO-017,TSEO,Technical SEO,,Broken-link remediation,Feature Inventory,Inventory §4 p.6,Tested,Done,Done,Done,Pending,,Broken links: internal links to 4xx/5xx/unfetchable targets reported with linking sources; bounded to the crawl budget (honest scope). Phase 11.
TSEO-018,TSEO,Technical SEO,,Redirect management,Feature Inventory,Inventory §4 p.6,Tested,Done,Done,Done,Pending,,"Redirects: redirect map, multi-hop chains with hop counts, loop detection. Phase 11."
TSEO-019,TSEO,Technical SEO,,Core Web Vitals optimization,Feature Inventory,Inventory §4 p.6,Planned,Pending,Pending,Pending,Pending,,"Broken-link crawl at scale, Core Web Vitals + site-speed need PageSpeed/crawler APIs; site-architecture viz later."
TSEO-020,TSEO,Technical SEO,,Mobile SEO,Feature Inventory,Inventory §4 p.6,Tested,Done,Done,Done,Done,,Real on-page auditor (Http fetch + DOMDocument): title/meta/H1/subheadings/URL/canonical/robots-meta/viewport/img-alt/JSON-LD/OG/lang/HTTPS/word-count -> weighted score + issues; audit history. Schema via SchemaGenerator. 27 SEO tests. Stage 7.
TSEO-021,TSEO,Technical SEO,,Site-speed SEO,Feature Inventory,Inventory §4 p.6,Tested,Done,Done,Done,Pending,,Speed heuristics: HTML weight per page flagged over 150KB; report states CWV needs field data (TSEO-019 stays Planned). Phase 11.
TSEO-022,TSEO,Technical SEO,,Site architecture optimization,Feature Inventory,Inventory §4 p.6,Tested,Done,Done,Done,Pending,,"Architecture: click-depth per page from BFS, depth histogram, pages deeper than 3 clicks flagged. Phase 11."
TSEO-023,TSEO,Technical SEO,,Search Console monitoring,Feature Inventory,Inventory §4 p.6,Planned,Pending,Pending,Pending,Pending,,Search Console monitoring via INTG GSC connector; penalty audit/recovery + backlink-profile audit need external link data (Ahrefs/GSC). ADR-0005.
TSEO-024,TSEO,Technical SEO,,SEO penalty auditing,Feature Inventory,Inventory §4 p.6,Planned,Pending,Pending,Pending,Pending,,Search Console monitoring via INTG GSC connector; penalty audit/recovery + backlink-profile audit need external link data (Ahrefs/GSC). ADR-0005.
TSEO-025,TSEO,Technical SEO,,SEO penalty recovery,Feature Inventory,Inventory §4 p.6,Planned,Pending,Pending,Pending,Pending,,Search Console monitoring via INTG GSC connector; penalty audit/recovery + backlink-profile audit need external link data (Ahrefs/GSC). ADR-0005.
TSEO-026,TSEO,Technical SEO,,Backlink-profile auditing,Feature Inventory,Inventory §4 p.6,Planned,Pending,Pending,Pending,Pending,,Search Console monitoring via INTG GSC connector; penalty audit/recovery + backlink-profile audit need external link data (Ahrefs/GSC). ADR-0005.
TSEO-027,TSEO,Technical SEO,,Technical issue monitoring,Feature Inventory,Inventory §4 p.6,Tested,Done,Done,Done,Done,,Real on-page auditor (Http fetch + DOMDocument): title/meta/H1/subheadings/URL/canonical/robots-meta/viewport/img-alt/JSON-LD/OG/lang/HTTPS/word-count -> weighted score + issues; audit history. Schema via SchemaGenerator. 27 SEO tests. Stage 7.
KSEO-001,KSEO,MSP Keyword SEO,,MSP keyword research,Feature Inventory,Inventory §5 p.6,Tested,Done,Done,tests/Feature/Qa/MspKeywordLibraryTest.php,Pending,,"Curated MSP research library (MspKeywordLibrary) seeds typed, intent-classified keywords - volumes/difficulty never invented (null until a data provider), seeds arrive untracked for review, geo variants across the tenant's own markets. This IS the product's MSP keyword research for the niche: ~50 curated entries across all buying stages, one click, idempotent."
KSEO-002,KSEO,MSP Keyword SEO,,Buyer-intent keyword research,Feature Inventory,Inventory §5 p.6,Tested,Done,Done,tests/Feature/Qa/MspKeywordLibraryTest.php,Pending,,"Curated MSP research library (MspKeywordLibrary) seeds typed, intent-classified keywords - volumes/difficulty never invented (null until a data provider), seeds arrive untracked for review, geo variants across the tenant's own markets. Buyer-intent research: commercial + transactional classification on every entry, filterable; bottom-funnel set is transactional by contract (pinned)."
KSEO-003,KSEO,MSP Keyword SEO,,Commercial keyword targeting,Feature Inventory,Inventory §5 p.6,Tested,Done,Done,tests/Feature/Qa/MspKeywordLibraryTest.php,Pending,,"Curated MSP research library (MspKeywordLibrary) seeds typed, intent-classified keywords - volumes/difficulty never invented (null until a data provider), seeds arrive untracked for review, geo variants across the tenant's own markets. Commercial targeting: intent=commercial classification captured, filterable in the UI, pinned by test."
KSEO-004,KSEO,MSP Keyword SEO,,Transactional keyword targeting,Feature Inventory,Inventory §5 p.6,Tested,Done,Done,tests/Feature/Qa/MspKeywordLibraryTest.php,Pending,,"Curated MSP research library (MspKeywordLibrary) seeds typed, intent-classified keywords - volumes/difficulty never invented (null until a data provider), seeds arrive untracked for review, geo variants across the tenant's own markets. Transactional targeting: intent=transactional classification captured, filterable, pinned."
KSEO-005,KSEO,MSP Keyword SEO,,Service keywords,Feature Inventory,Inventory §5 p.6,Tested,Done,Done,tests/Feature/Qa/MspKeywordLibraryTest.php,Pending,,"Curated MSP research library (MspKeywordLibrary) seeds typed, intent-classified keywords - volumes/difficulty never invented (null until a data provider), seeds arrive untracked for review, geo variants across the tenant's own markets. Service keyword set (type=service) covering the MSP service catalog."
KSEO-006,KSEO,MSP Keyword SEO,,Industry keywords,Feature Inventory,Inventory §5 p.6,Tested,Done,Done,tests/Feature/Qa/MspKeywordLibraryTest.php,Pending,,"Curated MSP research library (MspKeywordLibrary) seeds typed, intent-classified keywords - volumes/difficulty never invented (null until a data provider), seeds arrive untracked for review, geo variants across the tenant's own markets. Industry keyword set (type=industry): who is buying."
KSEO-007,KSEO,MSP Keyword SEO,,Vertical keywords,Feature Inventory,Inventory §5 p.6,Tested,Done,Done,tests/Feature/Qa/MspKeywordLibraryTest.php,Pending,,"Curated MSP research library (MspKeywordLibrary) seeds typed, intent-classified keywords - volumes/difficulty never invented (null until a data provider), seeds arrive untracked for review, geo variants across the tenant's own markets. Vertical keyword set (type=vertical): regulated niches (HIPAA, CMMC, legal, financial, dental)."
KSEO-008,KSEO,MSP Keyword SEO,,Competitor keywords,Feature Inventory,Inventory §5 p.6,Tested,Done,Done,tests/Feature/Qa/MspKeywordLibraryTest.php,Pending,,"Competitor steal list computed from recorded rankings only: keywords where a tracked competitor's latest position beats ours (or we are unranked), with best competitor + position, on the keywords page. Pinned."
KSEO-009,KSEO,MSP Keyword SEO,,Problem-based searches,Feature Inventory,Inventory §5 p.6,Tested,Done,Done,tests/Feature/Qa/MspKeywordLibraryTest.php,Pending,,"Curated MSP research library (MspKeywordLibrary) seeds typed, intent-classified keywords - volumes/difficulty never invented (null until a data provider), seeds arrive untracked for review, geo variants across the tenant's own markets. Problem-search set (type=problem): pain-phrased queries (ransomware recovery, server crashing, it guy quit)."
KSEO-010,KSEO,MSP Keyword SEO,,Solution-based searches,Feature Inventory,Inventory §5 p.6,Tested,Done,Done,tests/Feature/Qa/MspKeywordLibraryTest.php,Pending,,"Curated MSP research library (MspKeywordLibrary) seeds typed, intent-classified keywords - volumes/difficulty never invented (null until a data provider), seeds arrive untracked for review, geo variants across the tenant's own markets. Solution-search set (type=solution): how buyers name the fix; geo-multiplied."
KSEO-011,KSEO,MSP Keyword SEO,,Long-tail keywords,Feature Inventory,Inventory §5 p.6,Tested,Done,Done,tests/Feature/Qa/MspKeywordLibraryTest.php,Pending,,"Curated MSP research library (MspKeywordLibrary) seeds typed, intent-classified keywords - volumes/difficulty never invented (null until a data provider), seeds arrive untracked for review, geo variants across the tenant's own markets. Long-tail set (type=long_tail): specific buying-context questions."
KSEO-012,KSEO,MSP Keyword SEO,,Bottom-funnel keywords,Feature Inventory,Inventory §5 p.6,Tested,Done,Done,tests/Feature/Qa/MspKeywordLibraryTest.php,Pending,,"Curated MSP research library (MspKeywordLibrary) seeds typed, intent-classified keywords - volumes/difficulty never invented (null until a data provider), seeds arrive untracked for review, geo variants across the tenant's own markets. Bottom-funnel set (type=bottom_funnel, transactional): pricing/quote/near-me/switch phrases; geo-multiplied."
KSEO-013,KSEO,MSP Keyword SEO,,Keyword clustering,Feature Inventory,Inventory §5 p.7,Tested,Done,Done,Done,Pending,,"Keyword inventory: clustering (primary-token heuristic), keyword-to-page mapping, content-gap (unmapped). Stage 7."
KSEO-014,KSEO,MSP Keyword SEO,,Keyword-to-page mapping,Feature Inventory,Inventory §5 p.7,Tested,Done,Done,Done,Pending,,"Keyword inventory: clustering (primary-token heuristic), keyword-to-page mapping, content-gap (unmapped). Stage 7."
KSEO-015,KSEO,MSP Keyword SEO,,Content gap analysis,Feature Inventory,Inventory §5 p.7,Tested,Done,Done,Done,Pending,,"Keyword inventory: clustering (primary-token heuristic), keyword-to-page mapping, content-gap (unmapped). Stage 7."
KSEO-016,KSEO,MSP Keyword SEO,,Ranking tracking,Feature Inventory,Inventory §5 p.7,Tested,Done,Done,Done,Pending,,"Rank tracking via RankProvider (fixture driver tested): history, current position, competitor rank, page-one/top-three flags. Real SERP driver (serpapi) untested-no keys. ADR-0005. Stage 7."
KSEO-017,KSEO,MSP Keyword SEO,,Competitor ranking tracking,Feature Inventory,Inventory §5 p.7,Tested,Done,Done,Done,Pending,,"Rank tracking via RankProvider (fixture driver tested): history, current position, competitor rank, page-one/top-three flags. Real SERP driver (serpapi) untested-no keys. ADR-0005. Stage 7."
KSEO-018,KSEO,MSP Keyword SEO,,Page-one ranking strategy,Feature Inventory,Inventory §5 p.7,Tested,Done,Done,Done,Pending,,"Rank tracking via RankProvider (fixture driver tested): history, current position, competitor rank, page-one/top-three flags. Real SERP driver (serpapi) untested-no keys. ADR-0005. Stage 7."
KSEO-019,KSEO,MSP Keyword SEO,,Top-three ranking strategy,Feature Inventory,Inventory §5 p.7,Tested,Done,Done,Done,Pending,,"Rank tracking via RankProvider (fixture driver tested): history, current position, competitor rank, page-one/top-three flags. Real SERP driver (serpapi) untested-no keys. ADR-0005. Stage 7."
LSEO-001,LSEO,Local SEO,,Google Business Profile optimization,Feature Inventory,Inventory §6 p.7,Planned,Pending,Pending,Pending,Pending,,Needs the Google Business Profile API (external Google account + outbound 443). SeoLocation already stores gbp_place_id for the wiring.
LSEO-002,LSEO,Local SEO,,Local keyword research,Feature Inventory,Inventory §6 p.7,Tested,Done,Done,tests/Feature/Qa/LocalSeoJourneyTest.php,Pending,,Local keywords carry a location; rank checks (manual + daily sweep) pass it to the provider and stamp it on each snapshot - per-market history is real.
LSEO-003,LSEO,Local SEO,,City keyword targeting,Feature Inventory,Inventory §6 p.7,Tested,Done,Done,tests/Feature/Qa/LocalSeoJourneyTest.php,Pending,,"City targeting: keyword location 'City, ST' flows through the whole rank pipeline; pinned by the journey test's city market."
LSEO-004,LSEO,Local SEO,,State and regional targeting,Feature Inventory,Inventory §6 p.7,Tested,Done,Done,tests/Feature/Qa/LocalSeoJourneyTest.php,Pending,,State/regional targeting: same geo pipeline with a state-granularity location; pinned in the journey test.
LSEO-005,LSEO,Local SEO,,Service-area targeting,Feature Inventory,Inventory §6 p.7,Tested,Done,Done,tests/Feature/Qa/LocalSeoJourneyTest.php,Pending,,Service-area targeting: same geo pipeline with a service-area location; pinned in the journey test.
LSEO-006,LSEO,Local SEO,,Location landing pages,Feature Inventory,Inventory §6 p.7,Tested,Done,Done,tests/Feature/Qa/LocalSeoJourneyTest.php,Pending,,"Location landing pages generate as drafts from a branch's NAP data (seo.local.page.create): '{Service} in {City, ST}' with address/phone/service-area baked in, unique slugs, manage-gated."
LSEO-007,LSEO,Local SEO,,City landing pages,Feature Inventory,Inventory §6 p.7,Tested,Done,Done,tests/Feature/Qa/LocalSeoJourneyTest.php,Pending,,City landing pages: the location-page generator keyed on the branch city; content and slug pinned by test.
LSEO-008,LSEO,Local SEO,,Local service pages,Feature Inventory,Inventory §6 p.7,Tested,Done,Done,tests/Feature/Qa/LocalSeoJourneyTest.php,Pending,,Local service pages: the same generator parameterized by service name; multiple services per location produce distinct unique-slug pages.
LSEO-009,LSEO,Local SEO,,Google Maps optimization,Feature Inventory,Inventory §6 p.7,Planned,Pending,Pending,Pending,Pending,,Needs the Google Business Profile API (external Google account + outbound 443). SeoLocation already stores gbp_place_id for the wiring.
LSEO-010,LSEO,Local SEO,,Map Pack optimization,Feature Inventory,Inventory §6 p.7,Planned,Pending,Pending,Pending,Pending,,Needs the Google Business Profile API (external Google account + outbound 443). SeoLocation already stores gbp_place_id for the wiring.
LSEO-011,LSEO,Local SEO,,Local citations,Feature Inventory,Inventory §6 p.7,Tested,Done,Done,Done,Pending,,"Locations (NAP source of truth), citations/listings + NAP consistency checker (normalizes case/punct/suffix/phone), multi-location. 27 SEO tests. Stage 7."
LSEO-012,LSEO,Local SEO,,NAP consistency,Feature Inventory,Inventory §6 p.7,Tested,Done,Done,Done,Pending,,"Locations (NAP source of truth), citations/listings + NAP consistency checker (normalizes case/punct/suffix/phone), multi-location. 27 SEO tests. Stage 7."
LSEO-013,LSEO,Local SEO,,Review optimization,Feature Inventory,Inventory §6 p.7,Planned,Pending,Pending,Pending,Pending,,Reviews belong to the Reputation module (REP); will be closed there. External review-platform data required for live pulls.
LSEO-014,LSEO,Local SEO,,Location-specific content,Feature Inventory,Inventory §6 p.7,Tested,Done,Done,tests/Feature/Qa/LocalSeoJourneyTest.php,Pending,,"Location-specific content: generated pages embed city, region, NAP and service-area copy; reviewed as drafts before publishing at /p/{slug}."
LSEO-015,LSEO,Local SEO,,Local backlinks,Feature Inventory,Inventory §6 p.7,Planned,Pending,Pending,Pending,Pending,,Local backlink acquisition is tracked via Content Outreach placements; automated local link-profile data needs an external link-data provider.
LSEO-016,LSEO,Local SEO,,Local authority building,Feature Inventory,Inventory §6 p.7,Planned,Pending,Pending,Pending,Pending,,Local authority building rides on outreach + citations (both live); external authority metrics need a link-data provider.
LSEO-017,LSEO,Local SEO,,Hyperlocal SEO,Feature Inventory,Inventory §6 p.7,Tested,Done,Done,tests/Feature/Qa/LocalSeoJourneyTest.php,Pending,,"Hyperlocal: identical geo pipeline at neighborhood granularity ('Center City, Philadelphia' market pinned in the journey test)."
LSEO-018,LSEO,Local SEO,,Multi-location SEO,Feature Inventory,Inventory §6 p.7,Tested,Done,Done,Done,Pending,,"Locations (NAP source of truth), citations/listings + NAP consistency checker (normalizes case/punct/suffix/phone), multi-location. 27 SEO tests. Stage 7."
LSEO-019,LSEO,Local SEO,,Franchise-location SEO,Feature Inventory,Inventory §6 p.7,Tested,Done,Done,Done,Pending,,"Locations (NAP source of truth), citations/listings + NAP consistency checker (normalizes case/punct/suffix/phone), multi-location. 27 SEO tests. Stage 7."
LSEO-020,LSEO,Local SEO,,Multi-market campaigns,Feature Inventory,Inventory §6 p.7,Tested,Done,Done,tests/Feature/Qa/LocalSeoJourneyTest.php,Pending,,Multi-market campaigns: per-market funnels composed from that market's location pages; funnel assets round-trip pinned by test.
LSEO-021,LSEO,Local SEO,,Geo-specific funnels,Feature Inventory,Inventory §6 p.7,Tested,Done,Done,tests/Feature/Qa/LocalSeoJourneyTest.php,Pending,,Geo-specific funnels: a funnel per market with the market's landing page attached as a stage asset; cumulative conversion math applies per funnel.
LSEO-022,LSEO,Local SEO,,Local rank tracking,Feature Inventory,Inventory §6 p.7,Tested,Done,Done,tests/Feature/Qa/LocalSeoJourneyTest.php,Pending,,Local rank tracking: keyword.location rides through seo:track-rankings for own + competitor checks; snapshot stores location + provider provenance (fixture vs live self-describing).
CONT-001,CONT,Content Marketing,Written and authority content,Blog articles,Feature Inventory,Inventory §7 p.7,Tested,Done,Done,Done,Pending,,Content hub: pieces of all types (blog/service/location/case-study/whitepaper/ebook/guide/checklist/pillar/video/podcast) + funnel stage + lead magnets + editorial workflow (idea->draft->review->approved->published->archived) + content clusters (pillar) + keyword mapping + optimization scoring (SEO/CTA/internal-link/depth). 21 content tests. Stage 9.
CONT-002,CONT,Content Marketing,Written and authority content,Service pages,Feature Inventory,Inventory §7 p.7,Tested,Done,Done,Done,Pending,,Content hub: pieces of all types (blog/service/location/case-study/whitepaper/ebook/guide/checklist/pillar/video/podcast) + funnel stage + lead magnets + editorial workflow (idea->draft->review->approved->published->archived) + content clusters (pillar) + keyword mapping + optimization scoring (SEO/CTA/internal-link/depth). 21 content tests. Stage 9.
CONT-003,CONT,Content Marketing,Written and authority content,Location pages,Feature Inventory,Inventory §7 p.7,Tested,Done,Done,Done,Pending,,Content hub: pieces of all types (blog/service/location/case-study/whitepaper/ebook/guide/checklist/pillar/video/podcast) + funnel stage + lead magnets + editorial workflow (idea->draft->review->approved->published->archived) + content clusters (pillar) + keyword mapping + optimization scoring (SEO/CTA/internal-link/depth). 21 content tests. Stage 9.
CONT-004,CONT,Content Marketing,Written and authority content,Industry pages,Feature Inventory,Inventory §7 p.7,Tested,Done,Done,Done,Pending,,Content hub: pieces of all types (blog/service/location/case-study/whitepaper/ebook/guide/checklist/pillar/video/podcast) + funnel stage + lead magnets + editorial workflow (idea->draft->review->approved->published->archived) + content clusters (pillar) + keyword mapping + optimization scoring (SEO/CTA/internal-link/depth). 21 content tests. Stage 9.
CONT-005,CONT,Content Marketing,Written and authority content,Vertical pages,Feature Inventory,Inventory §7 p.7,Tested,Done,Done,Done,Pending,,Content hub: pieces of all types (blog/service/location/case-study/whitepaper/ebook/guide/checklist/pillar/video/podcast) + funnel stage + lead magnets + editorial workflow (idea->draft->review->approved->published->archived) + content clusters (pillar) + keyword mapping + optimization scoring (SEO/CTA/internal-link/depth). 21 content tests. Stage 9.
CONT-006,CONT,Content Marketing,Written and authority content,Comparison pages,Feature Inventory,Inventory §7 p.7,Tested,Done,Done,Done,Pending,,Content hub: pieces of all types (blog/service/location/case-study/whitepaper/ebook/guide/checklist/pillar/video/podcast) + funnel stage + lead magnets + editorial workflow (idea->draft->review->approved->published->archived) + content clusters (pillar) + keyword mapping + optimization scoring (SEO/CTA/internal-link/depth). 21 content tests. Stage 9.
CONT-007,CONT,Content Marketing,Written and authority content,Solution pages,Feature Inventory,Inventory §7 p.7,Tested,Done,Done,Done,Pending,,Content hub: pieces of all types (blog/service/location/case-study/whitepaper/ebook/guide/checklist/pillar/video/podcast) + funnel stage + lead magnets + editorial workflow (idea->draft->review->approved->published->archived) + content clusters (pillar) + keyword mapping + optimization scoring (SEO/CTA/internal-link/depth). 21 content tests. Stage 9.
CONT-008,CONT,Content Marketing,Written and authority content,Use-case pages,Feature Inventory,Inventory §7 p.7,Tested,Done,Done,Done,Pending,,Content hub: pieces of all types (blog/service/location/case-study/whitepaper/ebook/guide/checklist/pillar/video/podcast) + funnel stage + lead magnets + editorial workflow (idea->draft->review->approved->published->archived) + content clusters (pillar) + keyword mapping + optimization scoring (SEO/CTA/internal-link/depth). 21 content tests. Stage 9.
CONT-009,CONT,Content Marketing,Written and authority content,FAQ pages,Feature Inventory,Inventory §7 p.7,Tested,Done,Done,Done,Pending,,Content hub: pieces of all types (blog/service/location/case-study/whitepaper/ebook/guide/checklist/pillar/video/podcast) + funnel stage + lead magnets + editorial workflow (idea->draft->review->approved->published->archived) + content clusters (pillar) + keyword mapping + optimization scoring (SEO/CTA/internal-link/depth). 21 content tests. Stage 9.
CONT-010,CONT,Content Marketing,Written and authority content,Thought-leadership articles,Feature Inventory,Inventory §7 p.7,Tested,Done,Done,Done,Pending,,Content hub: pieces of all types (blog/service/location/case-study/whitepaper/ebook/guide/checklist/pillar/video/podcast) + funnel stage + lead magnets + editorial workflow (idea->draft->review->approved->published->archived) + content clusters (pillar) + keyword mapping + optimization scoring (SEO/CTA/internal-link/depth). 21 content tests. Stage 9.
CONT-011,CONT,Content Marketing,Written and authority content,Case studies,Feature Inventory,Inventory §7 p.7,Tested,Done,Done,Done,Pending,,Content hub: pieces of all types (blog/service/location/case-study/whitepaper/ebook/guide/checklist/pillar/video/podcast) + funnel stage + lead magnets + editorial workflow (idea->draft->review->approved->published->archived) + content clusters (pillar) + keyword mapping + optimization scoring (SEO/CTA/internal-link/depth). 21 content tests. Stage 9.
CONT-012,CONT,Content Marketing,Written and authority content,Customer success stories,Feature Inventory,Inventory §7 p.7,Tested,Done,Done,Done,Pending,,Content hub: pieces of all types (blog/service/location/case-study/whitepaper/ebook/guide/checklist/pillar/video/podcast) + funnel stage + lead magnets + editorial workflow (idea->draft->review->approved->published->archived) + content clusters (pillar) + keyword mapping + optimization scoring (SEO/CTA/internal-link/depth). 21 content tests. Stage 9.
CONT-013,CONT,Content Marketing,Written and authority content,Whitepapers,Feature Inventory,Inventory §7 p.7,Tested,Done,Done,Done,Pending,,Content hub: pieces of all types (blog/service/location/case-study/whitepaper/ebook/guide/checklist/pillar/video/podcast) + funnel stage + lead magnets + editorial workflow (idea->draft->review->approved->published->archived) + content clusters (pillar) + keyword mapping + optimization scoring (SEO/CTA/internal-link/depth). 21 content tests. Stage 9.
CONT-014,CONT,Content Marketing,Written and authority content,E-books,Feature Inventory,Inventory §7 p.8,Tested,Done,Done,Done,Pending,,Content hub: pieces of all types (blog/service/location/case-study/whitepaper/ebook/guide/checklist/pillar/video/podcast) + funnel stage + lead magnets + editorial workflow (idea->draft->review->approved->published->archived) + content clusters (pillar) + keyword mapping + optimization scoring (SEO/CTA/internal-link/depth). 21 content tests. Stage 9.
CONT-015,CONT,Content Marketing,Written and authority content,Guides,Feature Inventory,Inventory §7 p.8,Tested,Done,Done,Done,Pending,,Content hub: pieces of all types (blog/service/location/case-study/whitepaper/ebook/guide/checklist/pillar/video/podcast) + funnel stage + lead magnets + editorial workflow (idea->draft->review->approved->published->archived) + content clusters (pillar) + keyword mapping + optimization scoring (SEO/CTA/internal-link/depth). 21 content tests. Stage 9.
CONT-016,CONT,Content Marketing,Written and authority content,Checklists,Feature Inventory,Inventory §7 p.8,Tested,Done,Done,Done,Pending,,Content hub: pieces of all types (blog/service/location/case-study/whitepaper/ebook/guide/checklist/pillar/video/podcast) + funnel stage + lead magnets + editorial workflow (idea->draft->review->approved->published->archived) + content clusters (pillar) + keyword mapping + optimization scoring (SEO/CTA/internal-link/depth). 21 content tests. Stage 9.
CONT-017,CONT,Content Marketing,Written and authority content,Tip sheets,Feature Inventory,Inventory §7 p.8,Tested,Done,Done,Done,Pending,,Content hub: pieces of all types (blog/service/location/case-study/whitepaper/ebook/guide/checklist/pillar/video/podcast) + funnel stage + lead magnets + editorial workflow (idea->draft->review->approved->published->archived) + content clusters (pillar) + keyword mapping + optimization scoring (SEO/CTA/internal-link/depth). 21 content tests. Stage 9.
CONT-018,CONT,Content Marketing,Written and authority content,Reports,Feature Inventory,Inventory §7 p.8,Tested,Done,Done,Done,Pending,,Content hub: pieces of all types (blog/service/location/case-study/whitepaper/ebook/guide/checklist/pillar/video/podcast) + funnel stage + lead magnets + editorial workflow (idea->draft->review->approved->published->archived) + content clusters (pillar) + keyword mapping + optimization scoring (SEO/CTA/internal-link/depth). 21 content tests. Stage 9.
CONT-019,CONT,Content Marketing,Written and authority content,Research content,Feature Inventory,Inventory §7 p.8,Tested,Done,Done,Done,Pending,,Content hub: pieces of all types (blog/service/location/case-study/whitepaper/ebook/guide/checklist/pillar/video/podcast) + funnel stage + lead magnets + editorial workflow (idea->draft->review->approved->published->archived) + content clusters (pillar) + keyword mapping + optimization scoring (SEO/CTA/internal-link/depth). 21 content tests. Stage 9.
CONT-020,CONT,Content Marketing,Written and authority content,Statistics content,Feature Inventory,Inventory §7 p.8,Tested,Done,Done,Done,Pending,,Content hub: pieces of all types (blog/service/location/case-study/whitepaper/ebook/guide/checklist/pillar/video/podcast) + funnel stage + lead magnets + editorial workflow (idea->draft->review->approved->published->archived) + content clusters (pillar) + keyword mapping + optimization scoring (SEO/CTA/internal-link/depth). 21 content tests. Stage 9.
CONT-021,CONT,Content Marketing,Written and authority content,Pillar pages,Feature Inventory,Inventory §7 p.8,Tested,Done,Done,Done,Pending,,Content hub: pieces of all types (blog/service/location/case-study/whitepaper/ebook/guide/checklist/pillar/video/podcast) + funnel stage + lead magnets + editorial workflow (idea->draft->review->approved->published->archived) + content clusters (pillar) + keyword mapping + optimization scoring (SEO/CTA/internal-link/depth). 21 content tests. Stage 9.
CONT-022,CONT,Content Marketing,Written and authority content,Content clusters,Feature Inventory,Inventory §7 p.8,Tested,Done,Done,Done,Pending,,Content hub: pieces of all types (blog/service/location/case-study/whitepaper/ebook/guide/checklist/pillar/video/podcast) + funnel stage + lead magnets + editorial workflow (idea->draft->review->approved->published->archived) + content clusters (pillar) + keyword mapping + optimization scoring (SEO/CTA/internal-link/depth). 21 content tests. Stage 9.
CONT-023,CONT,Content Marketing,Funnel content,Top-of-funnel content,Feature Inventory,Inventory §7 p.8,Tested,Done,Done,Done,Pending,,Content hub: pieces of all types (blog/service/location/case-study/whitepaper/ebook/guide/checklist/pillar/video/podcast) + funnel stage + lead magnets + editorial workflow (idea->draft->review->approved->published->archived) + content clusters (pillar) + keyword mapping + optimization scoring (SEO/CTA/internal-link/depth). 21 content tests. Stage 9.
CONT-024,CONT,Content Marketing,Funnel content,Middle-of-funnel content,Feature Inventory,Inventory §7 p.8,Tested,Done,Done,Done,Pending,,Content hub: pieces of all types (blog/service/location/case-study/whitepaper/ebook/guide/checklist/pillar/video/podcast) + funnel stage + lead magnets + editorial workflow (idea->draft->review->approved->published->archived) + content clusters (pillar) + keyword mapping + optimization scoring (SEO/CTA/internal-link/depth). 21 content tests. Stage 9.
CONT-025,CONT,Content Marketing,Funnel content,Bottom-of-funnel content,Feature Inventory,Inventory §7 p.8,Tested,Done,Done,Done,Pending,,Content hub: pieces of all types (blog/service/location/case-study/whitepaper/ebook/guide/checklist/pillar/video/podcast) + funnel stage + lead magnets + editorial workflow (idea->draft->review->approved->published->archived) + content clusters (pillar) + keyword mapping + optimization scoring (SEO/CTA/internal-link/depth). 21 content tests. Stage 9.
CONT-026,CONT,Content Marketing,Funnel content,Lead magnets,Feature Inventory,Inventory §7 p.8,Tested,Done,Done,Done,Pending,,Content hub: pieces of all types (blog/service/location/case-study/whitepaper/ebook/guide/checklist/pillar/video/podcast) + funnel stage + lead magnets + editorial workflow (idea->draft->review->approved->published->archived) + content clusters (pillar) + keyword mapping + optimization scoring (SEO/CTA/internal-link/depth). 21 content tests. Stage 9.
CONT-027,CONT,Content Marketing,Funnel content,Downloadable assets,Feature Inventory,Inventory §7 p.8,Tested,Done,Done,Done,Pending,,Content hub: pieces of all types (blog/service/location/case-study/whitepaper/ebook/guide/checklist/pillar/video/podcast) + funnel stage + lead magnets + editorial workflow (idea->draft->review->approved->published->archived) + content clusters (pillar) + keyword mapping + optimization scoring (SEO/CTA/internal-link/depth). 21 content tests. Stage 9.
CONT-028,CONT,Content Marketing,Funnel content,Consultation offers,Feature Inventory,Inventory §7 p.8,Tested,Done,Done,Done,Pending,,Content hub: pieces of all types (blog/service/location/case-study/whitepaper/ebook/guide/checklist/pillar/video/podcast) + funnel stage + lead magnets + editorial workflow (idea->draft->review->approved->published->archived) + content clusters (pillar) + keyword mapping + optimization scoring (SEO/CTA/internal-link/depth). 21 content tests. Stage 9.
CONT-029,CONT,Content Marketing,Funnel content,Assessment offers,Feature Inventory,Inventory §7 p.8,Tested,Done,Done,Done,Pending,,Content hub: pieces of all types (blog/service/location/case-study/whitepaper/ebook/guide/checklist/pillar/video/podcast) + funnel stage + lead magnets + editorial workflow (idea->draft->review->approved->published->archived) + content clusters (pillar) + keyword mapping + optimization scoring (SEO/CTA/internal-link/depth). 21 content tests. Stage 9.
CONT-030,CONT,Content Marketing,Funnel content,ROI assets,Feature Inventory,Inventory §7 p.8,Tested,Done,Done,Done,Pending,,Content hub: pieces of all types (blog/service/location/case-study/whitepaper/ebook/guide/checklist/pillar/video/podcast) + funnel stage + lead magnets + editorial workflow (idea->draft->review->approved->published->archived) + content clusters (pillar) + keyword mapping + optimization scoring (SEO/CTA/internal-link/depth). 21 content tests. Stage 9.
CONT-031,CONT,Content Marketing,Funnel content,Conversion content,Feature Inventory,Inventory §7 p.8,Tested,Done,Done,Done,Pending,,Content hub: pieces of all types (blog/service/location/case-study/whitepaper/ebook/guide/checklist/pillar/video/podcast) + funnel stage + lead magnets + editorial workflow (idea->draft->review->approved->published->archived) + content clusters (pillar) + keyword mapping + optimization scoring (SEO/CTA/internal-link/depth). 21 content tests. Stage 9.
CONT-032,CONT,Content Marketing,Content optimization,SEO copywriting,Feature Inventory,Inventory §7 p.8,Tested,Done,Done,Done,Pending,,Content hub: pieces of all types (blog/service/location/case-study/whitepaper/ebook/guide/checklist/pillar/video/podcast) + funnel stage + lead magnets + editorial workflow (idea->draft->review->approved->published->archived) + content clusters (pillar) + keyword mapping + optimization scoring (SEO/CTA/internal-link/depth). 21 content tests. Stage 9.
CONT-033,CONT,Content Marketing,Content optimization,Conversion copywriting,Feature Inventory,Inventory §7 p.8,Partially Implemented,Done,Pending,Done,Pending,,Platform hosts + tracks + scores the pieces; conversion/technical copywriting + refresh/expansion are human execution guided by the optimization score. Stage 9.
CONT-034,CONT,Content Marketing,Content optimization,MSP-specific technical writing,Feature Inventory,Inventory §7 p.8,Partially Implemented,Done,Pending,Done,Pending,,Platform hosts + tracks + scores the pieces; conversion/technical copywriting + refresh/expansion are human execution guided by the optimization score. Stage 9.
CONT-035,CONT,Content Marketing,Content optimization,Content refreshing,Feature Inventory,Inventory §7 p.8,Partially Implemented,Done,Pending,Done,Pending,,Platform hosts + tracks + scores the pieces; conversion/technical copywriting + refresh/expansion are human execution guided by the optimization score. Stage 9.
CONT-036,CONT,Content Marketing,Content optimization,Content expansion,Feature Inventory,Inventory §7 p.8,Partially Implemented,Done,Pending,Done,Pending,,Platform hosts + tracks + scores the pieces; conversion/technical copywriting + refresh/expansion are human execution guided by the optimization score. Stage 9.
CONT-037,CONT,Content Marketing,Content optimization,Keyword optimization,Feature Inventory,Inventory §7 p.8,Tested,Done,Done,Done,Pending,,Content hub: pieces of all types (blog/service/location/case-study/whitepaper/ebook/guide/checklist/pillar/video/podcast) + funnel stage + lead magnets + editorial workflow (idea->draft->review->approved->published->archived) + content clusters (pillar) + keyword mapping + optimization scoring (SEO/CTA/internal-link/depth). 21 content tests. Stage 9.
CONT-038,CONT,Content Marketing,Content optimization,Internal linking,Feature Inventory,Inventory §7 p.8,Tested,Done,Done,Done,Pending,,Content hub: pieces of all types (blog/service/location/case-study/whitepaper/ebook/guide/checklist/pillar/video/podcast) + funnel stage + lead magnets + editorial workflow (idea->draft->review->approved->published->archived) + content clusters (pillar) + keyword mapping + optimization scoring (SEO/CTA/internal-link/depth). 21 content tests. Stage 9.
CONT-039,CONT,Content Marketing,Content optimization,CTA optimization,Feature Inventory,Inventory §7 p.8,Tested,Done,Done,Done,Pending,,Content hub: pieces of all types (blog/service/location/case-study/whitepaper/ebook/guide/checklist/pillar/video/podcast) + funnel stage + lead magnets + editorial workflow (idea->draft->review->approved->published->archived) + content clusters (pillar) + keyword mapping + optimization scoring (SEO/CTA/internal-link/depth). 21 content tests. Stage 9.
CONT-040,CONT,Content Marketing,Content optimization,Funnel mapping,Feature Inventory,Inventory §7 p.8,Tested,Done,Done,Done,Pending,,Content hub: pieces of all types (blog/service/location/case-study/whitepaper/ebook/guide/checklist/pillar/video/podcast) + funnel stage + lead magnets + editorial workflow (idea->draft->review->approved->published->archived) + content clusters (pillar) + keyword mapping + optimization scoring (SEO/CTA/internal-link/depth). 21 content tests. Stage 9.
AEO-001,AEO,AEO - Answer Engine Optimization,,Question research,Feature Inventory,Inventory §8 p.8,Partially Implemented,Done,Pending,Done,Pending,,Question inventory + readiness/schema heuristics done; featured-snippet/entity/conversational optimization + AI-Overview optimization guidance expand with content + live AI data. Stage 7.
AEO-002,AEO,AEO - Answer Engine Optimization,,Answer-first content,Feature Inventory,Inventory §8 p.8,Tested,Done,Done,Done,Pending,,"Answer-first/FAQ/structured-answer/machine-readable readiness scored by ContentReadinessScorer (semantic HTML, JSON-LD, headings, Q&A blocks, lists, depth). Stage 7."
AEO-003,AEO,AEO - Answer Engine Optimization,,FAQ optimization,Feature Inventory,Inventory §8 p.8,Tested,Done,Done,Done,Pending,,"Answer-first/FAQ/structured-answer/machine-readable readiness scored by ContentReadinessScorer (semantic HTML, JSON-LD, headings, Q&A blocks, lists, depth). Stage 7."
AEO-004,AEO,AEO - Answer Engine Optimization,,Featured-snippet targeting,Feature Inventory,Inventory §8 p.8,Partially Implemented,Done,Pending,Done,Pending,,Question inventory + readiness/schema heuristics done; featured-snippet/entity/conversational optimization + AI-Overview optimization guidance expand with content + live AI data. Stage 7.
AEO-005,AEO,AEO - Answer Engine Optimization,,Direct-answer optimization,Feature Inventory,Inventory §8 p.8,Tested,Done,Done,Done,Pending,,"Answer-first/FAQ/structured-answer/machine-readable readiness scored by ContentReadinessScorer (semantic HTML, JSON-LD, headings, Q&A blocks, lists, depth). Stage 7."
AEO-006,AEO,AEO - Answer Engine Optimization,,Conversational query optimization,Feature Inventory,Inventory §8 p.8,Partially Implemented,Done,Pending,Done,Pending,,Question inventory + readiness/schema heuristics done; featured-snippet/entity/conversational optimization + AI-Overview optimization guidance expand with content + live AI data. Stage 7.
AEO-007,AEO,AEO - Answer Engine Optimization,,Entity optimization,Feature Inventory,Inventory §8 p.8,Partially Implemented,Done,Pending,Done,Pending,,Question inventory + readiness/schema heuristics done; featured-snippet/entity/conversational optimization + AI-Overview optimization guidance expand with content + live AI data. Stage 7.
AEO-008,AEO,AEO - Answer Engine Optimization,,Structured answers,Feature Inventory,Inventory §8 p.8,Tested,Done,Done,Done,Pending,,"Answer-first/FAQ/structured-answer/machine-readable readiness scored by ContentReadinessScorer (semantic HTML, JSON-LD, headings, Q&A blocks, lists, depth). Stage 7."
AEO-009,AEO,AEO - Answer Engine Optimization,,Definition content,Feature Inventory,Inventory §8 p.8,Tested,Done,Done,Done,Pending,,"Answer-first/FAQ/structured-answer/machine-readable readiness scored by ContentReadinessScorer (semantic HTML, JSON-LD, headings, Q&A blocks, lists, depth). Stage 7."
AEO-010,AEO,AEO - Answer Engine Optimization,,FAQ schema,Feature Inventory,Inventory §8 p.8,Tested,Done,Done,Done,Pending,,Schema generation (SchemaGenerator): FAQPage/Organization/Service/LocalBusiness/Person/Article/Review -> valid JSON-LD. Stage 7.
AEO-011,AEO,AEO - Answer Engine Optimization,,Organization schema,Feature Inventory,Inventory §8 p.8,Tested,Done,Done,Done,Pending,,Schema generation (SchemaGenerator): FAQPage/Organization/Service/LocalBusiness/Person/Article/Review -> valid JSON-LD. Stage 7.
AEO-012,AEO,AEO - Answer Engine Optimization,,Service schema,Feature Inventory,Inventory §8 p.8,Tested,Done,Done,Done,Pending,,Schema generation (SchemaGenerator): FAQPage/Organization/Service/LocalBusiness/Person/Article/Review -> valid JSON-LD. Stage 7.
AEO-013,AEO,AEO - Answer Engine Optimization,,Location schema,Feature Inventory,Inventory §8 p.8,Tested,Done,Done,Done,Pending,,Schema generation (SchemaGenerator): FAQPage/Organization/Service/LocalBusiness/Person/Article/Review -> valid JSON-LD. Stage 7.
AEO-014,AEO,AEO - Answer Engine Optimization,,Person or expert schema,Feature Inventory,Inventory §8 p.8,Tested,Done,Done,Done,Pending,,Schema generation (SchemaGenerator): FAQPage/Organization/Service/LocalBusiness/Person/Article/Review -> valid JSON-LD. Stage 7.
AEO-015,AEO,AEO - Answer Engine Optimization,,Article schema,Feature Inventory,Inventory §8 p.8,Tested,Done,Done,Done,Pending,,Schema generation (SchemaGenerator): FAQPage/Organization/Service/LocalBusiness/Person/Article/Review -> valid JSON-LD. Stage 7.
AEO-016,AEO,AEO - Answer Engine Optimization,,Review schema,Feature Inventory,Inventory §8 p.8,Tested,Done,Done,Done,Pending,,Schema generation (SchemaGenerator): FAQPage/Organization/Service/LocalBusiness/Person/Article/Review -> valid JSON-LD. Stage 7.
AEO-017,AEO,AEO - Answer Engine Optimization,,Machine-readable content,Feature Inventory,Inventory §8 p.9,Tested,Done,Done,Done,Pending,,"Answer-first/FAQ/structured-answer/machine-readable readiness scored by ContentReadinessScorer (semantic HTML, JSON-LD, headings, Q&A blocks, lists, depth). Stage 7."
AEO-018,AEO,AEO - Answer Engine Optimization,,Google AI Overview tracking,Feature Inventory,Inventory §8 p.9,Tested,Done,Done,Done,Pending,,Google AI Overview visibility tracked via AiSearchProvider (fixture tested; real LLM untested-no keys). ADR-0005. Stage 7.
AEO-019,AEO,AEO - Answer Engine Optimization,,Google AI Overview optimization,Feature Inventory,Inventory §8 p.9,Partially Implemented,Done,Pending,Done,Pending,,Question inventory + readiness/schema heuristics done; featured-snippet/entity/conversational optimization + AI-Overview optimization guidance expand with content + live AI data. Stage 7.
GEO-001,GEO,GEO - Generative Engine Optimization,,ChatGPT visibility,Feature Inventory,Inventory §9 p.9,Tested,Done,Done,Done,Pending,,"AI-visibility engine (AiSearchProvider fixture tested): per-engine mention/citation/recommendation, position, cited sources, competitor citations, share-of-AI-answer. Real OpenAI/Perplexity drivers untested-no keys. ADR-0005. Stage 7."
GEO-002,GEO,GEO - Generative Engine Optimization,,Gemini visibility,Feature Inventory,Inventory §9 p.9,Tested,Done,Done,Done,Pending,,"AI-visibility engine (AiSearchProvider fixture tested): per-engine mention/citation/recommendation, position, cited sources, competitor citations, share-of-AI-answer. Real OpenAI/Perplexity drivers untested-no keys. ADR-0005. Stage 7."
GEO-003,GEO,GEO - Generative Engine Optimization,,Perplexity visibility,Feature Inventory,Inventory §9 p.9,Tested,Done,Done,Done,Pending,,"AI-visibility engine (AiSearchProvider fixture tested): per-engine mention/citation/recommendation, position, cited sources, competitor citations, share-of-AI-answer. Real OpenAI/Perplexity drivers untested-no keys. ADR-0005. Stage 7."
GEO-004,GEO,GEO - Generative Engine Optimization,,Microsoft Copilot visibility,Feature Inventory,Inventory §9 p.9,Tested,Done,Done,Done,Pending,,"AI-visibility engine (AiSearchProvider fixture tested): per-engine mention/citation/recommendation, position, cited sources, competitor citations, share-of-AI-answer. Real OpenAI/Perplexity drivers untested-no keys. ADR-0005. Stage 7."
GEO-005,GEO,GEO - Generative Engine Optimization,,Google AI Overview visibility,Feature Inventory,Inventory §9 p.9,Tested,Done,Done,Done,Pending,,"AI-visibility engine (AiSearchProvider fixture tested): per-engine mention/citation/recommendation, position, cited sources, competitor citations, share-of-AI-answer. Real OpenAI/Perplexity drivers untested-no keys. ADR-0005. Stage 7."
GEO-006,GEO,GEO - Generative Engine Optimization,,AI brand mentions,Feature Inventory,Inventory §9 p.9,Tested,Done,Done,Done,Pending,,"AI-visibility engine (AiSearchProvider fixture tested): per-engine mention/citation/recommendation, position, cited sources, competitor citations, share-of-AI-answer. Real OpenAI/Perplexity drivers untested-no keys. ADR-0005. Stage 7."
GEO-007,GEO,GEO - Generative Engine Optimization,,AI recommendations,Feature Inventory,Inventory §9 p.9,Tested,Done,Done,Done,Pending,,"AI-visibility engine (AiSearchProvider fixture tested): per-engine mention/citation/recommendation, position, cited sources, competitor citations, share-of-AI-answer. Real OpenAI/Perplexity drivers untested-no keys. ADR-0005. Stage 7."
GEO-008,GEO,GEO - Generative Engine Optimization,,AI citations,Feature Inventory,Inventory §9 p.9,Tested,Done,Done,Done,Pending,,"AI-visibility engine (AiSearchProvider fixture tested): per-engine mention/citation/recommendation, position, cited sources, competitor citations, share-of-AI-answer. Real OpenAI/Perplexity drivers untested-no keys. ADR-0005. Stage 7."
GEO-009,GEO,GEO - Generative Engine Optimization,,Competitor AI citations,Feature Inventory,Inventory §9 p.9,Tested,Done,Done,Done,Pending,,"AI-visibility engine (AiSearchProvider fixture tested): per-engine mention/citation/recommendation, position, cited sources, competitor citations, share-of-AI-answer. Real OpenAI/Perplexity drivers untested-no keys. ADR-0005. Stage 7."
GEO-010,GEO,GEO - Generative Engine Optimization,,Share of AI answers,Feature Inventory,Inventory §9 p.9,Tested,Done,Done,Done,Pending,,"AI-visibility engine (AiSearchProvider fixture tested): per-engine mention/citation/recommendation, position, cited sources, competitor citations, share-of-AI-answer. Real OpenAI/Perplexity drivers untested-no keys. ADR-0005. Stage 7."
GEO-011,GEO,GEO - Generative Engine Optimization,,City-specific AI recommendations,Feature Inventory,Inventory §9 p.9,Tested,Yes,Yes,Yes,Yes,,"City-specific AI recommendations shipped (Phase 30): weak city dimensions (2+ checks, <50% mention rate) produce named actions citing their numbers (location page + GBP/citations); missing city variants are called out; strong cities stay silent. On the AI Visibility page. Tested in GeoSmsCloseoutTest."
GEO-012,GEO,GEO - Generative Engine Optimization,,Service-specific AI recommendations,Feature Inventory,Inventory §9 p.9,Tested,Yes,Yes,Yes,Yes,,"Service-specific AI recommendations shipped (Phase 30): same engine as GEO-011, service dimension - action points at the service page + knowledge graph. Tested in GeoSmsCloseoutTest."
GEO-013,GEO,GEO - Generative Engine Optimization,,Vertical-specific AI recommendations,Feature Inventory,Inventory §9 p.9,Tested,Yes,Yes,Yes,Yes,,"Vertical-specific AI recommendations shipped (Phase 30): same engine, vertical dimension - action points at the vertical page + case study. Tested in GeoSmsCloseoutTest."
GEO-014,GEO,GEO - Generative Engine Optimization,,Citation-source analysis,Feature Inventory,Inventory §9 p.9,Tested,Yes,Yes,Yes,Yes,,"Citation-source analysis shipped (Phase 30): cited hosts aggregated across checks (www-stripped, ranked by citation count), each marked covered (outreach prospect or authority asset exists for the host) or gap. Tested in GeoSmsCloseoutTest."
GEO-015,GEO,GEO - Generative Engine Optimization,,Third-party citation optimization,Feature Inventory,Inventory §9 p.9,Tested,Yes,Yes,Yes,Yes,,Third-party citation optimization shipped (Phase 30): a cited-source gap is targeted in one click into the idempotent 'AI citation sources' digital-PR campaign - from there it runs the tested Phase 17 pitch->placement->typed-asset pipeline. Tested in GeoSmsCloseoutTest.
GEO-016,GEO,GEO - Generative Engine Optimization,,Authority-source development,Feature Inventory,Inventory §9 p.9,Tested,Yes,Yes,Yes,Yes,,Authority-source development shipped (Phase 30): the same outreach loop as GEO-015 develops presence on the sources AI cites; a won placement records the typed authority asset and flips the source to covered. Tested in GeoSmsCloseoutTest.
LLMO-001,LLMO,LLM Optimization - LLMO,,Machine-readable page structure,Feature Inventory,Inventory §10 p.9,Tested,Done,Done,Done,Pending,,Machine-readable/semantic-HTML/structured-data/structured-FAQ/LLM-crawler readiness via ContentReadinessScorer + SchemaGenerator JSON-LD. Stage 7.
LLMO-002,LLMO,LLM Optimization - LLMO,,Semantic HTML,Feature Inventory,Inventory §10 p.9,Tested,Done,Done,Done,Pending,,Machine-readable/semantic-HTML/structured-data/structured-FAQ/LLM-crawler readiness via ContentReadinessScorer + SchemaGenerator JSON-LD. Stage 7.
LLMO-003,LLMO,LLM Optimization - LLMO,,Structured data,Feature Inventory,Inventory §10 p.9,Tested,Done,Done,Done,Pending,,Machine-readable/semantic-HTML/structured-data/structured-FAQ/LLM-crawler readiness via ContentReadinessScorer + SchemaGenerator JSON-LD. Stage 7.
LLMO-004,LLMO,LLM Optimization - LLMO,,Entity relationships,Feature Inventory,Inventory §10 p.9,Tested,Done,Done,Done,Pending,,Entity relationships: KnowledgeGraphService @graph with @id references (provider/worksFor/parentOrganization/areaServed/knowsAbout) from first-party records. LlmoKnowledgeGraphTest. Phase 10.
LLMO-005,LLMO,LLM Optimization - LLMO,,Organization information,Feature Inventory,Inventory §10 p.9,Tested,Done,Done,Done,Pending,,"Organization entity: brand_profiles entity fields (legal name, alternate names, URL, logo, founded, sameAs) -> Organization node. LlmoKnowledgeGraphTest. Phase 10."
LLMO-006,LLMO,LLM Optimization - LLMO,,Service taxonomy,Feature Inventory,Inventory §10 p.9,Tested,Done,Done,Done,Pending,,"Service taxonomy: active ServiceLines (category+description) -> Service nodes with serviceType, provider, areaServed; completeness enforces full categorization. Phase 10."
LLMO-007,LLMO,LLM Optimization - LLMO,,Expertise signals,Feature Inventory,Inventory §10 p.9,Tested,Done,Done,Done,Pending,,Expertise signals: expert_profiles credentials render as hasCredential (EducationalOccupationalCredential) + knowsAbout; completeness requires credentialed experts. Phase 10.
LLMO-008,LLMO,LLM Optimization - LLMO,,Person and expert profiles,Feature Inventory,Inventory §10 p.9,Tested,Done,Done,Done,Pending,,Person/expert profiles: expert_profiles CRUD on /seo/llmo -> Person nodes with jobTitle/bio/worksFor/sameAs. LlmoKnowledgeGraphTest. Phase 10.
LLMO-009,LLMO,LLM Optimization - LLMO,,Location relationships,Feature Inventory,Inventory §10 p.9,Tested,Done,Done,Done,Pending,,Location relationships: active SeoLocations -> LocalBusiness nodes with parentOrganization + full NAP; services carry areaServed cities. Phase 10.
LLMO-010,LLMO,LLM Optimization - LLMO,,Brand disambiguation,Feature Inventory,Inventory §10 p.9,Tested,Done,Done,Done,Pending,,"Brand disambiguation: alternateName, legalName, sameAs links, disambiguatingDescription on the org node; completeness requires >=2 sameAs + description. Phase 10."
LLMO-011,LLMO,LLM Optimization - LLMO,,Structured FAQs,Feature Inventory,Inventory §10 p.9,Tested,Done,Done,Done,Pending,,Machine-readable/semantic-HTML/structured-data/structured-FAQ/LLM-crawler readiness via ContentReadinessScorer + SchemaGenerator JSON-LD. Stage 7.
LLMO-012,LLMO,LLM Optimization - LLMO,,Citation-friendly content,Feature Inventory,Inventory §10 p.9,Tested,Done,Done,Done,Pending,,Citation-friendly scoring: LlmoContentScorer citations factor (outbound source links/cite/blockquote) with fix guidance. Deterministic heuristic. Phase 10.
LLMO-013,LLMO,LLM Optimization - LLMO,,Concise definitions,Feature Inventory,Inventory §10 p.9,Tested,Done,Done,Done,Pending,,"Concise definitions: LlmoContentScorer definitions factor (dfn or opening ""X is/are/means"" paragraph). Deterministic heuristic. Phase 10."
LLMO-014,LLMO,LLM Optimization - LLMO,,Fact-rich content,Feature Inventory,Inventory §10 p.9,Tested,Done,Done,Done,Pending,,Fact-rich scoring: LlmoContentScorer facts factor (>=5 verifiable figures) with guidance; content itself is tenant-authored. Phase 10.
LLMO-015,LLMO,LLM Optimization - LLMO,,Original data,Feature Inventory,Inventory §10 p.9,Planned,Pending,Pending,Pending,Pending,,Producing original data/research is tenant authoring work; the LLMO scorer rewards figures once present (facts factor). No platform feature can generate original data honestly.
LLMO-016,LLMO,LLM Optimization - LLMO,,Knowledge graph development,Feature Inventory,Inventory §10 p.9,Tested,Done,Done,Done,Pending,,"Knowledge graph: one schema.org @graph built from first-party records, published as StructuredData (KnowledgeGraph) for embedding; audited. Phase 10."
LLMO-017,LLMO,LLM Optimization - LLMO,,LLM crawler accessibility,Feature Inventory,Inventory §10 p.9,Tested,Done,Done,Done,Pending,,Machine-readable/semantic-HTML/structured-data/structured-FAQ/LLM-crawler readiness via ContentReadinessScorer + SchemaGenerator JSON-LD. Stage 7.
LLMO-018,LLMO,LLM Optimization - LLMO,,AI retrieval optimization,Feature Inventory,Inventory §10 p.9,Tested,Done,Done,Done,Pending,,"AI retrieval optimization: completeness() retrieval-readiness audit (7 checks, fix per failing item) + LLMO content score on /seo/llmo. Phase 10."
PPC-001,PPC,Google Ads / PPC,Search advertising,Google Search Ads,Feature Inventory,Inventory §11 p.9,Partially Implemented,Done,Pending,Done,Pending,,Structure + budgets + KPI tested on fixture; live Google/Microsoft delivery + account audit + real bid/ad-copy sync need Ads API (ADR-0006). Stage 8.
PPC-002,PPC,Google Ads / PPC,Search advertising,Bing and Microsoft Ads,Feature Inventory,Inventory §11 p.9,Partially Implemented,Done,Pending,Done,Pending,,Structure + budgets + KPI tested on fixture; live Google/Microsoft delivery + account audit + real bid/ad-copy sync need Ads API (ADR-0006). Stage 8.
PPC-003,PPC,Google Ads / PPC,Search advertising,Keyword campaigns,Feature Inventory,Inventory §11 p.10,Tested,Done,Done,Done,Pending,,"PPC campaign structure: campaign types (keyword/brand/competitor/service/location/vertical/high-intent via type), ad groups, ads, keyword selection + negative keywords + match types, budgets. 17 ad tests. Stage 8."
PPC-004,PPC,Google Ads / PPC,Search advertising,Brand campaigns,Feature Inventory,Inventory §11 p.10,Tested,Done,Done,Done,Pending,,"PPC campaign structure: campaign types (keyword/brand/competitor/service/location/vertical/high-intent via type), ad groups, ads, keyword selection + negative keywords + match types, budgets. 17 ad tests. Stage 8."
PPC-005,PPC,Google Ads / PPC,Search advertising,Competitor campaigns,Feature Inventory,Inventory §11 p.10,Tested,Done,Done,Done,Pending,,"PPC campaign structure: campaign types (keyword/brand/competitor/service/location/vertical/high-intent via type), ad groups, ads, keyword selection + negative keywords + match types, budgets. 17 ad tests. Stage 8."
PPC-006,PPC,Google Ads / PPC,Search advertising,Service campaigns,Feature Inventory,Inventory §11 p.10,Tested,Done,Done,Done,Pending,,"PPC campaign structure: campaign types (keyword/brand/competitor/service/location/vertical/high-intent via type), ad groups, ads, keyword selection + negative keywords + match types, budgets. 17 ad tests. Stage 8."
PPC-007,PPC,Google Ads / PPC,Search advertising,Location campaigns,Feature Inventory,Inventory §11 p.10,Tested,Done,Done,Done,Pending,,"PPC campaign structure: campaign types (keyword/brand/competitor/service/location/vertical/high-intent via type), ad groups, ads, keyword selection + negative keywords + match types, budgets. 17 ad tests. Stage 8."
PPC-008,PPC,Google Ads / PPC,Search advertising,Vertical campaigns,Feature Inventory,Inventory §11 p.10,Tested,Done,Done,Done,Pending,,"PPC campaign structure: campaign types (keyword/brand/competitor/service/location/vertical/high-intent via type), ad groups, ads, keyword selection + negative keywords + match types, budgets. 17 ad tests. Stage 8."
PPC-009,PPC,Google Ads / PPC,Search advertising,High-intent campaigns,Feature Inventory,Inventory §11 p.10,Tested,Done,Done,Done,Pending,,"PPC campaign structure: campaign types (keyword/brand/competitor/service/location/vertical/high-intent via type), ad groups, ads, keyword selection + negative keywords + match types, budgets. 17 ad tests. Stage 8."
PPC-010,PPC,Google Ads / PPC,PPC management,PPC account audit,Feature Inventory,Inventory §11 p.10,Partially Implemented,Done,Pending,Done,Pending,,Structure + budgets + KPI tested on fixture; live Google/Microsoft delivery + account audit + real bid/ad-copy sync need Ads API (ADR-0006). Stage 8.
PPC-011,PPC,Google Ads / PPC,PPC management,Keyword selection,Feature Inventory,Inventory §11 p.10,Tested,Done,Done,Done,Pending,,"PPC campaign structure: campaign types (keyword/brand/competitor/service/location/vertical/high-intent via type), ad groups, ads, keyword selection + negative keywords + match types, budgets. 17 ad tests. Stage 8."
PPC-012,PPC,Google Ads / PPC,PPC management,Negative keywords,Feature Inventory,Inventory §11 p.10,Tested,Done,Done,Done,Pending,,"PPC campaign structure: campaign types (keyword/brand/competitor/service/location/vertical/high-intent via type), ad groups, ads, keyword selection + negative keywords + match types, budgets. 17 ad tests. Stage 8."
PPC-013,PPC,Google Ads / PPC,PPC management,Bid management,Feature Inventory,Inventory §11 p.10,Partially Implemented,Done,Pending,Done,Pending,,Structure + budgets + KPI tested on fixture; live Google/Microsoft delivery + account audit + real bid/ad-copy sync need Ads API (ADR-0006). Stage 8.
PPC-014,PPC,Google Ads / PPC,PPC management,AI-assisted bidding,Feature Inventory,Inventory §11 p.10,Planned,Pending,Pending,Pending,Pending,,AI-assisted bidding needs live Ads API + model; call tracking is Stage 11 CALL; landing-page creation is Marketing (Stage 6). ADR-0006.
PPC-015,PPC,Google Ads / PPC,PPC management,Budget allocation,Feature Inventory,Inventory §11 p.10,Tested,Done,Done,Done,Pending,,"PPC campaign structure: campaign types (keyword/brand/competitor/service/location/vertical/high-intent via type), ad groups, ads, keyword selection + negative keywords + match types, budgets. 17 ad tests. Stage 8."
PPC-016,PPC,Google Ads / PPC,PPC management,Ad copywriting,Feature Inventory,Inventory §11 p.10,Partially Implemented,Done,Pending,Done,Pending,,Structure + budgets + KPI tested on fixture; live Google/Microsoft delivery + account audit + real bid/ad-copy sync need Ads API (ADR-0006). Stage 8.
PPC-017,PPC,Google Ads / PPC,PPC management,Ad extensions and assets,Feature Inventory,Inventory §11 p.10,Partially Implemented,Done,Pending,Done,Pending,,Structure + budgets + KPI tested on fixture; live Google/Microsoft delivery + account audit + real bid/ad-copy sync need Ads API (ADR-0006). Stage 8.
PPC-018,PPC,Google Ads / PPC,PPC management,Landing-page creation,Feature Inventory,Inventory §11 p.10,Planned,Pending,Pending,Pending,Pending,,AI-assisted bidding needs live Ads API + model; call tracking is Stage 11 CALL; landing-page creation is Marketing (Stage 6). ADR-0006.
PPC-019,PPC,Google Ads / PPC,PPC management,Conversion tracking,Feature Inventory,Inventory §11 p.10,Tested,Done,Done,Done,Pending,,"Conversion tracking fields + KPI-based optimization signals (CTR/CPC/CPA/CPL/ROAS via AdKpi, divide-by-zero guarded); metrics pipeline on fixture driver. Stage 8."
PPC-020,PPC,Google Ads / PPC,PPC management,Call tracking,Feature Inventory,Inventory §11 p.10,Planned,Pending,Pending,Pending,Pending,,AI-assisted bidding needs live Ads API + model; call tracking is Stage 11 CALL; landing-page creation is Marketing (Stage 6). ADR-0006.
PPC-021,PPC,Google Ads / PPC,PPC management,Campaign optimization,Feature Inventory,Inventory §11 p.10,Tested,Done,Done,Done,Pending,,"Conversion tracking fields + KPI-based optimization signals (CTR/CPC/CPA/CPL/ROAS via AdKpi, divide-by-zero guarded); metrics pipeline on fixture driver. Stage 8."
PPC-022,PPC,Google Ads / PPC,PPC management,Quality Score improvement,Feature Inventory,Inventory §11 p.10,Tested,Done,Done,Done,Pending,,"Conversion tracking fields + KPI-based optimization signals (CTR/CPC/CPA/CPL/ROAS via AdKpi, divide-by-zero guarded); metrics pipeline on fixture driver. Stage 8."
PPC-023,PPC,Google Ads / PPC,PPC management,Cost-per-lead optimization,Feature Inventory,Inventory §11 p.10,Tested,Done,Done,Done,Pending,,"Conversion tracking fields + KPI-based optimization signals (CTR/CPC/CPA/CPL/ROAS via AdKpi, divide-by-zero guarded); metrics pipeline on fixture driver. Stage 8."
PPC-024,PPC,Google Ads / PPC,PPC management,ROAS optimization,Feature Inventory,Inventory §11 p.10,Tested,Done,Done,Done,Pending,,"Conversion tracking fields + KPI-based optimization signals (CTR/CPC/CPA/CPL/ROAS via AdKpi, divide-by-zero guarded); metrics pipeline on fixture driver. Stage 8."
PPC-025,PPC,Google Ads / PPC,PPC management,Search-term analysis,Feature Inventory,Inventory §11 p.10,Tested,Done,Done,Done,Pending,,"PPC campaign structure: campaign types (keyword/brand/competitor/service/location/vertical/high-intent via type), ad groups, ads, keyword selection + negative keywords + match types, budgets. 17 ad tests. Stage 8."
LIAD-001,LIAD,LinkedIn Advertising,,LinkedIn Ads,Feature Inventory,Inventory §12 p.10,Tested,Done,Done,Done,Pending,,LinkedIn campaign structure + B2B targeting (job-title/company-size/industry/seniority/account/CIO-CTO-CISO-COO-owner via targeting JSON) + KPI. Live delivery needs LinkedIn Marketing API (ADR-0006). Stage 8.
LIAD-002,LIAD,LinkedIn Advertising,,Sponsored content,Feature Inventory,Inventory §12 p.10,Partially Implemented,Done,Done,Done,Pending,,Sponsored content/retargeting/ABM/content-promotion as campaign structure + audiences; live delivery + ABM account sync need LinkedIn API. Stage 8.
LIAD-003,LIAD,LinkedIn Advertising,,Job-title targeting,Feature Inventory,Inventory §12 p.10,Tested,Done,Done,Done,Pending,,LinkedIn campaign structure + B2B targeting (job-title/company-size/industry/seniority/account/CIO-CTO-CISO-COO-owner via targeting JSON) + KPI. Live delivery needs LinkedIn Marketing API (ADR-0006). Stage 8.
LIAD-004,LIAD,LinkedIn Advertising,,Company-size targeting,Feature Inventory,Inventory §12 p.10,Tested,Done,Done,Done,Pending,,LinkedIn campaign structure + B2B targeting (job-title/company-size/industry/seniority/account/CIO-CTO-CISO-COO-owner via targeting JSON) + KPI. Live delivery needs LinkedIn Marketing API (ADR-0006). Stage 8.
LIAD-005,LIAD,LinkedIn Advertising,,Industry targeting,Feature Inventory,Inventory §12 p.10,Tested,Done,Done,Done,Pending,,LinkedIn campaign structure + B2B targeting (job-title/company-size/industry/seniority/account/CIO-CTO-CISO-COO-owner via targeting JSON) + KPI. Live delivery needs LinkedIn Marketing API (ADR-0006). Stage 8.
LIAD-006,LIAD,LinkedIn Advertising,,Seniority targeting,Feature Inventory,Inventory §12 p.10,Tested,Done,Done,Done,Pending,,LinkedIn campaign structure + B2B targeting (job-title/company-size/industry/seniority/account/CIO-CTO-CISO-COO-owner via targeting JSON) + KPI. Live delivery needs LinkedIn Marketing API (ADR-0006). Stage 8.
LIAD-007,LIAD,LinkedIn Advertising,,Account targeting,Feature Inventory,Inventory §12 p.10,Tested,Done,Done,Done,Pending,,LinkedIn campaign structure + B2B targeting (job-title/company-size/industry/seniority/account/CIO-CTO-CISO-COO-owner via targeting JSON) + KPI. Live delivery needs LinkedIn Marketing API (ADR-0006). Stage 8.
LIAD-008,LIAD,LinkedIn Advertising,,CIO targeting,Feature Inventory,Inventory §12 p.10,Tested,Done,Done,Done,Pending,,LinkedIn campaign structure + B2B targeting (job-title/company-size/industry/seniority/account/CIO-CTO-CISO-COO-owner via targeting JSON) + KPI. Live delivery needs LinkedIn Marketing API (ADR-0006). Stage 8.
LIAD-009,LIAD,LinkedIn Advertising,,CTO targeting,Feature Inventory,Inventory §12 p.10,Tested,Done,Done,Done,Pending,,LinkedIn campaign structure + B2B targeting (job-title/company-size/industry/seniority/account/CIO-CTO-CISO-COO-owner via targeting JSON) + KPI. Live delivery needs LinkedIn Marketing API (ADR-0006). Stage 8.
LIAD-010,LIAD,LinkedIn Advertising,,CISO targeting,Feature Inventory,Inventory §12 p.10,Tested,Done,Done,Done,Pending,,LinkedIn campaign structure + B2B targeting (job-title/company-size/industry/seniority/account/CIO-CTO-CISO-COO-owner via targeting JSON) + KPI. Live delivery needs LinkedIn Marketing API (ADR-0006). Stage 8.
LIAD-011,LIAD,LinkedIn Advertising,,COO targeting,Feature Inventory,Inventory §12 p.10,Tested,Done,Done,Done,Pending,,LinkedIn campaign structure + B2B targeting (job-title/company-size/industry/seniority/account/CIO-CTO-CISO-COO-owner via targeting JSON) + KPI. Live delivery needs LinkedIn Marketing API (ADR-0006). Stage 8.
LIAD-012,LIAD,LinkedIn Advertising,,Business-owner targeting,Feature Inventory,Inventory §12 p.10,Tested,Done,Done,Done,Pending,,LinkedIn campaign structure + B2B targeting (job-title/company-size/industry/seniority/account/CIO-CTO-CISO-COO-owner via targeting JSON) + KPI. Live delivery needs LinkedIn Marketing API (ADR-0006). Stage 8.
LIAD-013,LIAD,LinkedIn Advertising,,Retargeting,Feature Inventory,Inventory §12 p.10,Partially Implemented,Done,Done,Done,Pending,,Sponsored content/retargeting/ABM/content-promotion as campaign structure + audiences; live delivery + ABM account sync need LinkedIn API. Stage 8.
LIAD-014,LIAD,LinkedIn Advertising,,ABM campaigns,Feature Inventory,Inventory §12 p.10,Partially Implemented,Done,Done,Done,Pending,,Sponsored content/retargeting/ABM/content-promotion as campaign structure + audiences; live delivery + ABM account sync need LinkedIn API. Stage 8.
LIAD-015,LIAD,LinkedIn Advertising,,Lead-gen forms,Feature Inventory,Inventory §12 p.10,Planned,Pending,Pending,Pending,Pending,,LinkedIn lead-gen form sync needs the LinkedIn Marketing API + form connector. ADR-0006.
LIAD-016,LIAD,LinkedIn Advertising,,Content promotion,Feature Inventory,Inventory §12 p.10,Partially Implemented,Done,Done,Done,Pending,,Sponsored content/retargeting/ABM/content-promotion as campaign structure + audiences; live delivery + ABM account sync need LinkedIn API. Stage 8.
LIAD-017,LIAD,LinkedIn Advertising,,Case-study advertising,Feature Inventory,Inventory §12 p.10,Partially Implemented,Done,Done,Done,Pending,,Sponsored content/retargeting/ABM/content-promotion as campaign structure + audiences; live delivery + ABM account sync need LinkedIn API. Stage 8.
META-001,META,Facebook / Meta Advertising,,Facebook Ads,Feature Inventory,Inventory §13 p.10,Tested,Done,Done,Done,Pending,,Meta campaign structure + objective (awareness/BOFU) + location/vertical targeting (JSON) + KPI. Live delivery needs Meta Graph API (ADR-0006). Stage 8.
META-002,META,Facebook / Meta Advertising,,Retargeting,Feature Inventory,Inventory §13 p.10,Partially Implemented,Done,Done,Done,Pending,,Retargeting/amplification/proof/video/lead-gen/multi-platform as structure + retargeting audiences; live delivery + lead-form sync need Meta API. Stage 8.
META-003,META,Facebook / Meta Advertising,,Awareness campaigns,Feature Inventory,Inventory §13 p.11,Tested,Done,Done,Done,Pending,,Meta campaign structure + objective (awareness/BOFU) + location/vertical targeting (JSON) + KPI. Live delivery needs Meta Graph API (ADR-0006). Stage 8.
META-004,META,Facebook / Meta Advertising,,Location targeting,Feature Inventory,Inventory §13 p.11,Tested,Done,Done,Done,Pending,,Meta campaign structure + objective (awareness/BOFU) + location/vertical targeting (JSON) + KPI. Live delivery needs Meta Graph API (ADR-0006). Stage 8.
META-005,META,Facebook / Meta Advertising,,Vertical targeting,Feature Inventory,Inventory §13 p.11,Tested,Done,Done,Done,Pending,,Meta campaign structure + objective (awareness/BOFU) + location/vertical targeting (JSON) + KPI. Live delivery needs Meta Graph API (ADR-0006). Stage 8.
META-006,META,Facebook / Meta Advertising,,Content amplification,Feature Inventory,Inventory §13 p.11,Partially Implemented,Done,Done,Done,Pending,,Retargeting/amplification/proof/video/lead-gen/multi-platform as structure + retargeting audiences; live delivery + lead-form sync need Meta API. Stage 8.
META-007,META,Facebook / Meta Advertising,,Bottom-of-funnel campaigns,Feature Inventory,Inventory §13 p.11,Tested,Done,Done,Done,Pending,,Meta campaign structure + objective (awareness/BOFU) + location/vertical targeting (JSON) + KPI. Live delivery needs Meta Graph API (ADR-0006). Stage 8.
META-008,META,Facebook / Meta Advertising,,Proof and testimonial campaigns,Feature Inventory,Inventory §13 p.11,Partially Implemented,Done,Done,Done,Pending,,Retargeting/amplification/proof/video/lead-gen/multi-platform as structure + retargeting audiences; live delivery + lead-form sync need Meta API. Stage 8.
META-009,META,Facebook / Meta Advertising,,Video advertising,Feature Inventory,Inventory §13 p.11,Partially Implemented,Done,Done,Done,Pending,,Retargeting/amplification/proof/video/lead-gen/multi-platform as structure + retargeting audiences; live delivery + lead-form sync need Meta API. Stage 8.
META-010,META,Facebook / Meta Advertising,,Lead generation,Feature Inventory,Inventory §13 p.11,Partially Implemented,Done,Done,Done,Pending,,Retargeting/amplification/proof/video/lead-gen/multi-platform as structure + retargeting audiences; live delivery + lead-form sync need Meta API. Stage 8.
META-011,META,Facebook / Meta Advertising,,Multi-platform retargeting,Feature Inventory,Inventory §13 p.11,Partially Implemented,Done,Done,Done,Pending,,Retargeting/amplification/proof/video/lead-gen/multi-platform as structure + retargeting audiences; live delivery + lead-form sync need Meta API. Stage 8.
RETG-001,RETG,Retargeting Engine,,Website retargeting,Feature Inventory,Inventory §14 p.11,Tested,Done,Done,Done,Pending,,"Website retargeting: audience building + platform-ready customer-match CSV export (SHA-256 hashed emails, per-platform header) for manual Ads-UI upload - the workflow is complete today; automated API push stays an ADR-0006 connector enhancement. RetargetingChannelsTest. Phase 16."
RETG-002,RETG,Retargeting Engine,,Search retargeting,Feature Inventory,Inventory §14 p.11,Tested,Done,Done,Done,Pending,,"Search retargeting: audience building + platform-ready customer-match CSV export (SHA-256 hashed emails, per-platform header) for manual Ads-UI upload - the workflow is complete today; automated API push stays an ADR-0006 connector enhancement. RetargetingChannelsTest. Phase 16."
RETG-003,RETG,Retargeting Engine,,Display retargeting,Feature Inventory,Inventory §14 p.11,Tested,Done,Done,Done,Pending,,"Display retargeting: audience building + platform-ready customer-match CSV export (SHA-256 hashed emails, per-platform header) for manual Ads-UI upload - the workflow is complete today; automated API push stays an ADR-0006 connector enhancement. RetargetingChannelsTest. Phase 16."
RETG-004,RETG,Retargeting Engine,,LinkedIn retargeting,Feature Inventory,Inventory §14 p.11,Tested,Done,Done,Done,Pending,,"LinkedIn retargeting: LinkedIn CSV export; audience building + platform-ready customer-match CSV export (SHA-256 hashed emails, per-platform header) for manual Ads-UI upload - the workflow is complete today; automated API push stays an ADR-0006 connector enhancement. RetargetingChannelsTest. Phase 16."
RETG-005,RETG,Retargeting Engine,,Facebook retargeting,Feature Inventory,Inventory §14 p.11,Tested,Done,Done,Done,Pending,,"Facebook retargeting: Meta CSV export; audience building + platform-ready customer-match CSV export (SHA-256 hashed emails, per-platform header) for manual Ads-UI upload - the workflow is complete today; automated API push stays an ADR-0006 connector enhancement. RetargetingChannelsTest. Phase 16."
RETG-006,RETG,Retargeting Engine,,Video retargeting,Feature Inventory,Inventory §14 p.11,Planned,Pending,Pending,Pending,Pending,,"Video retargeting needs Google Ads video-campaign connectors (a customer list alone does not build a video placement) - vendor-gated, not faked."
RETG-007,RETG,Retargeting Engine,,YouTube retargeting,Feature Inventory,Inventory §14 p.11,Planned,Pending,Pending,Pending,Pending,,"YouTube retargeting needs Google Ads video-campaign connectors - vendor-gated, not faked."
RETG-008,RETG,Retargeting Engine,,Email retargeting,Feature Inventory,Inventory §14 p.11,Tested,Done,Done,Done,Pending,,"Retargeting engine: audiences from list/funnel-stage/behavior/all-contacts, conversion exclusions (RETG-016), segmentation, geo/account/BOFU via rules; hashed-email sync payload. 17 ad tests. Stage 8."
RETG-009,RETG,Retargeting Engine,,SMS re-engagement,Feature Inventory,Inventory §14 p.11,Tested,Done,Done,Done,Pending,,"SMS re-engagement: smsReengage drives the Stage 6 SMS engine from an audience (consent+suppression enforced per contact, honest sent/suppressed/no-phone counts, audited); live delivery separately Twilio-gated in SMSA. Phase 16."
RETG-010,RETG,Retargeting Engine,,Cross-channel retargeting,Feature Inventory,Inventory §14 p.11,Tested,Done,Done,Done,Pending,,"Cross-channel: one audience drives email retargeting (RETG-008), SMS re-engagement, and per-platform export files; only the automated ad-platform push remains vendor-gated (ADR-0006). Phase 16."
RETG-011,RETG,Retargeting Engine,,Behavior-based retargeting,Feature Inventory,Inventory §14 p.11,Tested,Done,Done,Done,Pending,,"Retargeting engine: audiences from list/funnel-stage/behavior/all-contacts, conversion exclusions (RETG-016), segmentation, geo/account/BOFU via rules; hashed-email sync payload. 17 ad tests. Stage 8."
RETG-012,RETG,Retargeting Engine,,Funnel-stage retargeting,Feature Inventory,Inventory §14 p.11,Tested,Done,Done,Done,Pending,,"Retargeting engine: audiences from list/funnel-stage/behavior/all-contacts, conversion exclusions (RETG-016), segmentation, geo/account/BOFU via rules; hashed-email sync payload. 17 ad tests. Stage 8."
RETG-013,RETG,Retargeting Engine,,Bottom-of-funnel retargeting,Feature Inventory,Inventory §14 p.11,Tested,Done,Done,Done,Pending,,"Retargeting engine: audiences from list/funnel-stage/behavior/all-contacts, conversion exclusions (RETG-016), segmentation, geo/account/BOFU via rules; hashed-email sync payload. 17 ad tests. Stage 8."
RETG-014,RETG,Retargeting Engine,,Geographic retargeting,Feature Inventory,Inventory §14 p.11,Tested,Done,Done,Done,Pending,,"Retargeting engine: audiences from list/funnel-stage/behavior/all-contacts, conversion exclusions (RETG-016), segmentation, geo/account/BOFU via rules; hashed-email sync payload. 17 ad tests. Stage 8."
RETG-015,RETG,Retargeting Engine,,Account-level retargeting,Feature Inventory,Inventory §14 p.11,Tested,Done,Done,Done,Pending,,"Retargeting engine: audiences from list/funnel-stage/behavior/all-contacts, conversion exclusions (RETG-016), segmentation, geo/account/BOFU via rules; hashed-email sync payload. 17 ad tests. Stage 8."
RETG-016,RETG,Retargeting Engine,,Conversion exclusions,Feature Inventory,Inventory §14 p.11,Tested,Done,Done,Done,Pending,,"Retargeting engine: audiences from list/funnel-stage/behavior/all-contacts, conversion exclusions (RETG-016), segmentation, geo/account/BOFU via rules; hashed-email sync payload. 17 ad tests. Stage 8."
RETG-017,RETG,Retargeting Engine,,Audience segmentation,Feature Inventory,Inventory §14 p.11,Tested,Done,Done,Done,Pending,,"Retargeting engine: audiences from list/funnel-stage/behavior/all-contacts, conversion exclusions (RETG-016), segmentation, geo/account/BOFU via rules; hashed-email sync payload. 17 ad tests. Stage 8."
SOC-001,SOC,Social Media Management,Channels,LinkedIn,Feature Inventory,Inventory §15 p.11,Tested,Done,Done,Done,Pending,,"Social: posts to linkedin/facebook/x/youtube/other, content calendar, scheduling + due-post publisher, post types, engagement metrics + analytics via fixture SocialProvider (live untested, ADR-0007). Stage 9."
SOC-002,SOC,Social Media Management,Channels,Facebook,Feature Inventory,Inventory §15 p.11,Tested,Done,Done,Done,Pending,,"Social: posts to linkedin/facebook/x/youtube/other, content calendar, scheduling + due-post publisher, post types, engagement metrics + analytics via fixture SocialProvider (live untested, ADR-0007). Stage 9."
SOC-003,SOC,Social Media Management,Channels,X / Twitter,Feature Inventory,Inventory §15 p.11,Tested,Done,Done,Done,Pending,,"Social: posts to linkedin/facebook/x/youtube/other, content calendar, scheduling + due-post publisher, post types, engagement metrics + analytics via fixture SocialProvider (live untested, ADR-0007). Stage 9."
SOC-004,SOC,Social Media Management,Channels,YouTube,Feature Inventory,Inventory §15 p.11,Tested,Done,Done,Done,Pending,,"Social: posts to linkedin/facebook/x/youtube/other, content calendar, scheduling + due-post publisher, post types, engagement metrics + analytics via fixture SocialProvider (live untested, ADR-0007). Stage 9."
SOC-005,SOC,Social Media Management,Channels,Other relevant industry platforms,Feature Inventory,Inventory §15 p.11,Tested,Done,Done,Done,Pending,,"Social: posts to linkedin/facebook/x/youtube/other, content calendar, scheduling + due-post publisher, post types, engagement metrics + analytics via fixture SocialProvider (live untested, ADR-0007). Stage 9."
SOC-006,SOC,Social Media Management,Management capabilities,Social strategy,Feature Inventory,Inventory §15 p.11,Partially Implemented,Done,Done,Done,Pending,,Strategy/graphics are human; community/comment mgmt + lead attribution need the live channel APIs. Stage 9.
SOC-007,SOC,Social Media Management,Management capabilities,Content calendar,Feature Inventory,Inventory §15 p.11,Tested,Done,Done,Done,Pending,,"Social: posts to linkedin/facebook/x/youtube/other, content calendar, scheduling + due-post publisher, post types, engagement metrics + analytics via fixture SocialProvider (live untested, ADR-0007). Stage 9."
SOC-008,SOC,Social Media Management,Management capabilities,Post writing,Feature Inventory,Inventory §15 p.11,Tested,Done,Done,Done,Pending,,"Social: posts to linkedin/facebook/x/youtube/other, content calendar, scheduling + due-post publisher, post types, engagement metrics + analytics via fixture SocialProvider (live untested, ADR-0007). Stage 9."
SOC-009,SOC,Social Media Management,Management capabilities,Graphic creation,Feature Inventory,Inventory §15 p.11,Partially Implemented,Done,Done,Done,Pending,,Strategy/graphics are human; community/comment mgmt + lead attribution need the live channel APIs. Stage 9.
SOC-010,SOC,Social Media Management,Management capabilities,Social scheduling,Feature Inventory,Inventory §15 p.11,Tested,Done,Done,Done,Pending,,"Social: posts to linkedin/facebook/x/youtube/other, content calendar, scheduling + due-post publisher, post types, engagement metrics + analytics via fixture SocialProvider (live untested, ADR-0007). Stage 9."
SOC-011,SOC,Social Media Management,Management capabilities,Thought leadership,Feature Inventory,Inventory §15 p.11,Tested,Done,Done,Done,Pending,,"Social: posts to linkedin/facebook/x/youtube/other, content calendar, scheduling + due-post publisher, post types, engagement metrics + analytics via fixture SocialProvider (live untested, ADR-0007). Stage 9."
SOC-012,SOC,Social Media Management,Management capabilities,Executive content,Feature Inventory,Inventory §15 p.11,Tested,Done,Done,Done,Pending,,"Social: posts to linkedin/facebook/x/youtube/other, content calendar, scheduling + due-post publisher, post types, engagement metrics + analytics via fixture SocialProvider (live untested, ADR-0007). Stage 9."
SOC-013,SOC,Social Media Management,Management capabilities,Educational posts,Feature Inventory,Inventory §15 p.11,Tested,Done,Done,Done,Pending,,"Social: posts to linkedin/facebook/x/youtube/other, content calendar, scheduling + due-post publisher, post types, engagement metrics + analytics via fixture SocialProvider (live untested, ADR-0007). Stage 9."
SOC-014,SOC,Social Media Management,Management capabilities,Case-study posts,Feature Inventory,Inventory §15 p.11,Tested,Done,Done,Done,Pending,,"Social: posts to linkedin/facebook/x/youtube/other, content calendar, scheduling + due-post publisher, post types, engagement metrics + analytics via fixture SocialProvider (live untested, ADR-0007). Stage 9."
SOC-015,SOC,Social Media Management,Management capabilities,Testimonials,Feature Inventory,Inventory §15 p.12,Tested,Done,Done,Done,Pending,,"Social: posts to linkedin/facebook/x/youtube/other, content calendar, scheduling + due-post publisher, post types, engagement metrics + analytics via fixture SocialProvider (live untested, ADR-0007). Stage 9."
SOC-016,SOC,Social Media Management,Management capabilities,Video posts,Feature Inventory,Inventory §15 p.12,Tested,Done,Done,Done,Pending,,"Social: posts to linkedin/facebook/x/youtube/other, content calendar, scheduling + due-post publisher, post types, engagement metrics + analytics via fixture SocialProvider (live untested, ADR-0007). Stage 9."
SOC-017,SOC,Social Media Management,Management capabilities,Lead-generation posts,Feature Inventory,Inventory §15 p.12,Tested,Done,Done,Done,Pending,,"Social: posts to linkedin/facebook/x/youtube/other, content calendar, scheduling + due-post publisher, post types, engagement metrics + analytics via fixture SocialProvider (live untested, ADR-0007). Stage 9."
SOC-018,SOC,Social Media Management,Management capabilities,Paid social,Feature Inventory,Inventory §15 p.12,Planned,Pending,Pending,Pending,Pending,,Paid/sponsored social is Stage 8 Advertising; brand monitoring/social listening/reputation monitoring need a social-listening API.
SOC-019,SOC,Social Media Management,Management capabilities,Sponsored posts,Feature Inventory,Inventory §15 p.12,Planned,Pending,Pending,Pending,Pending,,Paid/sponsored social is Stage 8 Advertising; brand monitoring/social listening/reputation monitoring need a social-listening API.
SOC-020,SOC,Social Media Management,Management capabilities,Community engagement,Feature Inventory,Inventory §15 p.12,Partially Implemented,Done,Done,Done,Pending,,Strategy/graphics are human; community/comment mgmt + lead attribution need the live channel APIs. Stage 9.
SOC-021,SOC,Social Media Management,Management capabilities,Comment management,Feature Inventory,Inventory §15 p.12,Partially Implemented,Done,Done,Done,Pending,,Strategy/graphics are human; community/comment mgmt + lead attribution need the live channel APIs. Stage 9.
SOC-022,SOC,Social Media Management,Management capabilities,Brand monitoring,Feature Inventory,Inventory §15 p.12,Planned,Pending,Pending,Pending,Pending,,Paid/sponsored social is Stage 8 Advertising; brand monitoring/social listening/reputation monitoring need a social-listening API.
SOC-023,SOC,Social Media Management,Management capabilities,Social listening,Feature Inventory,Inventory §15 p.12,Planned,Pending,Pending,Pending,Pending,,Paid/sponsored social is Stage 8 Advertising; brand monitoring/social listening/reputation monitoring need a social-listening API.
SOC-024,SOC,Social Media Management,Management capabilities,Reputation monitoring,Feature Inventory,Inventory §15 p.12,Planned,Pending,Pending,Pending,Pending,,Paid/sponsored social is Stage 8 Advertising; brand monitoring/social listening/reputation monitoring need a social-listening API.
SOC-025,SOC,Social Media Management,Management capabilities,Social analytics,Feature Inventory,Inventory §15 p.12,Tested,Done,Done,Done,Pending,,"Social: posts to linkedin/facebook/x/youtube/other, content calendar, scheduling + due-post publisher, post types, engagement metrics + analytics via fixture SocialProvider (live untested, ADR-0007). Stage 9."
SOC-026,SOC,Social Media Management,Management capabilities,Engagement reporting,Feature Inventory,Inventory §15 p.12,Tested,Done,Done,Done,Pending,,"Social: posts to linkedin/facebook/x/youtube/other, content calendar, scheduling + due-post publisher, post types, engagement metrics + analytics via fixture SocialProvider (live untested, ADR-0007). Stage 9."
SOC-027,SOC,Social Media Management,Management capabilities,Lead attribution,Feature Inventory,Inventory §15 p.12,Partially Implemented,Done,Done,Done,Pending,,Strategy/graphics are human; community/comment mgmt + lead attribution need the live channel APIs. Stage 9.
VID-001,VID,Video Marketing,,Video strategy,Feature Inventory,Inventory §16 p.12,Partially Implemented,Done,Pending,Pending,Pending,,Video strategy is human; personalized/sales video + video email tie to Marketing send + a video host (later). Stage 9.
VID-002,VID,Video Marketing,,Short-form video,Feature Inventory,Inventory §16 p.12,Tested,Done,Done,Done,Pending,,Video content pieces (type video) with YouTube/video-SEO metadata + funnel stage + optimization; video landing pages via Marketing (Stage 6). Stage 9.
VID-003,VID,Video Marketing,,Long-form video,Feature Inventory,Inventory §16 p.12,Tested,Done,Done,Done,Pending,,Video content pieces (type video) with YouTube/video-SEO metadata + funnel stage + optimization; video landing pages via Marketing (Stage 6). Stage 9.
VID-004,VID,Video Marketing,,Client testimonials,Feature Inventory,Inventory §16 p.12,Tested,Done,Done,Done,Pending,,Video content pieces (type video) with YouTube/video-SEO metadata + funnel stage + optimization; video landing pages via Marketing (Stage 6). Stage 9.
VID-005,VID,Video Marketing,,Case-study videos,Feature Inventory,Inventory §16 p.12,Tested,Done,Done,Done,Pending,,Video content pieces (type video) with YouTube/video-SEO metadata + funnel stage + optimization; video landing pages via Marketing (Stage 6). Stage 9.
VID-006,VID,Video Marketing,,Educational videos,Feature Inventory,Inventory §16 p.12,Tested,Done,Done,Done,Pending,,Video content pieces (type video) with YouTube/video-SEO metadata + funnel stage + optimization; video landing pages via Marketing (Stage 6). Stage 9.
VID-007,VID,Video Marketing,,Thought-leadership videos,Feature Inventory,Inventory §16 p.12,Tested,Done,Done,Done,Pending,,Video content pieces (type video) with YouTube/video-SEO metadata + funnel stage + optimization; video landing pages via Marketing (Stage 6). Stage 9.
VID-008,VID,Video Marketing,,Executive videos,Feature Inventory,Inventory §16 p.12,Tested,Done,Done,Done,Pending,,Video content pieces (type video) with YouTube/video-SEO metadata + funnel stage + optimization; video landing pages via Marketing (Stage 6). Stage 9.
VID-009,VID,Video Marketing,,Service explainer videos,Feature Inventory,Inventory §16 p.12,Tested,Done,Done,Done,Pending,,Video content pieces (type video) with YouTube/video-SEO metadata + funnel stage + optimization; video landing pages via Marketing (Stage 6). Stage 9.
VID-010,VID,Video Marketing,,YouTube optimization,Feature Inventory,Inventory §16 p.12,Tested,Done,Done,Done,Pending,,Video content pieces (type video) with YouTube/video-SEO metadata + funnel stage + optimization; video landing pages via Marketing (Stage 6). Stage 9.
VID-011,VID,Video Marketing,,Video SEO,Feature Inventory,Inventory §16 p.12,Tested,Done,Done,Done,Pending,,Video content pieces (type video) with YouTube/video-SEO metadata + funnel stage + optimization; video landing pages via Marketing (Stage 6). Stage 9.
VID-012,VID,Video Marketing,,YouTube search ranking,Feature Inventory,Inventory §16 p.12,Tested,Done,Done,Done,Pending,,Video content pieces (type video) with YouTube/video-SEO metadata + funnel stage + optimization; video landing pages via Marketing (Stage 6). Stage 9.
VID-013,VID,Video Marketing,,Video landing pages,Feature Inventory,Inventory §16 p.12,Tested,Done,Done,Done,Pending,,Video content pieces (type video) with YouTube/video-SEO metadata + funnel stage + optimization; video landing pages via Marketing (Stage 6). Stage 9.
VID-014,VID,Video Marketing,,Video ads,Feature Inventory,Inventory §16 p.12,Planned,Pending,Pending,Pending,Pending,,Video ads + video retargeting are Stage 8 Advertising (needs Google Ads video connectors).
VID-015,VID,Video Marketing,,Video retargeting,Feature Inventory,Inventory §16 p.12,Planned,Pending,Pending,Pending,Pending,,Video ads + video retargeting are Stage 8 Advertising (needs Google Ads video connectors).
VID-016,VID,Video Marketing,,Personalized sales video,Feature Inventory,Inventory §16 p.12,Partially Implemented,Done,Pending,Pending,Pending,,Video strategy is human; personalized/sales video + video email tie to Marketing send + a video host (later). Stage 9.
VID-017,VID,Video Marketing,,Video email,Feature Inventory,Inventory §16 p.12,Partially Implemented,Done,Pending,Pending,Pending,,Video strategy is human; personalized/sales video + video email tie to Marketing send + a video host (later). Stage 9.
VID-018,VID,Video Marketing,,Conversion tracking,Feature Inventory,Inventory §16 p.12,Tested,Done,Done,Done,Pending,,Video content pieces (type video) with YouTube/video-SEO metadata + funnel stage + optimization; video landing pages via Marketing (Stage 6). Stage 9.
POD-001,POD,Podcast / Multimedia Authority,,Podcast appearances,Feature Inventory,Inventory §17 p.12,Tested,Yes,Yes,Yes,Yes,,"Podcast appearances shipped on the earned-media pipeline (Phase 28): outreach campaign type podcast_booking, placement kind podcast_appearance - a won pitch records a typed AuthorityAsset with the episode URL and rides the tested PR channel rollup and reputation assets. Tested in MultimediaAuthorityTest."
POD-002,POD,Podcast / Multimedia Authority,,Podcast production,Feature Inventory,Inventory §17 p.12,Tested,Done,Done,Done,Pending,,Podcast/interview/webinar content pieces + multimedia repurposing (pillar/content links). Stage 9.
POD-003,POD,Podcast / Multimedia Authority,,Expert interviews,Feature Inventory,Inventory §17 p.12,Tested,Done,Done,Done,Pending,,Podcast/interview/webinar content pieces + multimedia repurposing (pillar/content links). Stage 9.
POD-004,POD,Podcast / Multimedia Authority,,Webinar promotion,Feature Inventory,Inventory §17 p.12,Tested,Yes,Yes,Yes,Yes,,"Webinar promotion shipped (Phase 28): MultimediaPromotion::promote schedules one announcement per network (staggered, linked via content_piece_id, copy scaffolded from the piece's own title/excerpt/registration URL) through the tested social pipeline; one click on the piece page. Tested in MultimediaAuthorityTest."
POD-005,POD,Podcast / Multimedia Authority,,Video interviews,Feature Inventory,Inventory §17 p.12,Tested,Done,Done,Done,Pending,,Podcast/interview/webinar content pieces + multimedia repurposing (pillar/content links). Stage 9.
POD-006,POD,Podcast / Multimedia Authority,,Multimedia repurposing,Feature Inventory,Inventory §17 p.12,Tested,Done,Done,Done,Pending,,Podcast/interview/webinar content pieces + multimedia repurposing (pillar/content links). Stage 9.
POD-007,POD,Podcast / Multimedia Authority,,Executive thought leadership,Feature Inventory,Inventory §17 p.12,Tested,Done,Done,Done,Pending,,Podcast/interview/webinar content pieces + multimedia repurposing (pillar/content links). Stage 9.
POD-008,POD,Podcast / Multimedia Authority,,YouTube distribution,Feature Inventory,Inventory §17 p.12,Planned,Pending,Pending,Pending,Pending,,YouTube distribution (uploading the video files themselves) genuinely needs the YouTube Data API via an INTG connector. The channel is measured (OMNI-008) and clips/promos schedule to it (POD-004/009); the upload remains external. Stays Planned.
POD-009,POD,Podcast / Multimedia Authority,,Social clips,Feature Inventory,Inventory §17 p.12,Tested,Yes,Yes,Yes,Yes,,"Social clips shipped (Phase 28): a staggered clip schedule (typed clip posts rotating networks, one per day) linked to the source piece, each with guidance copy and an empty media slot for the tenant's cut - the platform schedules and distributes; cutting the video is production work, like designer work in BRAND. Tested in MultimediaAuthorityTest."
POD-010,POD,Podcast / Multimedia Authority,,Blog transcription and repurposing,Feature Inventory,Inventory §17 p.12,Tested,Done,Done,Done,Pending,,Podcast/interview/webinar content pieces + multimedia repurposing (pillar/content links). Stage 9.
LEAD-001,LEAD,Lead Generation,,Inbound lead generation,Feature Inventory,Inventory §18 p.13,Tested,Done,Done,tests/Feature/Qa/FullCustomerJourneyTest.php,Pending,,"Inbound machinery complete and journey-proven: forms, chat, booking and phone capture with tracker linkage, first-touch attribution, routing, scoring, alerts and webhooks."
LEAD-002,LEAD,Lead Generation,,Qualified lead generation,Feature Inventory,Inventory §18 p.13,Tested,Done,Done,tests/Feature/Qa/LeadGenerationScoringTest.php,Pending,,Qualified lead generation: scoring rules + intent signals promote captured leads; qualification pinned by the scoring suite.
LEAD-003,LEAD,Lead Generation,,MQL generation,Feature Inventory,Inventory §18 p.13,Tested,Done,Done,tests/Feature/Qa/LeadGenerationJourneyTest.php,Pending,,"MQL generation: LeadScoringService promotes lead->mql at MQL_THRESHOLD (20), forward-only, never touching later stages - pinned."
LEAD-004,LEAD,Lead Generation,,SQL generation,Feature Inventory,Inventory §18 p.13,Tested,Done,Done,tests/Feature/Qa/LeadGenerationScoringTest.php,Pending,,"SQL generation: SQL_THRESHOLD promotion with the one-shot sales alert, pinned by the scoring suite."
LEAD-005,LEAD,Lead Generation,,Booked meetings,Feature Inventory,Inventory §18 p.13,Tested,Done,Done,tests/Feature/Qa/BookingJourneyTest.php,Pending,,"Booked meetings are captured leads: BookingService dedupes the contact, sets lead_source=booking, fires the meeting-request alert and webhook. Status was stale - Booking shipped in Stage 10."
LEAD-006,LEAD,Lead Generation,,Consultation requests,Feature Inventory,Inventory §18 p.13,Tested,Done,Done,tests/Feature/Qa/BookingJourneyTest.php,Pending,,"Consultation requests: booking pages with meeting_type=consultation, journey-pinned (public page + in-chat)."
LEAD-007,LEAD,Lead Generation,,Assessment requests,Feature Inventory,Inventory §18 p.13,Tested,Done,Done,tests/Feature/Qa/LeadGenerationJourneyTest.php,Pending,,Assessment requests: meeting_type=assessment booking creates the lead + booking record - pinned explicitly.
LEAD-008,LEAD,Lead Generation,,Form leads,Feature Inventory,Inventory §18 p.13,Tested,Done,Done,Done,Done,,"Form-based lead capture: dedupe, source, segmentation (lists/dynamic criteria), routing (workflow assign action), lifecycle stages. 26 marketing tests. Stage 6."
LEAD-009,LEAD,Lead Generation,,Phone-call leads,Feature Inventory,Inventory §18 p.13,Tested,Done,Done,tests/Feature/Qa/LeadGenerationJourneyTest.php,Pending,,"Phone-call leads: converting a call now creates/links a real contact by phone (lead_source from the tracking number source, NO invented email), idempotent across repeat calls - pinned."
LEAD-010,LEAD,Lead Generation,,Organic leads,Feature Inventory,Inventory §18 p.13,Tested,Done,Done,tests/Feature/Qa/LeadGenerationJourneyTest.php,Pending,,"Organic leads: ChannelClassifier derives organic from utm_medium=organic, search-engine sources, or search referrers; leads-by-channel computed from immutable first touch."
LEAD-011,LEAD,Lead Generation,,Paid leads,Feature Inventory,Inventory §18 p.13,Tested,Done,Done,tests/Feature/Qa/LeadGenerationJourneyTest.php,Pending,,Paid leads: cpc/ppc/paid/display/retargeting mediums classify as paid; reported in leads-by-channel.
LEAD-012,LEAD,Lead Generation,,Social leads,Feature Inventory,Inventory §18 p.13,Tested,Done,Done,tests/Feature/Qa/LeadGenerationJourneyTest.php,Pending,,"Social leads: social mediums + social sources/referrers (LinkedIn, Facebook, X, YouTube, Reddit, TikTok) classify as social."
LEAD-013,LEAD,Lead Generation,,Content leads,Feature Inventory,Inventory §18 p.13,Tested,Done,Done,tests/Feature/Qa/LeadGenerationJourneyTest.php,Pending,,Content leads: content/blog/ebook/guide/webinar/newsletter/email mediums classify as content.
LEAD-014,LEAD,Lead Generation,,Referral attribution,Feature Inventory,Inventory §18 p.13,Tested,Done,Done,tests/Feature/Qa/LeadGenerationJourneyTest.php,Pending,,Referral attribution: referral medium or non-search external referrers classify as referral; deterministic and auditable.
LEAD-015,LEAD,Lead Generation,,Lead qualification,Feature Inventory,Inventory §18 p.13,Tested,Done,Done,Done,Done,,"Form-based lead capture: dedupe, source, segmentation (lists/dynamic criteria), routing (workflow assign action), lifecycle stages. 26 marketing tests. Stage 6."
LEAD-016,LEAD,Lead Generation,,Lead routing,Feature Inventory,Inventory §18 p.13,Tested,Done,Done,Done,Done,,"Form-based lead capture: dedupe, source, segmentation (lists/dynamic criteria), routing (workflow assign action), lifecycle stages. 26 marketing tests. Stage 6."
LEAD-017,LEAD,Lead Generation,,Lead segmentation,Feature Inventory,Inventory §18 p.13,Tested,Done,Done,Done,Done,,"Form-based lead capture: dedupe, source, segmentation (lists/dynamic criteria), routing (workflow assign action), lifecycle stages. 26 marketing tests. Stage 6."
LEAD-018,LEAD,Lead Generation,,Buyer intent detection,Feature Inventory,Inventory §18 p.13,Tested,Done,Done,tests/Feature/Qa/VisitorIntelligenceTest.php,Pending,,"Buyer intent detection shipped in Module 06: path-scored intent signals, identified-visitor linkage, high-intent/bottom-funnel/repeat-visit alerts. Status was stale."
LEAD-019,LEAD,Lead Generation,,Lead source tracking,Feature Inventory,Inventory §18 p.13,Tested,Done,Done,Done,Done,,"Form-based lead capture: dedupe, source, segmentation (lists/dynamic criteria), routing (workflow assign action), lifecycle stages. 26 marketing tests. Stage 6."
LEAD-020,LEAD,Lead Generation,,Lead quality scoring,Feature Inventory,Inventory §18 p.13,Tested,Done,Done,tests/Feature/Qa/LeadGenerationScoringTest.php,Pending,,"Lead quality scoring: weighted score + hot/warm/cold temperature grading, pinned by the scoring suite. Status was stale."
LEAD-021,LEAD,Lead Generation,,Lead lifecycle management,Feature Inventory,Inventory §18 p.13,Tested,Done,Done,Done,Done,,"Form-based lead capture: dedupe, source, segmentation (lists/dynamic criteria), routing (workflow assign action), lifecycle stages. 26 marketing tests. Stage 6."
LEAD-022,LEAD,Lead Generation,,Lead-to-opportunity conversion,Feature Inventory,Inventory §18 p.13,Tested,Done,Done,Done,Pending,,Lead-to-opportunity via CRM lead conversion (Stage 5) + lifecycle_stage progression; attribution fields (source/campaign) carried onto contact/deal. Stage 6.
LEAD-023,LEAD,Lead Generation,,Lead-to-revenue attribution,Feature Inventory,Inventory §18 p.13,Tested,Done,Done,Done,Pending,,Lead-to-opportunity via CRM lead conversion (Stage 5) + lifecycle_stage progression; attribution fields (source/campaign) carried onto contact/deal. Stage 6.
CRM-001,CRM,CRM,,Contact database,Feature Inventory,Inventory §19 p.13,Tested,Done,Done,Done,Pending,,Contacts CRUD + detail + tenant isolation + audit
CRM-002,CRM,CRM,,Company database,Feature Inventory,Inventory §19 p.13,Tested,Done,Done,Done,Pending,,Companies CRUD + detail
CRM-003,CRM,CRM,,Lead database,Feature Inventory,Inventory §19 p.13,Tested,Done,Done,Done,Pending,,Leads CRUD + statuses + convert
CRM-004,CRM,CRM,,Account records,Feature Inventory,Inventory §19 p.13,Tested,Done,Pending,Done,Pending,,Companies serve as account records (contacts/deals linked)
CRM-005,CRM,CRM,,Contact records,Feature Inventory,Inventory §19 p.13,Tested,Done,Done,Done,Pending,,Contact records with company/owner/attribution
CRM-006,CRM,CRM,,Lead stages,Feature Inventory,Inventory §19 p.13,Tested,Done,Done,Done,Pending,,Lead status stages (new/working/qualified/unqualified/converted)
CRM-007,CRM,CRM,,Opportunity stages,Feature Inventory,Inventory §19 p.13,Tested,Done,Done,Done,Pending,,"Opportunity stages (pipeline_stages, won/lost)"
CRM-008,CRM,CRM,,Deal pipeline,Feature Inventory,Inventory §19 p.13,Tested,Done,Done,Done,Pending,,Deal pipeline (default seeded per org) + kanban board
CRM-009,CRM,CRM,,Tasks,Feature Inventory,Inventory §19 p.13,Tested,Done,Done,Done,Pending,,"Tasks (activity type, due/complete)"
CRM-010,CRM,CRM,,Notes,Feature Inventory,Inventory §19 p.13,Tested,Done,Done,Done,Pending,,Notes (activity type)
CRM-011,CRM,CRM,,Calls,Feature Inventory,Inventory §19 p.13,Tested,Done,Done,Done,Pending,,Calls (activity type)
CRM-012,CRM,CRM,,Emails,Feature Inventory,Inventory §19 p.13,Tested,Done,Done,Done,Pending,,Email activities logged on timeline (sending = Stage 6 EMAIL)
CRM-013,CRM,CRM,,Meetings,Feature Inventory,Inventory §19 p.13,Tested,Done,Done,Done,Pending,,Meetings (activity type)
CRM-014,CRM,CRM,,Activities,Feature Inventory,Inventory §19 p.13,Tested,Done,Done,Done,Pending,,Polymorphic activity timeline (contact/company/lead/deal)
CRM-015,CRM,CRM,,Deal value,Feature Inventory,Inventory §19 p.13,Tested,Done,Done,Done,Pending,,Deal value (minor units)
CRM-016,CRM,CRM,,MRR field,Feature Inventory,Inventory §19 p.13,Tested,Done,Done,Done,Pending,,MRR field on deals
CRM-017,CRM,CRM,,ARR field,Feature Inventory,Inventory §19 p.13,Tested,Done,Done,Done,Pending,,ARR field on deals
CRM-018,CRM,CRM,,Contract term,Feature Inventory,Inventory §19 p.13,Tested,Done,Done,Done,Pending,,Contract term months on deals
CRM-019,CRM,CRM,,Estimated lifetime value,Feature Inventory,Inventory §19 p.13,Tested,Done,Done,Done,Pending,,Estimated lifetime value on deals
CRM-020,CRM,CRM,,Win and loss status,Feature Inventory,Inventory §19 p.13,Tested,Done,Done,Done,Pending,,Win/loss status via won/lost stages + closed_at
CRM-021,CRM,CRM,,Lead source,Feature Inventory,Inventory §19 p.13,Tested,Done,Done,Done,Pending,,Lead source on leads/contacts/deals
CRM-022,CRM,CRM,,Campaign attribution,Feature Inventory,Inventory §19 p.13,Tested,Done,Done,Done,Pending,,Campaign attribution fields (feeds ATTR Stage 11)
CRM-023,CRM,CRM,,Sales owner,Feature Inventory,Inventory §19 p.14,Tested,Done,Done,Done,Pending,,Sales owner on records (default = creator)
CRM-024,CRM,CRM,,Marketing owner,Feature Inventory,Inventory §19 p.14,Partially Implemented,Done,Pending,Pending,Pending,,marketing_owner_id field on deals; dedicated assignment UI later
CRM-025,CRM,CRM,,Automated lead assignment,Feature Inventory,Inventory §19 p.14,Partially Implemented,Done,Pending,Pending,Pending,,Creator-owner default; rule-based routing engine later
CRM-026,CRM,CRM,,Duplicate detection,Feature Inventory,Inventory §19 p.14,Tested,Done,Done,Done,Pending,,Duplicate detection on contact email (create + import)
CRM-027,CRM,CRM,,Contact enrichment,Feature Inventory,Inventory §19 p.14,Planned,Pending,Pending,Pending,Pending,,Contact enrichment needs a data provider/integration (later)
CRM-028,CRM,CRM,,CRM search,Feature Inventory,Inventory §19 p.14,Tested,Done,Done,Done,Pending,,"CRM records in global Cmd-K search (contacts/companies/deals), permission-gated + tenant-scoped"
CRM-029,CRM,CRM,,Filters,Feature Inventory,Inventory §19 p.14,Tested,Done,Done,Done,Pending,,"Field filters on the contacts list: lifecycle stage, lead source (distinct values actually present), owner, company - validated server-side, combined with search and sort. CrmTableTest."
CRM-030,CRM,CRM,,Saved views,Feature Inventory,Inventory §19 p.14,Tested,Done,Pending,Pending,Pending,,"Saved views wired end-to-end (CRMT): save current filters+sort as a personal view, apply from the list header, delete own only (403 on another user's, 404 cross-tenant). CrmTableTest."
AUTO-001,AUTO,Marketing Automation,Workflow automation,Trigger-based workflows,Feature Inventory,Inventory §20 p.14,Tested,Done,Done,Done,Pending,,"Trigger-based workflow engine: triggers form_submission/lead_stage/deal_stage/email_engagement/list_added; enrollment unique per active (workflow,contact); queued RunWorkflowStep with delays. Stage 6."
AUTO-002,AUTO,Marketing Automation,Workflow automation,Form-submission workflows,Feature Inventory,Inventory §20 p.14,Tested,Done,Done,Done,Pending,,"Trigger-based workflow engine: triggers form_submission/lead_stage/deal_stage/email_engagement/list_added; enrollment unique per active (workflow,contact); queued RunWorkflowStep with delays. Stage 6."
AUTO-003,AUTO,Marketing Automation,Workflow automation,Page-visit workflows,Feature Inventory,Inventory §20 p.14,Planned,Pending,Pending,Pending,Pending,,Page-visit + content-download triggers need a site tracking script; buyer-intent trigger is Stage 10 INTENT; retargeting-audience action needs ad connectors (Stage 8).
AUTO-004,AUTO,Marketing Automation,Workflow automation,Email-engagement workflows,Feature Inventory,Inventory §20 p.14,Tested,Done,Done,Done,Pending,,"Trigger-based workflow engine: triggers form_submission/lead_stage/deal_stage/email_engagement/list_added; enrollment unique per active (workflow,contact); queued RunWorkflowStep with delays. Stage 6."
AUTO-005,AUTO,Marketing Automation,Workflow automation,Content-download workflows,Feature Inventory,Inventory §20 p.14,Planned,Pending,Pending,Pending,Pending,,Page-visit + content-download triggers need a site tracking script; buyer-intent trigger is Stage 10 INTENT; retargeting-audience action needs ad connectors (Stage 8).
AUTO-006,AUTO,Marketing Automation,Workflow automation,Lead-stage workflows,Feature Inventory,Inventory §20 p.14,Tested,Done,Done,Done,Pending,,"Trigger-based workflow engine: triggers form_submission/lead_stage/deal_stage/email_engagement/list_added; enrollment unique per active (workflow,contact); queued RunWorkflowStep with delays. Stage 6."
AUTO-007,AUTO,Marketing Automation,Workflow automation,Deal-stage workflows,Feature Inventory,Inventory §20 p.14,Tested,Done,Done,Done,Pending,,"Trigger-based workflow engine: triggers form_submission/lead_stage/deal_stage/email_engagement/list_added; enrollment unique per active (workflow,contact); queued RunWorkflowStep with delays. Stage 6."
AUTO-008,AUTO,Marketing Automation,Workflow automation,Buyer-intent workflows,Feature Inventory,Inventory §20 p.14,Planned,Pending,Pending,Pending,Pending,,Page-visit + content-download triggers need a site tracking script; buyer-intent trigger is Stage 10 INTENT; retargeting-audience action needs ad connectors (Stage 8).
AUTO-009,AUTO,Marketing Automation,Nurturing,Automated nurture tracks,Feature Inventory,Inventory §20 p.14,Tested,Done,Done,Done,Pending,,Nurture/drip tracks via ordered workflow steps with per-step delay_minutes; funnel-stage nurtures modeled by trigger+action config. Stage 6.
AUTO-010,AUTO,Marketing Automation,Nurturing,Drip campaigns,Feature Inventory,Inventory §20 p.14,Tested,Done,Done,Done,Pending,,Nurture/drip tracks via ordered workflow steps with per-step delay_minutes; funnel-stage nurtures modeled by trigger+action config. Stage 6.
AUTO-011,AUTO,Marketing Automation,Nurturing,Top-of-funnel nurture,Feature Inventory,Inventory §20 p.14,Tested,Done,Done,Done,Pending,,Nurture/drip tracks via ordered workflow steps with per-step delay_minutes; funnel-stage nurtures modeled by trigger+action config. Stage 6.
AUTO-012,AUTO,Marketing Automation,Nurturing,Middle-of-funnel nurture,Feature Inventory,Inventory §20 p.14,Tested,Done,Done,Done,Pending,,Nurture/drip tracks via ordered workflow steps with per-step delay_minutes; funnel-stage nurtures modeled by trigger+action config. Stage 6.
AUTO-013,AUTO,Marketing Automation,Nurturing,Bottom-of-funnel nurture,Feature Inventory,Inventory §20 p.14,Tested,Done,Done,Done,Pending,,Nurture/drip tracks via ordered workflow steps with per-step delay_minutes; funnel-stage nurtures modeled by trigger+action config. Stage 6.
AUTO-014,AUTO,Marketing Automation,Nurturing,Long-term nurture,Feature Inventory,Inventory §20 p.14,Tested,Done,Done,Done,Pending,,Nurture/drip tracks via ordered workflow steps with per-step delay_minutes; funnel-stage nurtures modeled by trigger+action config. Stage 6.
AUTO-015,AUTO,Marketing Automation,Nurturing,Lost-opportunity nurture,Feature Inventory,Inventory §20 p.14,Tested,Done,Done,Done,Pending,,Nurture/drip tracks via ordered workflow steps with per-step delay_minutes; funnel-stage nurtures modeled by trigger+action config. Stage 6.
AUTO-016,AUTO,Marketing Automation,Nurturing,Cold-lead reactivation,Feature Inventory,Inventory §20 p.14,Tested,Done,Done,Done,Pending,,Nurture/drip tracks via ordered workflow steps with per-step delay_minutes; funnel-stage nurtures modeled by trigger+action config. Stage 6.
AUTO-017,AUTO,Marketing Automation,Nurturing,Existing-customer nurture,Feature Inventory,Inventory §20 p.14,Tested,Done,Done,Done,Pending,,Nurture/drip tracks via ordered workflow steps with per-step delay_minutes; funnel-stage nurtures modeled by trigger+action config. Stage 6.
AUTO-018,AUTO,Marketing Automation,Automated actions,Send email,Feature Inventory,Inventory §20 p.14,Tested,Done,Done,Done,Pending,,ActionExecutor: send_email/send_sms/assign/create_task/update_crm/change_score/change_lifecycle/notify/add|remove_from_list/schedule_follow_up. Each action tested. Stage 6.
AUTO-019,AUTO,Marketing Automation,Automated actions,Send SMS,Feature Inventory,Inventory §20 p.14,Tested,Done,Done,Done,Pending,,ActionExecutor: send_email/send_sms/assign/create_task/update_crm/change_score/change_lifecycle/notify/add|remove_from_list/schedule_follow_up. Each action tested. Stage 6.
AUTO-020,AUTO,Marketing Automation,Automated actions,Assign salesperson,Feature Inventory,Inventory §20 p.14,Tested,Done,Done,Done,Pending,,ActionExecutor: send_email/send_sms/assign/create_task/update_crm/change_score/change_lifecycle/notify/add|remove_from_list/schedule_follow_up. Each action tested. Stage 6.
AUTO-021,AUTO,Marketing Automation,Automated actions,Create task,Feature Inventory,Inventory §20 p.14,Tested,Done,Done,Done,Pending,,ActionExecutor: send_email/send_sms/assign/create_task/update_crm/change_score/change_lifecycle/notify/add|remove_from_list/schedule_follow_up. Each action tested. Stage 6.
AUTO-022,AUTO,Marketing Automation,Automated actions,Update CRM,Feature Inventory,Inventory §20 p.14,Tested,Done,Done,Done,Pending,,ActionExecutor: send_email/send_sms/assign/create_task/update_crm/change_score/change_lifecycle/notify/add|remove_from_list/schedule_follow_up. Each action tested. Stage 6.
AUTO-023,AUTO,Marketing Automation,Automated actions,Change lead score,Feature Inventory,Inventory §20 p.14,Tested,Done,Done,Done,Pending,,ActionExecutor: send_email/send_sms/assign/create_task/update_crm/change_score/change_lifecycle/notify/add|remove_from_list/schedule_follow_up. Each action tested. Stage 6.
AUTO-024,AUTO,Marketing Automation,Automated actions,Change lifecycle stage,Feature Inventory,Inventory §20 p.14,Tested,Done,Done,Done,Pending,,ActionExecutor: send_email/send_sms/assign/create_task/update_crm/change_score/change_lifecycle/notify/add|remove_from_list/schedule_follow_up. Each action tested. Stage 6.
AUTO-025,AUTO,Marketing Automation,Automated actions,Send notification,Feature Inventory,Inventory §20 p.14,Tested,Done,Done,Done,Pending,,ActionExecutor: send_email/send_sms/assign/create_task/update_crm/change_score/change_lifecycle/notify/add|remove_from_list/schedule_follow_up. Each action tested. Stage 6.
AUTO-026,AUTO,Marketing Automation,Automated actions,Add or remove list membership,Feature Inventory,Inventory §20 p.14,Tested,Done,Done,Done,Pending,,ActionExecutor: send_email/send_sms/assign/create_task/update_crm/change_score/change_lifecycle/notify/add|remove_from_list/schedule_follow_up. Each action tested. Stage 6.
AUTO-027,AUTO,Marketing Automation,Automated actions,Trigger retargeting audience,Feature Inventory,Inventory §20 p.14,Planned,Pending,Pending,Pending,Pending,,Page-visit + content-download triggers need a site tracking script; buyer-intent trigger is Stage 10 INTENT; retargeting-audience action needs ad connectors (Stage 8).
AUTO-028,AUTO,Marketing Automation,Automated actions,Schedule follow-up,Feature Inventory,Inventory §20 p.14,Tested,Done,Done,Done,Pending,,ActionExecutor: send_email/send_sms/assign/create_task/update_crm/change_score/change_lifecycle/notify/add|remove_from_list/schedule_follow_up. Each action tested. Stage 6.
EMAIL-001,EMAIL,Email Marketing,,Email campaign creation,Feature Inventory,Inventory §21 p.14,Tested,Done,Done,Done,Pending,,"Email campaigns via MailProvider log driver (ADR-0004): creation, HTML templates, personalization (merge tags), analytics (recipients/sent/opened/clicked/bounced/unsub), open+click tracking on our endpoints, unsubscribe->suppression. SMTP driver untested (no creds). Stage 6."
EMAIL-002,EMAIL,Email Marketing,,HTML email templates,Feature Inventory,Inventory §21 p.14,Tested,Done,Done,Done,Pending,,"Email campaigns via MailProvider log driver (ADR-0004): creation, HTML templates, personalization (merge tags), analytics (recipients/sent/opened/clicked/bounced/unsub), open+click tracking on our endpoints, unsubscribe->suppression. SMTP driver untested (no creds). Stage 6."
EMAIL-003,EMAIL,Email Marketing,,Plain-text sequences,Feature Inventory,Inventory §21 p.15,Partially Implemented,Done,Done,Done,Pending,,Plain-text/event campaigns + list segmentation + behavioral triggers (workflow email_engagement) + conversion attribution wired via tracking; richer campaign types/reporting expand later. Stage 6.
EMAIL-004,EMAIL,Email Marketing,,Newsletter campaigns,Feature Inventory,Inventory §21 p.15,Tested,Done,Done,Done,Pending,,"Email campaigns via MailProvider log driver (ADR-0004): creation, HTML templates, personalization (merge tags), analytics (recipients/sent/opened/clicked/bounced/unsub), open+click tracking on our endpoints, unsubscribe->suppression. SMTP driver untested (no creds). Stage 6."
EMAIL-005,EMAIL,Email Marketing,,Nurture emails,Feature Inventory,Inventory §21 p.15,Tested,Done,Done,Done,Pending,,"Email campaigns via MailProvider log driver (ADR-0004): creation, HTML templates, personalization (merge tags), analytics (recipients/sent/opened/clicked/bounced/unsub), open+click tracking on our endpoints, unsubscribe->suppression. SMTP driver untested (no creds). Stage 6."
EMAIL-006,EMAIL,Email Marketing,,Follow-up emails,Feature Inventory,Inventory §21 p.15,Tested,Done,Done,Done,Pending,,"Email campaigns via MailProvider log driver (ADR-0004): creation, HTML templates, personalization (merge tags), analytics (recipients/sent/opened/clicked/bounced/unsub), open+click tracking on our endpoints, unsubscribe->suppression. SMTP driver untested (no creds). Stage 6."
EMAIL-007,EMAIL,Email Marketing,,Sales emails,Feature Inventory,Inventory §21 p.15,Tested,Done,Done,Done,Pending,,"Email campaigns via MailProvider log driver (ADR-0004): creation, HTML templates, personalization (merge tags), analytics (recipients/sent/opened/clicked/bounced/unsub), open+click tracking on our endpoints, unsubscribe->suppression. SMTP driver untested (no creds). Stage 6."
EMAIL-008,EMAIL,Email Marketing,,Re-engagement campaigns,Feature Inventory,Inventory §21 p.15,Tested,Done,Done,Done,Pending,,"Email campaigns via MailProvider log driver (ADR-0004): creation, HTML templates, personalization (merge tags), analytics (recipients/sent/opened/clicked/bounced/unsub), open+click tracking on our endpoints, unsubscribe->suppression. SMTP driver untested (no creds). Stage 6."
EMAIL-009,EMAIL,Email Marketing,,Event campaigns,Feature Inventory,Inventory §21 p.15,Partially Implemented,Done,Done,Done,Pending,,Plain-text/event campaigns + list segmentation + behavioral triggers (workflow email_engagement) + conversion attribution wired via tracking; richer campaign types/reporting expand later. Stage 6.
EMAIL-010,EMAIL,Email Marketing,,Lead-magnet sequences,Feature Inventory,Inventory §21 p.15,Tested,Done,Done,Done,Pending,,"Email campaigns via MailProvider log driver (ADR-0004): creation, HTML templates, personalization (merge tags), analytics (recipients/sent/opened/clicked/bounced/unsub), open+click tracking on our endpoints, unsubscribe->suppression. SMTP driver untested (no creds). Stage 6."
EMAIL-011,EMAIL,Email Marketing,,Personalized email,Feature Inventory,Inventory §21 p.15,Tested,Done,Done,Done,Pending,,"Email campaigns via MailProvider log driver (ADR-0004): creation, HTML templates, personalization (merge tags), analytics (recipients/sent/opened/clicked/bounced/unsub), open+click tracking on our endpoints, unsubscribe->suppression. SMTP driver untested (no creds). Stage 6."
EMAIL-012,EMAIL,Email Marketing,,Segmentation,Feature Inventory,Inventory §21 p.15,Partially Implemented,Done,Done,Done,Pending,,Plain-text/event campaigns + list segmentation + behavioral triggers (workflow email_engagement) + conversion attribution wired via tracking; richer campaign types/reporting expand later. Stage 6.
EMAIL-013,EMAIL,Email Marketing,,Dynamic content,Feature Inventory,Inventory §21 p.15,Partially Implemented,Done,Pending,Done,Pending,,"Merge-tag dynamic content done; conditional content blocks + A/B testing are schema-ready, UI/runtime later. Stage 6."
EMAIL-014,EMAIL,Email Marketing,,Behavioral triggers,Feature Inventory,Inventory §21 p.15,Partially Implemented,Done,Done,Done,Pending,,Plain-text/event campaigns + list segmentation + behavioral triggers (workflow email_engagement) + conversion attribution wired via tracking; richer campaign types/reporting expand later. Stage 6.
EMAIL-015,EMAIL,Email Marketing,,A/B testing,Feature Inventory,Inventory §21 p.15,Partially Implemented,Done,Pending,Done,Pending,,"Merge-tag dynamic content done; conditional content blocks + A/B testing are schema-ready, UI/runtime later. Stage 6."
EMAIL-016,EMAIL,Email Marketing,,Email analytics,Feature Inventory,Inventory §21 p.15,Tested,Done,Done,Done,Pending,,"Email campaigns via MailProvider log driver (ADR-0004): creation, HTML templates, personalization (merge tags), analytics (recipients/sent/opened/clicked/bounced/unsub), open+click tracking on our endpoints, unsubscribe->suppression. SMTP driver untested (no creds). Stage 6."
EMAIL-017,EMAIL,Email Marketing,,Open tracking,Feature Inventory,Inventory §21 p.15,Tested,Done,Done,Done,Pending,,"Email campaigns via MailProvider log driver (ADR-0004): creation, HTML templates, personalization (merge tags), analytics (recipients/sent/opened/clicked/bounced/unsub), open+click tracking on our endpoints, unsubscribe->suppression. SMTP driver untested (no creds). Stage 6."
EMAIL-018,EMAIL,Email Marketing,,Click tracking,Feature Inventory,Inventory §21 p.15,Tested,Done,Done,Done,Pending,,"Email campaigns via MailProvider log driver (ADR-0004): creation, HTML templates, personalization (merge tags), analytics (recipients/sent/opened/clicked/bounced/unsub), open+click tracking on our endpoints, unsubscribe->suppression. SMTP driver untested (no creds). Stage 6."
EMAIL-019,EMAIL,Email Marketing,,Conversion attribution,Feature Inventory,Inventory §21 p.15,Partially Implemented,Done,Done,Done,Pending,,Plain-text/event campaigns + list segmentation + behavioral triggers (workflow email_engagement) + conversion attribution wired via tracking; richer campaign types/reporting expand later. Stage 6.
EMAIL-020,EMAIL,Email Marketing,,Unsubscribe management,Feature Inventory,Inventory §21 p.15,Tested,Done,Done,Done,Pending,,"Email campaigns via MailProvider log driver (ADR-0004): creation, HTML templates, personalization (merge tags), analytics (recipients/sent/opened/clicked/bounced/unsub), open+click tracking on our endpoints, unsubscribe->suppression. SMTP driver untested (no creds). Stage 6."
SMS-001,SMS,SMS Automation,,SMS nurturing,Feature Inventory,Inventory §22 p.15,Tested,Done,Done,Done,Pending,,SMS engine via SmsProvider log driver: nurture/follow-up/re-engagement/behavior-triggered (workflow send_sms) + opt-in/opt-out (sms_opt_in + suppression). Twilio driver real but untested (no creds). Stage 6.
SMS-002,SMS,SMS Automation,,Appointment reminders,Feature Inventory,Inventory §22 p.15,Tested,Yes,Yes,Yes,Yes,,"Appointment SMS reminders shipped (Phase 30): the daily booking-reminder command now sends the ATTENDEE an SMS (consent + suppression enforced per contact by the dispatcher, opted-out recorded as suppressed and never sent, no owner required), alongside the existing owner notification + attendee email. Tested in GeoSmsCloseoutTest."
SMS-003,SMS,SMS Automation,,Sales alerts,Feature Inventory,Inventory §22 p.15,Tested,Yes,Yes,Yes,Yes,,"Sales-alert SMS was already shipped as ALERT-002/004: organization alert_channels.sms_to, configured on the alerts page, best-effort delivery on every alert fire. Covered by RegisterCloseoutSprint1Test; earlier note predated that work."
SMS-004,SMS,SMS Automation,,Follow-up SMS,Feature Inventory,Inventory §22 p.15,Tested,Done,Done,Done,Pending,,SMS engine via SmsProvider log driver: nurture/follow-up/re-engagement/behavior-triggered (workflow send_sms) + opt-in/opt-out (sms_opt_in + suppression). Twilio driver real but untested (no creds). Stage 6.
SMS-005,SMS,SMS Automation,,Re-engagement,Feature Inventory,Inventory §22 p.15,Tested,Done,Done,Done,Pending,,SMS engine via SmsProvider log driver: nurture/follow-up/re-engagement/behavior-triggered (workflow send_sms) + opt-in/opt-out (sms_opt_in + suppression). Twilio driver real but untested (no creds). Stage 6.
SMS-006,SMS,SMS Automation,,Event reminders,Feature Inventory,Inventory §22 p.15,Tested,Yes,Yes,Yes,Yes,,"Event SMS reminders shipped (Phase 30): the same reminder engine with type-aware copy - an event/webinar/workshop booking page reads as an event reminder, anything else as an appointment. Tested in GeoSmsCloseoutTest."
SMS-007,SMS,SMS Automation,,Behavior-triggered texts,Feature Inventory,Inventory §22 p.15,Tested,Done,Done,Done,Pending,,SMS engine via SmsProvider log driver: nurture/follow-up/re-engagement/behavior-triggered (workflow send_sms) + opt-in/opt-out (sms_opt_in + suppression). Twilio driver real but untested (no creds). Stage 6.
SMS-008,SMS,SMS Automation,,Opt-in and opt-out management,Feature Inventory,Inventory §22 p.15,Tested,Done,Done,Done,Pending,,SMS engine via SmsProvider log driver: nurture/follow-up/re-engagement/behavior-triggered (workflow send_sms) + opt-in/opt-out (sms_opt_in + suppression). Twilio driver real but untested (no creds). Stage 6.
LSCR-001,LSCR,Lead Scoring,,Demographic scoring,Feature Inventory,Inventory §23 p.15,Tested,Done,Done,Done,Pending,,"Rule-based scoring: ScoringRule engine (equals/contains/gte/is_true over lifecycle/source/title/opt-in/company/intent attributes) sums active-rule points; temperature hot>=60/warm>=30/cold; SQL promotion at 50. LeadScoringService + controller, tested. QA 2026-08-19 (§20): exact arithmetic verified via HTTP - title rule +20."
LSCR-002,LSCR,Lead Scoring,,Firmographic scoring,Feature Inventory,Inventory §23 p.15,Tested,Done,Done,Done,Pending,,"Rule-based scoring: ScoringRule engine (equals/contains/gte/is_true over lifecycle/source/title/opt-in/company/intent attributes) sums active-rule points; temperature hot>=60/warm>=30/cold; SQL promotion at 50. LeadScoringService + controller, tested."
LSCR-003,LSCR,Lead Scoring,,Behavioral scoring,Feature Inventory,Inventory §23 p.15,Tested,Done,Done,Done,Pending,,"Rule-based scoring: ScoringRule engine (equals/contains/gte/is_true over lifecycle/source/title/opt-in/company/intent attributes) sums active-rule points; temperature hot>=60/warm>=30/cold; SQL promotion at 50. LeadScoringService + controller, tested. QA 2026-08-19 (§20): weighted intent signals verified to sum to 60 over 30 days."
LSCR-004,LSCR,Lead Scoring,,Intent scoring,Feature Inventory,Inventory §23 p.15,Tested,Done,Done,Done,Pending,,"Rule-based scoring: ScoringRule engine (equals/contains/gte/is_true over lifecycle/source/title/opt-in/company/intent attributes) sums active-rule points; temperature hot>=60/warm>=30/cold; SQL promotion at 50. LeadScoringService + controller, tested. QA 2026-08-19 (§20): intent_score gte rule verified to award points."
LSCR-005,LSCR,Lead Scoring,,Page-view scoring,Feature Inventory,Inventory §23 p.15,Tested,Done,Done,tests/Feature/Qa/LeadScoringSignalsTest.php,Pending,,"Page-view scoring is fully automatic: tracker pageviews record weighted signals (high-intent 8 / service 3 / content 2) on identified contacts, aggregated by the intent_score attribute into rules - end-to-end pinned."
LSCR-006,LSCR,Lead Scoring,,Service-page scoring,Feature Inventory,Inventory §23 p.15,Tested,Done,Done,tests/Feature/Qa/LeadScoringSignalsTest.php,Pending,,Service-page scoring: 'service/cybersecurity/managed-it/...' paths record service_interest (3) automatically.
LSCR-007,LSCR,Lead Scoring,,Pricing-page scoring,Feature Inventory,Inventory §23 p.15,Tested,Done,Done,tests/Feature/Qa/LeadScoringSignalsTest.php,Pending,,Pricing-page scoring: 'pricing/contact/book/quote' paths record high_intent_page (8) automatically.
LSCR-008,LSCR,Lead Scoring,,Email-engagement scoring,Feature Inventory,Inventory §23 p.15,Tested,Done,Done,tests/Feature/Qa/BuyerIntentSignalsTest.php,Pending,,Email-engagement scoring: first campaign click records campaign_click (10) on the contact through the public tracking route - flows into intent_score rules.
LSCR-009,LSCR,Lead Scoring,,Download scoring,Feature Inventory,Inventory §23 p.15,Tested,Done,Done,tests/Feature/Qa/LeadScoringSignalsTest.php,Pending,,"Download scoring: lead-magnet form submissions record form_submission (10) and download-page views record content_view (2), both automatic."
LSCR-010,LSCR,Lead Scoring,,Repeat-visit scoring,Feature Inventory,Inventory §23 p.15,Tested,Done,Done,tests/Feature/Qa/LeadScoringSignalsTest.php,Pending,,"Repeat-visit scoring: a known contact's new session records repeat_visit (10, per SS20) alongside the repeat-visit alert."
LSCR-011,LSCR,Lead Scoring,,Location scoring,Feature Inventory,Inventory §23 p.15,Tested,Done,Done,tests/Feature/Qa/LeadGenerationScoringTest.php,Pending,,Location scoring: company_city/company_region rule attributes from first-party CRM company data - the old 'firmographics unavailable' pin inverted and re-pinned.
LSCR-012,LSCR,Lead Scoring,,Company-size scoring,Feature Inventory,Inventory §23 p.15,Tested,Done,Done,tests/Feature/Qa/LeadGenerationScoringTest.php,Pending,,Company-size scoring: company_size rule attribute; SS20's '+15 for 100-250 employees' is now expressible and pinned.
LSCR-013,LSCR,Lead Scoring,,Decision-maker scoring,Feature Inventory,Inventory §23 p.15,Tested,Done,Done,Done,Pending,,"Rule-based scoring: ScoringRule engine (equals/contains/gte/is_true over lifecycle/source/title/opt-in/company/intent attributes) sums active-rule points; temperature hot>=60/warm>=30/cold; SQL promotion at 50. LeadScoringService + controller, tested."
LSCR-014,LSCR,Lead Scoring,,Predictive lead scoring,Feature Inventory,Inventory §23 p.15,Planned,Pending,Pending,Pending,Pending,,Predictive scoring needs a trained model over meaningful close history - not statistical dressing over thin data. Deferred honestly.
LSCR-015,LSCR,Lead Scoring,,AI lead scoring,Feature Inventory,Inventory §23 p.15,Planned,Pending,Pending,Pending,Pending,,AI-assisted scoring rides the AiGateway once outbound 443 opens; rules + intent remain the deterministic core.
LSCR-016,LSCR,Lead Scoring,,Lead temperature,Feature Inventory,Inventory §23 p.15,Tested,Done,Done,Done,Pending,,"Rule-based scoring: ScoringRule engine (equals/contains/gte/is_true over lifecycle/source/title/opt-in/company/intent attributes) sums active-rule points; temperature hot>=60/warm>=30/cold; SQL promotion at 50. LeadScoringService + controller, tested. QA 2026-08-19 (§20): hot/warm/cold boundaries verified."
LSCR-017,LSCR,Lead Scoring,,"Hot, warm, and cold classification",Feature Inventory,Inventory §23 p.15,Tested,Done,Done,Done,Pending,,"Rule-based scoring: ScoringRule engine (equals/contains/gte/is_true over lifecycle/source/title/opt-in/company/intent attributes) sums active-rule points; temperature hot>=60/warm>=30/cold; SQL promotion at 50. LeadScoringService + controller, tested. QA 2026-08-19 (§20): classification verified at 80 = hot."
LSCR-018,LSCR,Lead Scoring,,SQL threshold,Feature Inventory,Inventory §23 p.15,Tested,Done,Done,Done,Pending,,"Rule-based scoring: ScoringRule engine (equals/contains/gte/is_true over lifecycle/source/title/opt-in/company/intent attributes) sums active-rule points; temperature hot>=60/warm>=30/cold; SQL promotion at 50. LeadScoringService + controller, tested. QA 2026-08-19 (§20): SQL promotion at 50 verified."
LSCR-019,LSCR,Lead Scoring,,Automatic routing,Feature Inventory,Inventory §23 p.16,Tested,Done,Done,tests/Feature/Qa/LeadScoringSignalsTest.php,Pending,,Automatic routing: unowned captured leads assign round-robin to the least-loaded active member at capture time; owned contacts keep their owner - both pinned. Booking round-robin already existed.
INTENT-001,INTENT,Buyer Intent Intelligence,,Anonymous visitor identification,Feature Inventory,Inventory §24 p.16,Tested,Pending,Pending,Pending,Pending,,"First-party tracker (VINT): keyed /t/{key}.js pixel + throttled ingest, per-visitor cookie identity, identify() by email links the tenant's contact; anonymous visitors listed with full trail. VisitorIntelligenceTest."
INTENT-002,INTENT,Buyer Intent Intelligence,,Company identification,Feature Inventory,Inventory §24 p.16,Planned,Pending,Pending,Pending,Pending,,Reverse-IP company identification needs an external enrichment provider (via the INTG connector framework) - not faked. First-party truth shown instead: identified visitors carry their contact's company.
INTENT-003,INTENT,Buyer Intent Intelligence,,Repeat visitor detection,Feature Inventory,Inventory §24 p.16,Tested,Done,Done,Partial,Pending,,Repeat-visitor detection: sessions counted on a 30-minute quiet window per visitor (VisitorIntelligenceTest travels across the boundary).
INTENT-004,INTENT,Buyer Intent Intelligence,,High-intent page detection,Feature Inventory,Inventory §24 p.16,Tested,Done,Done,Partial,Pending,,High-intent page detection: pricing/contact/book/quote/consultation paths score 8 on the visitor and record high_intent_page signals once identified.
INTENT-005,INTENT,Buyer Intent Intelligence,,Service interest detection,Feature Inventory,Inventory §24 p.16,Tested,Done,Done,Partial,Pending,,"Service-interest detection: service/cybersecurity/managed-it/msp/microsoft-365/cmmc paths score 3, recorded as service_interest signals for identified contacts."
INTENT-006,INTENT,Buyer Intent Intelligence,,Bottom-funnel behavior detection,Feature Inventory,Inventory §24 p.16,Tested,Done,Done,Partial,Pending,,Bottom-funnel behavior: high-intent path rule + hosted-form submissions link the browsing trail to the created contact via the pixel cookie (LeadCaptureService).
INTENT-007,INTENT,Buyer Intent Intelligence,,Intent scoring,Feature Inventory,Inventory §24 p.16,Tested,Done,Done,Done,Pending,,"IntentService scores recent signals (30d, high-intent>=20); AlertService fires deduped SalesAlert + owner notification in real time on signal record; nextAction heuristic; AccountService aggregates account intent. Tested."
INTENT-008,INTENT,Buyer Intent Intelligence,,Account activity,Feature Inventory,Inventory §24 p.16,Tested,Done,Done,Done,Pending,,"IntentService scores recent signals (30d, high-intent>=20); AlertService fires deduped SalesAlert + owner notification in real time on signal record; nextAction heuristic; AccountService aggregates account intent. Tested."
INTENT-009,INTENT,Buyer Intent Intelligence,,Content-consumption signals,Feature Inventory,Inventory §24 p.16,Tested,Done,Done,Partial,Pending,,"Content-consumption signals: blog/guide/resource/case-study/ebook/webinar paths score 2, recorded as content_view signals once identified."
INTENT-010,INTENT,Buyer Intent Intelligence,,Campaign engagement,Feature Inventory,Inventory §24 p.16,Tested,Done,Done,tests/Feature/Qa/BuyerIntentSignalsTest.php,Pending,,"Campaign engagement: a recipient's first campaign click records a campaign_click intent signal (weight 10) on the contact through the public tracking route - org resolved from the recipient, deduped per token, pinned."
INTENT-011,INTENT,Buyer Intent Intelligence,,Ad engagement,Feature Inventory,Inventory §24 p.16,Tested,Done,Done,tests/Feature/Qa/BuyerIntentSignalsTest.php,Pending,,"Ad engagement: a known contact starting a new session on a paid first touch (ChannelClassifier) records ad_engagement once per session, never per pageview - pinned."
INTENT-012,INTENT,Buyer Intent Intelligence,,CRM activity,Feature Inventory,Inventory §24 p.16,Tested,Done,Done,tests/Feature/Qa/BuyerIntentSignalsTest.php,Pending,,CRM activity intent: logging a call/email/meeting on a contact records crm_activity (weight 5); notes and tasks deliberately do not - pinned.
INTENT-013,INTENT,Buyer Intent Intelligence,,Buying-window signals,Feature Inventory,Inventory §24 p.16,Tested,Done,Done,tests/Feature/Qa/BuyerIntentSignalsTest.php,Pending,,"Buying-window detection: >=3 signals worth >=20 points inside 14 days - sustained evaluation, not one hot page; single spikes and aged activity excluded (both pinned). Badged on the intent workspace."
INTENT-014,INTENT,Buyer Intent Intelligence,,Sales alerts,Feature Inventory,Inventory §24 p.16,Tested,Done,Done,Done,Pending,,"IntentService scores recent signals (30d, high-intent>=20); AlertService fires deduped SalesAlert + owner notification in real time on signal record; nextAction heuristic; AccountService aggregates account intent. Tested."
INTENT-015,INTENT,Buyer Intent Intelligence,,Real-time alerts,Feature Inventory,Inventory §24 p.16,Tested,Done,Done,Done,Pending,,"IntentService scores recent signals (30d, high-intent>=20); AlertService fires deduped SalesAlert + owner notification in real time on signal record; nextAction heuristic; AccountService aggregates account intent. Tested."
INTENT-016,INTENT,Buyer Intent Intelligence,,Recommended next action,Feature Inventory,Inventory §24 p.16,Tested,Done,Done,Done,Pending,,"IntentService scores recent signals (30d, high-intent>=20); AlertService fires deduped SalesAlert + owner notification in real time on signal record; nextAction heuristic; AccountService aggregates account intent. Tested."
ALERT-001,ALERT,Sales Alerts,,Instant email alert,Feature Inventory,Inventory §25 p.16,Tested,Done,Done,tests/Feature/Qa/RegisterCloseoutSprint1Test.php,Pending,,Email alert rides PlatformNotification's mail channel with per-user opt-out; asserted in the sprint test + AlertNotificationsTest preference case.
ALERT-002,ALERT,Sales Alerts,,SMS alert,Feature Inventory,Inventory §25 p.16,Tested,Done,Done,tests/Feature/Qa/RegisterCloseoutSprint1Test.php,Pending,,SMS via the App\Messaging SmsProvider abstraction to the org-configured number (sales alerts page). Log driver until Twilio creds; delivery best-effort.
ALERT-003,ALERT,Sales Alerts,,CRM alert,Feature Inventory,Inventory §25 p.16,Tested,Done,Done,tests/Feature/Qa/RegisterCloseoutSprint1Test.php,Pending,,Every fired alert writes a CRM Activity note on the contact timeline.
ALERT-004,ALERT,Sales Alerts,,Teams or Slack notification,Feature Inventory,Inventory §25 p.16,Tested,Done,Done,tests/Feature/Qa/RegisterCloseoutSprint1Test.php,Pending,,Slack/Teams incoming-webhook fan-out ({text} payload) to the org-configured https URL; Http-faked test.
ALERT-005,ALERT,Sales Alerts,,High-intent alert,Feature Inventory,Inventory §25 p.16,Tested,Done,Done,Done,Pending,,AlertRule trigger=high_intent fires a deduped SalesAlert + owner notification when IntentService reports high intent. Tested.
ALERT-006,ALERT,Sales Alerts,,Repeat-visitor alert,Feature Inventory,Inventory §25 p.16,Tested,Done,Done,tests/Feature/Qa/RegisterCloseoutSprint1Test.php,Pending,,"Fires when an identified visitor starts a new session beyond their first (VisitorTracker), deduped while unread."
ALERT-007,ALERT,Sales Alerts,,Content-engagement alert,Feature Inventory,Inventory §25 p.16,Tested,Done,Done,tests/Feature/Qa/RegisterCloseoutSprint1Test.php,Pending,,Fires at the third content_view intent signal for a known contact.
ALERT-008,ALERT,Sales Alerts,,Bottom-funnel alert,Feature Inventory,Inventory §25 p.16,Tested,Done,Done,tests/Feature/Qa/RegisterCloseoutSprint1Test.php,Pending,,Fires on a high-intent (pricing/booking/contact) pageview by a known contact.
ALERT-009,ALERT,Sales Alerts,,Meeting-request alert,Feature Inventory,Inventory §25 p.16,Tested,Done,Done,tests/Feature/Qa/RegisterCloseoutSprint1Test.php,Pending,,Fires from BookingService::book for public-page and in-chat bookings.
AISA-001,AISA,AI Sales Agent,,AI lead qualification,Feature Inventory,Inventory §26 p.16,Tested,Done,Done,Done,Pending,,"AI lead qualification: renders the contact profile, parses a QUALIFIED/REASON verdict. Runs through AiGateway (versioned prompt, cost tracking, credit limit, retry, audit). Tested end-to-end on the FIXTURE model: orchestration, parsing, persistence and gating are verified; the quality of real language-model output is NOT verified here because no credentials exist (live drivers are Implemented-untested per ADR-0008)."
AISA-002,AISA,AI Sales Agent,,Website AI chatbot,Feature Inventory,Inventory §26 p.16,Tested,Yes,Yes,Yes,Yes,,"Website AI chatbot SHIPPED with the chat module: the public widget's 'ai' flow node answers typed visitor questions through AiGateway (grounded on org name + service lines), turn-capped at 5, degrades to human capture on ANY AI failure, spends nothing from builder previews, and ships in DefaultChatFlow (ai_ask). Covered end-to-end over the public /wc endpoints in ChatBookingAndAiTest. Earlier note predated the chat module."
AISA-003,AISA,AI Sales Agent,,AI conversation summaries,Feature Inventory,Inventory §26 p.16,Tested,Done,Done,Done,Pending,,"AI conversation summaries: summarizes the stored transcript and persists it on the conversation. Runs through AiGateway (versioned prompt, cost tracking, credit limit, retry, audit). Tested end-to-end on the FIXTURE model: orchestration, parsing, persistence and gating are verified; the quality of real language-model output is NOT verified here because no credentials exist (live drivers are Implemented-untested per ADR-0008)."
AISA-004,AISA,AI Sales Agent,,AI appointment booking,Feature Inventory,Inventory §26 p.16,Tested,Done,Done,Done,Pending,,"AI appointment booking: the agent PROPOSES a meeting (ai_actions, pending); a booking row is created only after a human with ai.actions.approve confirms. Tested that proposing creates no booking and approval creates one sourced ai_agent. Runs through AiGateway (versioned prompt, cost tracking, credit limit, retry, audit). Tested end-to-end on the FIXTURE model: orchestration, parsing, persistence and gating are verified; the quality of real language-model output is NOT verified here because no credentials exist (live drivers are Implemented-untested per ADR-0008)."
AISA-005,AISA,AI Sales Agent,,AI lead research,Feature Inventory,Inventory §26 p.16,Tested,Yes,Yes,Yes,Yes,,"Research now grounded in the prospect's OWN public website (Phase 25): ProspectSiteReader fetches it through the SSRF guard (in-house crawler discipline, no vendor) and the research profile carries a provenance-labeled 'Observed on their public website' block; unreadable/absent site -> the profile states CRM-records-only explicitly. Never asserts facts from anywhere else. Tested in AiSalesAgentCloseoutTest."
AISA-006,AISA,AI Sales Agent,,AI contact enrichment,Feature Inventory,Inventory §26 p.16,Planned,Pending,Pending,Pending,Pending,,"AI contact enrichment requires a third-party enrichment data provider (INTG): verified emails, phones and firmographics cannot come from a model, and the platform must not fabricate them. The prospect's own website is now read for research grounding (AISA-005/007) but that is observation, not verified enrichment data. Stays Planned pending a provider."
AISA-007,AISA,AI Sales Agent,,AI account research,Feature Inventory,Inventory §26 p.16,Tested,Yes,Yes,Yes,Yes,,"Account research grounded the same way as AISA-005 (Phase 25): the company's own site read through the SSRF guard, provenance-labeled, CRM-only stated honestly when unreadable. Tested in AiSalesAgentCloseoutTest."
AISA-008,AISA,AI Sales Agent,,AI email creation,Feature Inventory,Inventory §26 p.16,Tested,Done,Done,Done,Pending,,"AI email creation: returns a DRAFT with subject line; nothing is sent. Sending is a separate confirmed action. Runs through AiGateway (versioned prompt, cost tracking, credit limit, retry, audit). Tested end-to-end on the FIXTURE model: orchestration, parsing, persistence and gating are verified; the quality of real language-model output is NOT verified here because no credentials exist (live drivers are Implemented-untested per ADR-0008)."
AISA-009,AISA,AI Sales Agent,,AI follow-up,Feature Inventory,Inventory §26 p.16,Tested,Done,Done,Done,Pending,,"AI follow-up drafting for unanswered contacts (draft only, never sent). Runs through AiGateway (versioned prompt, cost tracking, credit limit, retry, audit). Tested end-to-end on the FIXTURE model: orchestration, parsing, persistence and gating are verified; the quality of real language-model output is NOT verified here because no credentials exist (live drivers are Implemented-untested per ADR-0008)."
AISA-010,AISA,AI Sales Agent,,AI objection handling,Feature Inventory,Inventory §26 p.16,Tested,Done,Done,Done,Pending,,"AI objection handling: returns suggested handling for a supplied objection. Runs through AiGateway (versioned prompt, cost tracking, credit limit, retry, audit). Tested end-to-end on the FIXTURE model: orchestration, parsing, persistence and gating are verified; the quality of real language-model output is NOT verified here because no credentials exist (live drivers are Implemented-untested per ADR-0008)."
AISA-011,AISA,AI Sales Agent,,AI next-best-action recommendations,Feature Inventory,Inventory §26 p.16,Tested,Done,Done,Done,Pending,,"AI next-best-action from lifecycle, deterministic lead score and Stage 10 intent score. Runs through AiGateway (versioned prompt, cost tracking, credit limit, retry, audit). Tested end-to-end on the FIXTURE model: orchestration, parsing, persistence and gating are verified; the quality of real language-model output is NOT verified here because no credentials exist (live drivers are Implemented-untested per ADR-0008)."
AISA-012,AISA,AI Sales Agent,,AI lead scoring,Feature Inventory,Inventory §26 p.16,Tested,Yes,Yes,Yes,Yes,,"Advisory scoring completed with persistence + calibration (Phase 25): every advisory score is recorded in ai_scores (never touching the deterministic lead_score - still asserted), and ScoreCalibration back-tests scored deals against real won/lost outcomes (avg per bucket + separation), guarded insufficient_data under 3 closed deals per bucket. Quality is only ever the tenant's own measured number on the AI dashboard, never our claim. Tested in AiSalesAgentCloseoutTest."
AISA-013,AISA,AI Sales Agent,,AI opportunity scoring,Feature Inventory,Inventory §26 p.17,Tested,Yes,Yes,Yes,Yes,,"Opportunity scoring: same persistence + outcome calibration as AISA-012 (Phase 25), deal-scoped. Tested in AiSalesAgentCloseoutTest."
AISA-014,AISA,AI Sales Agent,,AI sales-call summaries,Feature Inventory,Inventory §26 p.17,Tested,Yes,Yes,Yes,Yes,,"Call summaries now work on REAL transcripts without the call provider (Phase 25): a transcript pasted from any source attaches to the call (manage-gated, 20k chars) and summarizeCall consumes it; without one it summarizes metadata and says so. Provider auto-transcripts remain credential-gated (CALL-004). Tested in AiSalesAgentCloseoutTest."
AISA-015,AISA,AI Sales Agent,,AI CRM updating,Feature Inventory,Inventory §26 p.17,Tested,Done,Done,Done,Pending,,"AI CRM updating: proposes changes for human confirmation; on approval only an explicit allow-list of contact fields is written (email/lead_score deliberately not writable by AI). Tested incl. a proposal attempting to change disallowed fields. Runs through AiGateway (versioned prompt, cost tracking, credit limit, retry, audit). Tested end-to-end on the FIXTURE model: orchestration, parsing, persistence and gating are verified; the quality of real language-model output is NOT verified here because no credentials exist (live drivers are Implemented-untested per ADR-0008)."
AISA-016,AISA,AI Sales Agent,,AI proposal assistance,Feature Inventory,Inventory §26 p.17,Tested,Done,Done,Done,Pending,,"AI proposal assistance: returns a structured proposal outline for a deal. Runs through AiGateway (versioned prompt, cost tracking, credit limit, retry, audit). Tested end-to-end on the FIXTURE model: orchestration, parsing, persistence and gating are verified; the quality of real language-model output is NOT verified here because no credentials exist (live drivers are Implemented-untested per ADR-0008)."
BOOK-001,BOOK,Appointment Booking,,Calendar integration,Feature Inventory,Inventory §27 p.17,Tested,Done,Done,Done,Pending,,Calendar integration OAuth-free: per-booking .ics invite linked in the confirmation email + per-page secret ICS feed URL Google/Outlook/Apple can subscribe to (IcsCalendar). Two-way OAuth sync remains a connector enhancement. BookingCloseoutTest. Phase 18.
BOOK-002,BOOK,Appointment Booking,,Book-a-consultation widget,Feature Inventory,Inventory §27 p.17,Tested,Done,Done,Done,Pending,,"Public unauthenticated booking page /b/{slug} creates Booking + Contact (dedup by email) + meeting Activity, tenant-safe; round-robin picks the least-loaded active member. BookingService, tested."
BOOK-003,BOOK,Appointment Booking,,Salesperson availability,Feature Inventory,Inventory §27 p.17,Tested,Done,Done,Done,Pending,,"Salesperson availability: booking-page working hours (days/start/end) drive real offered slots on the public page (generalized ChatBookingSlots engine), picked slots revalidated server-side, taken slots disappear; manual ""request another time"" stays explicit. Phase 18."
BOOK-004,BOOK,Appointment Booking,,Round-robin assignment,Feature Inventory,Inventory §27 p.17,Tested,Done,Done,Done,Pending,,"Public unauthenticated booking page /b/{slug} creates Booking + Contact (dedup by email) + meeting Activity, tenant-safe; round-robin picks the least-loaded active member. BookingService, tested."
BOOK-005,BOOK,Appointment Booking,,Territory-based assignment,Feature Inventory,Inventory §27 p.17,Tested,Done,Done,Done,Pending,,"Territory assignment: assignment=territory matches the visitor-provided city against branch city/region/territory (seo_locations.owner_id = branch rep) and routes to that rep, round-robin fallback when nothing matches. Phase 18."
BOOK-006,BOOK,Appointment Booking,,Qualification forms,Feature Inventory,Inventory §27 p.17,Tested,Done,Done,Done,Pending,,"Qualification forms: per-page custom questions (label+required) rendered/validated on the public page, answers stored keyed by label; UTM on the booking link captured onto the booking alongside visitor-trail attribution. Phase 18."
BOOK-007,BOOK,Appointment Booking,,Meeting reminders,Feature Inventory,Inventory §27 p.17,Tested,Done,Done,tests/Feature/Qa/BookingJourneyTest.php,Pending,,"Reminder command emails the attendee and notifies the owner; pinned by 'reminds the attendee, not only the sales rep'."
BOOK-008,BOOK,Appointment Booking,,Rescheduling,Feature Inventory,Inventory §27 p.17,Tested,Done,Done,tests/Feature/Qa/BookingJourneyTest.php,Pending,,BookingService::reschedule pinned by 'supports cancellation and rescheduling'.
BOOK-009,BOOK,Appointment Booking,,Cancellation management,Feature Inventory,Inventory §27 p.17,Tested,Done,Done,tests/Feature/Qa/BookingJourneyTest.php,Pending,,Status change to cancelled pinned by 'supports cancellation and rescheduling'.
BOOK-010,BOOK,Appointment Booking,,Meeting source attribution,Feature Inventory,Inventory §27 p.17,Tested,Done,Done,tests/Feature/Qa/RegisterCloseoutSprint1Test.php,Pending,,The _pt_vid tracker cookie links the booking's contact to the visitor trail; first-touch UTM survives into attribution.
BOOK-011,BOOK,Appointment Booking,,No-show workflow,Feature Inventory,Inventory §27 p.17,Tested,Done,Done,Done,Pending,,No-show workflow: status no_show fires the booking_no_show automation trigger (workflow-creatable) + a re-book email pointing at the booking page. Phase 18.
BOOK-012,BOOK,Appointment Booking,,Post-meeting follow-up,Feature Inventory,Inventory §27 p.17,Tested,Done,Done,Done,Pending,,Post-meeting follow-up: status completed fires booking_completed (automation) + creates a dated follow-up task for the owner. Phase 18.
ABM-001,ABM,ABM - Account-Based Marketing,,Target account lists,Feature Inventory,Inventory §28 p.17,Tested,Done,Done,Done,Pending,,TargetAccount lists with Tier 1/2/3; AccountService.score aggregates company contacts' lead_score + intent; buyingCommittee returns the company's contacts. Tested.
ABM-002,ABM,ABM - Account-Based Marketing,,"Tier 1, Tier 2, and Tier 3 accounts",Feature Inventory,Inventory §28 p.17,Tested,Done,Done,Done,Pending,,TargetAccount lists with Tier 1/2/3; AccountService.score aggregates company contacts' lead_score + intent; buyingCommittee returns the company's contacts. Tested.
ABM-003,ABM,ABM - Account-Based Marketing,,Account scoring,Feature Inventory,Inventory §28 p.17,Tested,Done,Done,Done,Pending,,TargetAccount lists with Tier 1/2/3; AccountService.score aggregates company contacts' lead_score + intent; buyingCommittee returns the company's contacts. Tested.
ABM-004,ABM,ABM - Account-Based Marketing,,Company enrichment,Feature Inventory,Inventory §28 p.17,Planned,Pending,Pending,Pending,Pending,,Company enrichment needs an external data provider (Clearbit-class) via an INTG connector - verified firmographics cannot come from a model and must not be fabricated. The generic OAuth/api-key framework is ready for it. Stays Planned.
ABM-005,ABM,ABM - Account-Based Marketing,,Decision-maker identification,Feature Inventory,Inventory §28 p.17,Tested,Done,Done,tests/Feature/Qa/AbmJourneyTest.php,Pending,,"Decision makers: explicit contacts.buying_role (decision_maker/champion/influencer/blocker/user, CRM-editable) wins; a title heuristic (CxO/VP/Director/Owner...) covers unclassified contacts. Surfaced on the accounts table and account report."
ABM-006,ABM,ABM - Account-Based Marketing,,Buying committee mapping,Feature Inventory,Inventory §28 p.17,Tested,Done,Done,Done,Pending,,TargetAccount lists with Tier 1/2/3; AccountService.score aggregates company contacts' lead_score + intent; buyingCommittee returns the company's contacts. Tested.
ABM-007,ABM,ABM - Account-Based Marketing,,Org-chart mapping,Feature Inventory,Inventory §28 p.17,Tested,Yes,Yes,Yes,Yes,,"Org-chart mapping shipped in-CRM (Phase 26): contacts.reports_to_contact_id captures reporting lines (same-company only, self refused), AccountService::orgChart renders the committee as a cycle-safe reporting forest on the account report, set from the committee table. Enrichment providers would only auto-fill the same field (ABM-004). Tested in AbmCloseoutTest."
ABM-008,ABM,ABM - Account-Based Marketing,,Multi-threading,Feature Inventory,Inventory §28 p.17,Tested,Done,Done,tests/Feature/Qa/AbmJourneyTest.php,Pending,,"Multi-threading measured: engaged contacts (lead score or intent) counted per account; >=2 engaged = multi-threaded, badged on the accounts table and report."
ABM-009,ABM,ABM - Account-Based Marketing,,Personalized campaigns,Feature Inventory,Inventory §28 p.17,Tested,Done,Done,tests/Feature/Qa/AbmJourneyTest.php,Pending,,"Personalized ABM campaigns: tier buying committees sync into 'ABM Tier N committee' marketing lists (idempotent, tier-scoped); campaigns target the list and existing merge tags personalize per contact."
ABM-010,ABM,ABM - Account-Based Marketing,,Personalized landing pages,Feature Inventory,Inventory §28 p.17,Tested,Done,Done,tests/Feature/Qa/AbmJourneyTest.php,Pending,,"Per-account landing pages: 'Landing page' action drafts a '{Service} built for {Company}' page with the company baked into headline and body; unique slug, reviewed before publishing at /p/{slug}."
ABM-011,ABM,ABM - Account-Based Marketing,,Account-specific content,Feature Inventory,Inventory §28 p.17,Tested,Yes,Yes,Yes,Yes,,Account-specific content shipped (Phase 26): content_pieces.company_id targets a piece at one account's company; the account report lists the account's content and attaches existing pieces. Personalized landing pages (ABM-010) remain the page side. Tested in AbmCloseoutTest.
ABM-012,ABM,ABM - Account-Based Marketing,,LinkedIn ABM,Feature Inventory,Inventory §28 p.17,Tested,Yes,Yes,Yes,Yes,,"LinkedIn ABM shipped on the manual-upload workflow (Phase 26): the accounts screen exports the exact company-list CSV (companyname,companywebsite) LinkedIn Campaign Manager accepts for account targeting (active accounts, optional tier filter, audited), and the contact side rides tier list -> retargeting audience -> hashed-email LinkedIn CSV (Phase 16). Automated audience sync via the LinkedIn API stays connector-gated. Tested in AbmCloseoutTest."
ABM-013,ABM,ABM - Account-Based Marketing,,Email ABM,Feature Inventory,Inventory §28 p.17,Tested,Done,Done,tests/Feature/Qa/AbmJourneyTest.php,Pending,,"Email ABM = campaigns to the synced ABM tier lists through the existing campaign engine (open/click tracking, suppression, merge tags)."
ABM-014,ABM,ABM - Account-Based Marketing,,Retargeting,Feature Inventory,Inventory §28 p.17,Tested,Yes,Yes,Yes,Yes,,"Account-based retargeting shipped (Phase 26): AccountService::createRetargetingAudience connects the two tested halves - the tier committee list (ABM) and the list-sourced retargeting audience (Phase 16) - converted customers excluded, idempotent per tier; existing per-platform export CSVs and SMS re-engagement work on it unchanged. API audience push stays connector-gated. Tested in AbmCloseoutTest."
ABM-015,ABM,ABM - Account-Based Marketing,,Personalized reports,Feature Inventory,Inventory §28 p.17,Tested,Done,Done,tests/Feature/Qa/AbmJourneyTest.php,Pending,,"Per-account engagement report (sales/accounts/{id}/report): committee with roles and scores, engagement KPIs, deals with value/MRR, meetings, recent intent trail - all real records, tenant-sealed."
ABM-016,ABM,ABM - Account-Based Marketing,,Executive outreach,Feature Inventory,Inventory §28 p.17,Tested,Yes,Yes,Yes,Yes,,"Executive outreach shipped as an orchestration play (Phase 26): one AI-drafted intro per decision-maker queued as a CRM task (due 2 days, assigned to the running rep) - a human reviews and sends; NOTHING is sent by the play (asserted). No decision-makers -> the play says so and does nothing. Tested in AbmCloseoutTest."
ABM-017,ABM,ABM - Account-Based Marketing,,Video outreach,Feature Inventory,Inventory §28 p.17,Planned,Pending,Pending,Pending,Pending,,Video outreach needs a video recording/hosting provider integration (Loom-class). The outreach play queues the task side today; the video itself is external. Stays Planned.
ABM-018,ABM,ABM - Account-Based Marketing,,Account engagement scoring,Feature Inventory,Inventory §28 p.17,Tested,Done,Done,tests/Feature/Qa/AbmJourneyTest.php,Pending,,"Account engagement scoring: lead+intent aggregate (score) plus the engaged/decision-maker/multi-threaded breakdown, both pinned."
ABM-019,ABM,ABM - Account-Based Marketing,,Sales and marketing orchestration,Feature Inventory,Inventory §28 p.17,Tested,Yes,Yes,Yes,Yes,,"Sales & marketing orchestration v1 shipped as a dedicated play-runner (Phase 26): named plays (executive_outreach, account_retargeting) coordinate tested machinery - committee mapping, AI drafts, CRM tasks, tier lists, retargeting audiences - each run audited and its step log reported to the UI. Deeper play library grows from here. Tested in AbmCloseoutTest."
ENAB-001,ENAB,Sales Enablement,,Pitch decks,Feature Inventory,Inventory §29 p.17,Tested,Done,Done,Done,Pending,,"Sales enablement library: SalesAsset CRUD across deck/one_pager/battlecard/script/email_template/proof/persona types (decks, one-pagers, battlecards, case studies, testimonials, scripts, email/follow-up templates, objection-handling, proof library, persona guidance). Tested."
ENAB-002,ENAB,Sales Enablement,,Sales presentations,Feature Inventory,Inventory §29 p.17,Tested,Done,Done,Done,Pending,,"Sales enablement library: SalesAsset CRUD across deck/one_pager/battlecard/script/email_template/proof/persona types (decks, one-pagers, battlecards, case studies, testimonials, scripts, email/follow-up templates, objection-handling, proof library, persona guidance). Tested."
ENAB-003,ENAB,Sales Enablement,,One-pagers,Feature Inventory,Inventory §29 p.17,Tested,Done,Done,Done,Pending,,"Sales enablement library: SalesAsset CRUD across deck/one_pager/battlecard/script/email_template/proof/persona types (decks, one-pagers, battlecards, case studies, testimonials, scripts, email/follow-up templates, objection-handling, proof library, persona guidance). Tested."
ENAB-004,ENAB,Sales Enablement,,Battlecards,Feature Inventory,Inventory §29 p.17,Tested,Done,Done,Done,Pending,,"Sales enablement library: SalesAsset CRUD across deck/one_pager/battlecard/script/email_template/proof/persona types (decks, one-pagers, battlecards, case studies, testimonials, scripts, email/follow-up templates, objection-handling, proof library, persona guidance). Tested."
ENAB-005,ENAB,Sales Enablement,,Competitive battlecards,Feature Inventory,Inventory §29 p.17,Tested,Done,Done,Done,Pending,,"Sales enablement library: SalesAsset CRUD across deck/one_pager/battlecard/script/email_template/proof/persona types (decks, one-pagers, battlecards, case studies, testimonials, scripts, email/follow-up templates, objection-handling, proof library, persona guidance). Tested."
ENAB-006,ENAB,Sales Enablement,,Case studies,Feature Inventory,Inventory §29 p.17,Tested,Done,Done,Done,Pending,,"Sales enablement library: SalesAsset CRUD across deck/one_pager/battlecard/script/email_template/proof/persona types (decks, one-pagers, battlecards, case studies, testimonials, scripts, email/follow-up templates, objection-handling, proof library, persona guidance). Tested."
ENAB-007,ENAB,Sales Enablement,,Testimonials,Feature Inventory,Inventory §29 p.18,Tested,Done,Done,Done,Pending,,"Sales enablement library: SalesAsset CRUD across deck/one_pager/battlecard/script/email_template/proof/persona types (decks, one-pagers, battlecards, case studies, testimonials, scripts, email/follow-up templates, objection-handling, proof library, persona guidance). Tested."
ENAB-008,ENAB,Sales Enablement,,ROI calculators,Feature Inventory,Inventory §29 p.18,Partially Implemented,Done,Done,Partial,Pending,,"Assets store ROI-calculator/proposal/vertical/service collateral as records + links; interactive ROI calculator, proposal generation and vertical/service tagging taxonomy are pending."
ENAB-009,ENAB,Sales Enablement,,Discovery scripts,Feature Inventory,Inventory §29 p.18,Tested,Done,Done,Done,Pending,,"Sales enablement library: SalesAsset CRUD across deck/one_pager/battlecard/script/email_template/proof/persona types (decks, one-pagers, battlecards, case studies, testimonials, scripts, email/follow-up templates, objection-handling, proof library, persona guidance). Tested."
ENAB-010,ENAB,Sales Enablement,,Call scripts,Feature Inventory,Inventory §29 p.18,Tested,Done,Done,Done,Pending,,"Sales enablement library: SalesAsset CRUD across deck/one_pager/battlecard/script/email_template/proof/persona types (decks, one-pagers, battlecards, case studies, testimonials, scripts, email/follow-up templates, objection-handling, proof library, persona guidance). Tested."
ENAB-011,ENAB,Sales Enablement,,Email templates,Feature Inventory,Inventory §29 p.18,Tested,Done,Done,Done,Pending,,"Sales enablement library: SalesAsset CRUD across deck/one_pager/battlecard/script/email_template/proof/persona types (decks, one-pagers, battlecards, case studies, testimonials, scripts, email/follow-up templates, objection-handling, proof library, persona guidance). Tested."
ENAB-012,ENAB,Sales Enablement,,Follow-up templates,Feature Inventory,Inventory §29 p.18,Tested,Done,Done,Done,Pending,,"Sales enablement library: SalesAsset CRUD across deck/one_pager/battlecard/script/email_template/proof/persona types (decks, one-pagers, battlecards, case studies, testimonials, scripts, email/follow-up templates, objection-handling, proof library, persona guidance). Tested."
ENAB-013,ENAB,Sales Enablement,,Objection-handling materials,Feature Inventory,Inventory §29 p.18,Tested,Done,Done,Done,Pending,,"Sales enablement library: SalesAsset CRUD across deck/one_pager/battlecard/script/email_template/proof/persona types (decks, one-pagers, battlecards, case studies, testimonials, scripts, email/follow-up templates, objection-handling, proof library, persona guidance). Tested."
ENAB-014,ENAB,Sales Enablement,,Proposal templates,Feature Inventory,Inventory §29 p.18,Partially Implemented,Done,Done,Partial,Pending,,"Assets store ROI-calculator/proposal/vertical/service collateral as records + links; interactive ROI calculator, proposal generation and vertical/service tagging taxonomy are pending."
ENAB-015,ENAB,Sales Enablement,,Vertical-specific collateral,Feature Inventory,Inventory §29 p.18,Partially Implemented,Done,Done,Partial,Pending,,"Assets store ROI-calculator/proposal/vertical/service collateral as records + links; interactive ROI calculator, proposal generation and vertical/service tagging taxonomy are pending."
ENAB-016,ENAB,Sales Enablement,,Service-specific collateral,Feature Inventory,Inventory §29 p.18,Partially Implemented,Done,Done,Partial,Pending,,"Assets store ROI-calculator/proposal/vertical/service collateral as records + links; interactive ROI calculator, proposal generation and vertical/service tagging taxonomy are pending."
ENAB-017,ENAB,Sales Enablement,,Proof libraries,Feature Inventory,Inventory §29 p.18,Tested,Done,Done,Done,Pending,,"Sales enablement library: SalesAsset CRUD across deck/one_pager/battlecard/script/email_template/proof/persona types (decks, one-pagers, battlecards, case studies, testimonials, scripts, email/follow-up templates, objection-handling, proof library, persona guidance). Tested."
ENAB-018,ENAB,Sales Enablement,,Sales training,Feature Inventory,Inventory §29 p.18,Planned,Pending,Pending,Pending,Pending,,Sales-training / LMS module deferred.
ENAB-019,ENAB,Sales Enablement,,Buyer-persona guidance,Feature Inventory,Inventory §29 p.18,Tested,Done,Done,Done,Pending,,"Sales enablement library: SalesAsset CRUD across deck/one_pager/battlecard/script/email_template/proof/persona types (decks, one-pagers, battlecards, case studies, testimonials, scripts, email/follow-up templates, objection-handling, proof library, persona guidance). Tested."
REP-001,REP,Reputation & Authority Management,,Google reviews,Feature Inventory,Inventory §30 p.18,Tested,Done,Done,Done,Pending,,"Reputation: reviews (source/rating/body/response), review-acquisition requests (email/sms), rating + sentiment aggregation (derived from rating), authority assets (awards/certs/logos/proof), fixture review import. Stage 9. QA 2026-08-20: review responses are stored locally only - ReviewProvider exposes fetch() and nothing else, so no driver can post a reply back to Google or any platform. reviews.response_published_at stays null to say so, and the reputation screen reports canPublishResponses=false. Importing reviews is likewise fixture-driven and now stamped with a provider column."
REP-002,REP,Reputation & Authority Management,,Review acquisition,Feature Inventory,Inventory §30 p.18,Tested,Done,Done,Done,Pending,,"Reputation: reviews (source/rating/body/response), review-acquisition requests (email/sms), rating + sentiment aggregation (derived from rating), authority assets (awards/certs/logos/proof), fixture review import. Stage 9. QA 2026-08-20: review responses are stored locally only - ReviewProvider exposes fetch() and nothing else, so no driver can post a reply back to Google or any platform. reviews.response_published_at stays null to say so, and the reputation screen reports canPublishResponses=false. Importing reviews is likewise fixture-driven and now stamped with a provider column."
REP-003,REP,Reputation & Authority Management,,Review monitoring,Feature Inventory,Inventory §30 p.18,Tested,Done,Done,Done,Pending,,"Reputation: reviews (source/rating/body/response), review-acquisition requests (email/sms), rating + sentiment aggregation (derived from rating), authority assets (awards/certs/logos/proof), fixture review import. Stage 9. QA 2026-08-20: review responses are stored locally only - ReviewProvider exposes fetch() and nothing else, so no driver can post a reply back to Google or any platform. reviews.response_published_at stays null to say so, and the reputation screen reports canPublishResponses=false. Importing reviews is likewise fixture-driven and now stamped with a provider column."
REP-004,REP,Reputation & Authority Management,,Testimonial collection,Feature Inventory,Inventory §30 p.18,Tested,Done,Done,Done,Pending,,"Reputation: reviews (source/rating/body/response), review-acquisition requests (email/sms), rating + sentiment aggregation (derived from rating), authority assets (awards/certs/logos/proof), fixture review import. Stage 9."
REP-005,REP,Reputation & Authority Management,,Video testimonials,Feature Inventory,Inventory §30 p.18,Tested,Done,Done,Done,Pending,,Video testimonials: reviews.video_url recorded through the testimonial flow and shown with the review. ReputationAuthorityTest. Phase 17.
REP-006,REP,Reputation & Authority Management,,Clutch profile optimization,Feature Inventory,Inventory §30 p.18,Tested,Done,Done,Done,Pending,,"Clutch profile: directory_profile assets (issuer/url/details) + deterministic per-profile optimization checklist (url, description, services, reviews) naming each fix; live directory metrics need vendor APIs, never invented. Phase 17."
REP-007,REP,Reputation & Authority Management,,Industry-directory profiles,Feature Inventory,Inventory §30 p.18,Tested,Done,Done,Done,Pending,,Industry directories: directory_profile assets + optimization checklists on /content/reputation (same mechanism as REP-006). Phase 17.
REP-008,REP,Reputation & Authority Management,,Awards,Feature Inventory,Inventory §30 p.18,Tested,Done,Done,Done,Pending,,"Reputation: reviews (source/rating/body/response), review-acquisition requests (email/sms), rating + sentiment aggregation (derived from rating), authority assets (awards/certs/logos/proof), fixture review import. Stage 9."
REP-009,REP,Reputation & Authority Management,,Certifications,Feature Inventory,Inventory §30 p.18,Tested,Done,Done,Done,Pending,,"Reputation: reviews (source/rating/body/response), review-acquisition requests (email/sms), rating + sentiment aggregation (derived from rating), authority assets (awards/certs/logos/proof), fixture review import. Stage 9."
REP-010,REP,Reputation & Authority Management,,Client logos,Feature Inventory,Inventory §30 p.18,Tested,Done,Done,Done,Pending,,"Reputation: reviews (source/rating/body/response), review-acquisition requests (email/sms), rating + sentiment aggregation (derived from rating), authority assets (awards/certs/logos/proof), fixture review import. Stage 9."
REP-011,REP,Reputation & Authority Management,,Case studies,Feature Inventory,Inventory §30 p.18,Tested,Done,Done,Done,Pending,,"Reputation: reviews (source/rating/body/response), review-acquisition requests (email/sms), rating + sentiment aggregation (derived from rating), authority assets (awards/certs/logos/proof), fixture review import. Stage 9."
REP-012,REP,Reputation & Authority Management,,Third-party articles,Feature Inventory,Inventory §30 p.18,Tested,Done,Done,Done,Pending,,"Third-party articles: outreach markPlacement(kind=article) auto-creates the article authority asset (idempotent on URL, issuer=domain, DA/anchor in details). Phase 17."
REP-013,REP,Reputation & Authority Management,,Media mentions,Feature Inventory,Inventory §30 p.18,Tested,Done,Done,Done,Pending,,Media mentions: mention assets (existing) + placements landing automatically on the assets surface via the outreach pipeline. Phase 17.
REP-014,REP,Reputation & Authority Management,,Public relations,Feature Inventory,Inventory §30 p.18,Tested,Done,Done,Done,Pending,,Public relations: press placement kind -> press authority asset via outreach pipeline; PR prospecting/pipeline was already Tested (DPR). Phase 17.
REP-015,REP,Reputation & Authority Management,,Expert quotes,Feature Inventory,Inventory §30 p.18,Tested,Done,Done,Done,Pending,,Expert quotes: expert_quote placement kind -> typed authority asset via outreach pipeline. Phase 17.
REP-016,REP,Reputation & Authority Management,,Thought leadership,Feature Inventory,Inventory §30 p.18,Tested,Done,Done,Done,Pending,,"Thought leadership: thought_leadership asset type on the authority surface (talks, columns, podcast guesting), fed manually or by outreach. Phase 17."
REP-017,REP,Reputation & Authority Management,,Authority backlinks,Feature Inventory,Inventory §30 p.18,Tested,Done,Done,Done,Pending,,"Authority backlinks: won placements recorded as backlink assets with DA/anchor/link-type details (tenant-entered DA, no invented metrics). Phase 17."
REP-018,REP,Reputation & Authority Management,,Social proof,Feature Inventory,Inventory §30 p.18,Tested,Done,Done,Done,Pending,,"Reputation: reviews (source/rating/body/response), review-acquisition requests (email/sms), rating + sentiment aggregation (derived from rating), authority assets (awards/certs/logos/proof), fixture review import. Stage 9."
REP-019,REP,Reputation & Authority Management,,Proof-first landing pages,Feature Inventory,Inventory §30 p.18,Tested,Done,Done,Done,Pending,,"Proof-first landing pages: createProofPage assembles a draft from real records only (4-star+ reviews with text, client logos, published case studies) and refuses with zero proof. Phase 17."
DPR-001,DPR,Digital PR,,Press releases,Feature Inventory,Inventory §31 p.18,Tested,Done,Done,Done,Pending,,Digital PR: outreach campaigns + prospect pipeline (identified->contacted->replied->won/lost) + placements (media coverage/backlink w/ anchor + DA) + brand-mention/citation tracking. Stage 9.
DPR-002,DPR,Digital PR,,Journalist outreach,Feature Inventory,Inventory §31 p.18,Tested,Done,Done,Done,Pending,,Digital PR: outreach campaigns + prospect pipeline (identified->contacted->replied->won/lost) + placements (media coverage/backlink w/ anchor + DA) + brand-mention/citation tracking. Stage 9.
DPR-003,DPR,Digital PR,,Expert commentary,Feature Inventory,Inventory §31 p.18,Partially Implemented,Done,Done,Done,Pending,,Expert commentary/industry-publication targeting/research stories via outreach prospects + content. Stage 9.
DPR-004,DPR,Digital PR,,Industry publications,Feature Inventory,Inventory §31 p.18,Partially Implemented,Done,Done,Done,Pending,,Expert commentary/industry-publication targeting/research stories via outreach prospects + content. Stage 9.
DPR-005,DPR,Digital PR,,Media pitching,Feature Inventory,Inventory §31 p.18,Tested,Done,Done,Done,Pending,,Digital PR: outreach campaigns + prospect pipeline (identified->contacted->replied->won/lost) + placements (media coverage/backlink w/ anchor + DA) + brand-mention/citation tracking. Stage 9.
DPR-006,DPR,Digital PR,,Guest articles,Feature Inventory,Inventory §31 p.18,Tested,Done,Done,Done,Pending,,Digital PR: outreach campaigns + prospect pipeline (identified->contacted->replied->won/lost) + placements (media coverage/backlink w/ anchor + DA) + brand-mention/citation tracking. Stage 9.
DPR-007,DPR,Digital PR,,Awards submissions,Feature Inventory,Inventory §31 p.18,Tested,Done,Done,Done,Pending,,Digital PR: outreach campaigns + prospect pipeline (identified->contacted->replied->won/lost) + placements (media coverage/backlink w/ anchor + DA) + brand-mention/citation tracking. Stage 9.
DPR-008,DPR,Digital PR,,Partner announcements,Feature Inventory,Inventory §31 p.18,Tested,Done,Done,Done,Pending,,Digital PR: outreach campaigns + prospect pipeline (identified->contacted->replied->won/lost) + placements (media coverage/backlink w/ anchor + DA) + brand-mention/citation tracking. Stage 9.
DPR-009,DPR,Digital PR,,Research stories,Feature Inventory,Inventory §31 p.18,Partially Implemented,Done,Done,Done,Pending,,Expert commentary/industry-publication targeting/research stories via outreach prospects + content. Stage 9.
DPR-010,DPR,Digital PR,,Executive thought leadership,Feature Inventory,Inventory §31 p.18,Tested,Done,Done,Done,Pending,,Digital PR: outreach campaigns + prospect pipeline (identified->contacted->replied->won/lost) + placements (media coverage/backlink w/ anchor + DA) + brand-mention/citation tracking. Stage 9.
DPR-011,DPR,Digital PR,,Backlink acquisition,Feature Inventory,Inventory §31 p.18,Tested,Done,Done,Done,Pending,,Digital PR: outreach campaigns + prospect pipeline (identified->contacted->replied->won/lost) + placements (media coverage/backlink w/ anchor + DA) + brand-mention/citation tracking. Stage 9.
DPR-012,DPR,Digital PR,,Brand mentions,Feature Inventory,Inventory §31 p.18,Tested,Done,Done,Done,Pending,,Digital PR: outreach campaigns + prospect pipeline (identified->contacted->replied->won/lost) + placements (media coverage/backlink w/ anchor + DA) + brand-mention/citation tracking. Stage 9.
DPR-013,DPR,Digital PR,,Authority citations,Feature Inventory,Inventory §31 p.19,Tested,Done,Done,Done,Pending,,Digital PR: outreach campaigns + prospect pipeline (identified->contacted->replied->won/lost) + placements (media coverage/backlink w/ anchor + DA) + brand-mention/citation tracking. Stage 9.
LINK-001,LINK,Link Building,,Backlink audit,Feature Inventory,Inventory §32 p.19,Planned,Pending,Pending,Pending,Pending,,Backlink audit + toxic-link identification + competitor backlink analysis need external link data (Ahrefs/GSC via INTG). ADR-0007.
LINK-002,LINK,Link Building,,Toxic-link identification,Feature Inventory,Inventory §32 p.19,Planned,Pending,Pending,Pending,Pending,,Backlink audit + toxic-link identification + competitor backlink analysis need external link data (Ahrefs/GSC via INTG). ADR-0007.
LINK-003,LINK,Link Building,,Competitor backlink analysis,Feature Inventory,Inventory §32 p.19,Planned,Pending,Pending,Pending,Pending,,Backlink audit + toxic-link identification + competitor backlink analysis need external link data (Ahrefs/GSC via INTG). ADR-0007.
LINK-004,LINK,Link Building,,Outreach,Feature Inventory,Inventory §32 p.19,Tested,Done,Done,Done,Pending,,Link building: outreach prospects + placements (acquired backlink w/ anchor + DA + dofollow/nofollow) across guest/resource/partner/citation/authority links; backlink monitoring = won placements. Stage 9.
LINK-005,LINK,Link Building,,Digital PR links,Feature Inventory,Inventory §32 p.19,Tested,Done,Done,Done,Pending,,Link building: outreach prospects + placements (acquired backlink w/ anchor + DA + dofollow/nofollow) across guest/resource/partner/citation/authority links; backlink monitoring = won placements. Stage 9.
LINK-006,LINK,Link Building,,Industry links,Feature Inventory,Inventory §32 p.19,Tested,Done,Done,Done,Pending,,Link building: outreach prospects + placements (acquired backlink w/ anchor + DA + dofollow/nofollow) across guest/resource/partner/citation/authority links; backlink monitoring = won placements. Stage 9.
LINK-007,LINK,Link Building,,Local links,Feature Inventory,Inventory §32 p.19,Tested,Done,Done,Done,Pending,,Link building: outreach prospects + placements (acquired backlink w/ anchor + DA + dofollow/nofollow) across guest/resource/partner/citation/authority links; backlink monitoring = won placements. Stage 9.
LINK-008,LINK,Link Building,,Guest posts,Feature Inventory,Inventory §32 p.19,Tested,Done,Done,Done,Pending,,Link building: outreach prospects + placements (acquired backlink w/ anchor + DA + dofollow/nofollow) across guest/resource/partner/citation/authority links; backlink monitoring = won placements. Stage 9.
LINK-009,LINK,Link Building,,Resource links,Feature Inventory,Inventory §32 p.19,Tested,Done,Done,Done,Pending,,Link building: outreach prospects + placements (acquired backlink w/ anchor + DA + dofollow/nofollow) across guest/resource/partner/citation/authority links; backlink monitoring = won placements. Stage 9.
LINK-010,LINK,Link Building,,Partner links,Feature Inventory,Inventory §32 p.19,Tested,Done,Done,Done,Pending,,Link building: outreach prospects + placements (acquired backlink w/ anchor + DA + dofollow/nofollow) across guest/resource/partner/citation/authority links; backlink monitoring = won placements. Stage 9.
LINK-011,LINK,Link Building,,Citation links,Feature Inventory,Inventory §32 p.19,Tested,Done,Done,Done,Pending,,Link building: outreach prospects + placements (acquired backlink w/ anchor + DA + dofollow/nofollow) across guest/resource/partner/citation/authority links; backlink monitoring = won placements. Stage 9.
LINK-012,LINK,Link Building,,Authority-building links,Feature Inventory,Inventory §32 p.19,Tested,Done,Done,Done,Pending,,Link building: outreach prospects + placements (acquired backlink w/ anchor + DA + dofollow/nofollow) across guest/resource/partner/citation/authority links; backlink monitoring = won placements. Stage 9.
LINK-013,LINK,Link Building,,Backlink monitoring,Feature Inventory,Inventory §32 p.19,Tested,Done,Done,Done,Pending,,Link building: outreach prospects + placements (acquired backlink w/ anchor + DA + dofollow/nofollow) across guest/resource/partner/citation/authority links; backlink monitoring = won placements. Stage 9.
OMNI-001,OMNI,Omnichannel Marketing,,SEO,Feature Inventory,Inventory §33 p.19,Tested,Done,Done,Done,Pending,,"OmnichannelService rolls up per-channel performance from real rows: SEO (tracked keywords), Paid Ads (clicks), Email + SMS (sent), Content (published), Retargeting (audience size), AI Search (mentions). A channel with no data is reported inactive with a zero metric, never fabricated. Tested."
OMNI-002,OMNI,Omnichannel Marketing,,Google Maps,Feature Inventory,Inventory §33 p.19,Tested,Yes,Yes,Yes,Yes,,"Google Maps surfaced as a distinct coordinated channel (Phase 24): the omnichannel rollup measures the GBP surface Local SEO already runs - locations with gbp_place_id, consistent citations - linked to /seo/local. Live Maps insights (views, direction requests) need the GBP connector (INTG) and are never invented. Tested in OmnichannelCoverageTest."
OMNI-003,OMNI,Omnichannel Marketing,,Google Ads,Feature Inventory,Inventory §33 p.19,Tested,Done,Done,Done,Pending,,"OmnichannelService rolls up per-channel performance from real rows: SEO (tracked keywords), Paid Ads (clicks), Email + SMS (sent), Content (published), Retargeting (audience size), AI Search (mentions). A channel with no data is reported inactive with a zero metric, never fabricated. Tested."
OMNI-004,OMNI,Omnichannel Marketing,,Bing or Microsoft Ads,Feature Inventory,Inventory §33 p.19,Tested,Yes,Yes,Yes,Yes,,"Microsoft/Bing Ads surfaced as a distinct channel (Phase 24): the advertising module already manages campaigns per platform (ad_campaigns.platform=microsoft); the rollup now reports its own campaigns + clicks from recorded AdMetric rows, same fixture-provider discipline as Google Ads. Live API sync stays connector-gated. Tested in OmnichannelCoverageTest."
OMNI-005,OMNI,Omnichannel Marketing,,LinkedIn,Feature Inventory,Inventory §33 p.19,Tested,Yes,Yes,Yes,Yes,,"LinkedIn surfaced as a distinct channel (Phase 24): published posts from the Stage 8 pipeline (social_posts.channel=linkedin) as the primary metric, LinkedIn ad clicks (platform=linkedin) on the detail line, linked to /content/social. Per-network live impressions need the platform credentials. Tested in OmnichannelCoverageTest."
OMNI-006,OMNI,Omnichannel Marketing,,Facebook,Feature Inventory,Inventory §33 p.19,Tested,Yes,Yes,Yes,Yes,,Facebook surfaced as a distinct channel (Phase 24): published posts (channel=facebook) + Meta ad clicks (platform=meta) in the rollup. Per-network live insights need the Meta credentials (see META module). Tested in OmnichannelCoverageTest.
OMNI-007,OMNI,Omnichannel Marketing,,X / Twitter,Feature Inventory,Inventory §33 p.19,Tested,Yes,Yes,Yes,Yes,,X/Twitter surfaced as a distinct channel (Phase 24): the Stage 8 pipeline already schedules/publishes to channel=x; the rollup measures its published posts. Live network metrics need the X API. Tested in OmnichannelCoverageTest.
OMNI-008,OMNI,Omnichannel Marketing,,YouTube,Feature Inventory,Inventory §33 p.19,Tested,Yes,Yes,Yes,Yes,,YouTube surfaced as a distinct channel (Phase 24): published posts (channel=youtube) + YouTube ad clicks (platform=youtube) in the rollup. Live channel analytics need the YouTube API. Tested in OmnichannelCoverageTest.
OMNI-009,OMNI,Omnichannel Marketing,,Email,Feature Inventory,Inventory §33 p.19,Tested,Done,Done,Done,Pending,,"OmnichannelService rolls up per-channel performance from real rows: SEO (tracked keywords), Paid Ads (clicks), Email + SMS (sent), Content (published), Retargeting (audience size), AI Search (mentions). A channel with no data is reported inactive with a zero metric, never fabricated. Tested."
OMNI-010,OMNI,Omnichannel Marketing,,SMS,Feature Inventory,Inventory §33 p.19,Tested,Done,Done,Done,Pending,,"OmnichannelService rolls up per-channel performance from real rows: SEO (tracked keywords), Paid Ads (clicks), Email + SMS (sent), Content (published), Retargeting (audience size), AI Search (mentions). A channel with no data is reported inactive with a zero metric, never fabricated. Tested."
OMNI-011,OMNI,Omnichannel Marketing,,Video,Feature Inventory,Inventory §33 p.19,Tested,Yes,Yes,Yes,Yes,,"Video surfaced as a distinct channel (Phase 24): video formats are first-class content types (video/webinar); the rollup counts published video pieces, linked to /content/pieces. Tested in OmnichannelCoverageTest."
OMNI-012,OMNI,Omnichannel Marketing,,Content,Feature Inventory,Inventory §33 p.19,Tested,Done,Done,Done,Pending,,"OmnichannelService rolls up per-channel performance from real rows: SEO (tracked keywords), Paid Ads (clicks), Email + SMS (sent), Content (published), Retargeting (audience size), AI Search (mentions). A channel with no data is reported inactive with a zero metric, never fabricated. Tested."
OMNI-013,OMNI,Omnichannel Marketing,,Retargeting,Feature Inventory,Inventory §33 p.19,Tested,Done,Done,Done,Pending,,"OmnichannelService rolls up per-channel performance from real rows: SEO (tracked keywords), Paid Ads (clicks), Email + SMS (sent), Content (published), Retargeting (audience size), AI Search (mentions). A channel with no data is reported inactive with a zero metric, never fabricated. Tested."
OMNI-014,OMNI,Omnichannel Marketing,,AI Search,Feature Inventory,Inventory §33 p.19,Tested,Done,Done,Done,Pending,,"OmnichannelService rolls up per-channel performance from real rows: SEO (tracked keywords), Paid Ads (clicks), Email + SMS (sent), Content (published), Retargeting (audience size), AI Search (mentions). A channel with no data is reported inactive with a zero metric, never fabricated. Tested."
OMNI-015,OMNI,Omnichannel Marketing,,Public relations,Feature Inventory,Inventory §33 p.19,Tested,Yes,Yes,Yes,Yes,,"Public relations surfaced as a distinct channel (Phase 24): the Phase 17 earned-media pipeline feeds it - placements actually won (outreach_prospects status=won with placement_url), authority assets on the detail line, linked to /content/outreach. Pitched-but-not-won never counts. Tested in OmnichannelCoverageTest."
OMNI-016,OMNI,Omnichannel Marketing,,One prospect record coordinated across channels,Feature Inventory,Inventory §33 p.19,Tested,Done,Done,Done,Pending,,"Unified prospect record: one contact's cross-channel journey (chronological touchpoints, lifecycle stage, lead score, first/last touch) shared with the attribution model so the revenue trail is the same data. Tested."
OMNI-017,OMNI,Omnichannel Marketing,,Unified CRM identity and lifecycle,Feature Inventory,Inventory §33 p.19,Tested,Done,Done,Done,Pending,,"Unified prospect record: one contact's cross-channel journey (chronological touchpoints, lifecycle stage, lead score, first/last touch) shared with the attribution model so the revenue trail is the same data. Tested."
OMNI-018,OMNI,Omnichannel Marketing,,Unified revenue trail and attribution,Feature Inventory,Inventory §33 p.19,Tested,Done,Done,Done,Pending,,"Unified prospect record: one contact's cross-channel journey (chronological touchpoints, lifecycle stage, lead score, first/last touch) shared with the attribution model so the revenue trail is the same data. Tested."
FUNL-001,FUNL,Funnel Management,Top of funnel,SEO,Feature Inventory,Inventory §34 p.19,Tested,Pending,Pending,Pending,Pending,,"Funnel Builder (Module 05): attachable to funnel stages as site_page (typed SEO pages incl. service/location) via funnel_assets (allow-listed types, tenant-sealed references), surfaced on the funnel map with links and gap flags; cumulative stage conversion measured from real contacts. FunnelBuilderTest."
FUNL-002,FUNL,Funnel Management,Top of funnel,Blogs,Feature Inventory,Inventory §34 p.19,Tested,Pending,Pending,Pending,Pending,,"Funnel Builder (Module 05): attachable to funnel stages as content (article/pillar pieces) via funnel_assets (allow-listed types, tenant-sealed references), surfaced on the funnel map with links and gap flags; cumulative stage conversion measured from real contacts. FunnelBuilderTest."
FUNL-003,FUNL,Funnel Management,Top of funnel,Social media,Feature Inventory,Inventory §34 p.19,Tested,Pending,Pending,Pending,Pending,,"Funnel Builder (Module 05): attachable to funnel stages as social posts via funnel_assets (allow-listed types, tenant-sealed references), surfaced on the funnel map with links and gap flags; cumulative stage conversion measured from real contacts. FunnelBuilderTest."
FUNL-004,FUNL,Funnel Management,Top of funnel,Video,Feature Inventory,Inventory §34 p.19,Tested,Pending,Pending,Pending,Pending,,"Funnel Builder (Module 05): attachable to funnel stages as content (video type) via funnel_assets (allow-listed types, tenant-sealed references), surfaced on the funnel map with links and gap flags; cumulative stage conversion measured from real contacts. FunnelBuilderTest."
FUNL-005,FUNL,Funnel Management,Top of funnel,Awareness ads,Feature Inventory,Inventory §34 p.19,Tested,Pending,Pending,Pending,Pending,,"Funnel Builder (Module 05): attachable to funnel stages as ad_campaign via funnel_assets (allow-listed types, tenant-sealed references), surfaced on the funnel map with links and gap flags; cumulative stage conversion measured from real contacts. FunnelBuilderTest."
FUNL-006,FUNL,Funnel Management,Top of funnel,Thought leadership,Feature Inventory,Inventory §34 p.20,Tested,Pending,Pending,Pending,Pending,,"Funnel Builder (Module 05): attachable to funnel stages as content (thought-leadership pieces) via funnel_assets (allow-listed types, tenant-sealed references), surfaced on the funnel map with links and gap flags; cumulative stage conversion measured from real contacts. FunnelBuilderTest."
FUNL-007,FUNL,Funnel Management,Middle of funnel,Guides,Feature Inventory,Inventory §34 p.20,Tested,Pending,Pending,Pending,Pending,,"Funnel Builder (Module 05): attachable to funnel stages as content (guide type) via funnel_assets (allow-listed types, tenant-sealed references), surfaced on the funnel map with links and gap flags; cumulative stage conversion measured from real contacts. FunnelBuilderTest."
FUNL-008,FUNL,Funnel Management,Middle of funnel,E-books,Feature Inventory,Inventory §34 p.20,Tested,Pending,Pending,Pending,Pending,,"Funnel Builder (Module 05): attachable to funnel stages as content (ebook type) via funnel_assets (allow-listed types, tenant-sealed references), surfaced on the funnel map with links and gap flags; cumulative stage conversion measured from real contacts. FunnelBuilderTest."
FUNL-009,FUNL,Funnel Management,Middle of funnel,Webinars,Feature Inventory,Inventory §34 p.20,Tested,Pending,Pending,Pending,Pending,,"Funnel Builder (Module 05): attachable to funnel stages as content (webinar type) via funnel_assets (allow-listed types, tenant-sealed references), surfaced on the funnel map with links and gap flags; cumulative stage conversion measured from real contacts. FunnelBuilderTest."
FUNL-010,FUNL,Funnel Management,Middle of funnel,Case studies,Feature Inventory,Inventory §34 p.20,Tested,Pending,Pending,Pending,Pending,,"Funnel Builder (Module 05): attachable to funnel stages as content (case_study type) via funnel_assets (allow-listed types, tenant-sealed references), surfaced on the funnel map with links and gap flags; cumulative stage conversion measured from real contacts. FunnelBuilderTest."
FUNL-011,FUNL,Funnel Management,Middle of funnel,Retargeting,Feature Inventory,Inventory §34 p.20,Tested,Pending,Pending,Pending,Pending,,"Funnel Builder (Module 05): attachable to funnel stages as retargeting audiences via funnel_assets (allow-listed types, tenant-sealed references), surfaced on the funnel map with links and gap flags; cumulative stage conversion measured from real contacts. FunnelBuilderTest."
FUNL-012,FUNL,Funnel Management,Middle of funnel,Email nurturing,Feature Inventory,Inventory §34 p.20,Tested,Done,Done,Done,Pending,,"Funnel engine: funnels + funnel_stages mapped to lifecycle, per-stage counts (FunnelService), post-conversion sales notification + follow-up (workflow actions) + pipeline tracking (CRM). Stage 6. Module 05: email campaigns and workflows also attachable to funnel stages as executable assets."
FUNL-013,FUNL,Funnel Management,Bottom of funnel,Assessments,Feature Inventory,Inventory §34 p.20,Tested,Pending,Pending,Pending,Pending,,"Funnel Builder (Module 05): attachable to funnel stages as forms (assessment) via funnel_assets (allow-listed types, tenant-sealed references), surfaced on the funnel map with links and gap flags; cumulative stage conversion measured from real contacts. FunnelBuilderTest."
FUNL-014,FUNL,Funnel Management,Bottom of funnel,Consultation,Feature Inventory,Inventory §34 p.20,Tested,Pending,Pending,Pending,Pending,,"Funnel Builder (Module 05): attachable to funnel stages as booking_page via funnel_assets (allow-listed types, tenant-sealed references), surfaced on the funnel map with links and gap flags; cumulative stage conversion measured from real contacts. FunnelBuilderTest."
FUNL-015,FUNL,Funnel Management,Bottom of funnel,Pricing conversation,Feature Inventory,Inventory §34 p.20,Tested,Pending,Pending,Pending,Pending,,"Funnel Builder (Module 05): attachable to funnel stages as booking_page (pricing conversation) via funnel_assets (allow-listed types, tenant-sealed references), surfaced on the funnel map with links and gap flags; cumulative stage conversion measured from real contacts. FunnelBuilderTest."
FUNL-016,FUNL,Funnel Management,Bottom of funnel,Demo,Feature Inventory,Inventory §34 p.20,Tested,Pending,Pending,Pending,Pending,,"Funnel Builder (Module 05): attachable to funnel stages as booking_page (demo) via funnel_assets (allow-listed types, tenant-sealed references), surfaced on the funnel map with links and gap flags; cumulative stage conversion measured from real contacts. FunnelBuilderTest."
FUNL-017,FUNL,Funnel Management,Bottom of funnel,Meeting,Feature Inventory,Inventory §34 p.20,Tested,Pending,Pending,Pending,Pending,,"Funnel Builder (Module 05): attachable to funnel stages as booking_page (meeting) via funnel_assets (allow-listed types, tenant-sealed references), surfaced on the funnel map with links and gap flags; cumulative stage conversion measured from real contacts. FunnelBuilderTest."
FUNL-018,FUNL,Funnel Management,Bottom of funnel,Case-study proof,Feature Inventory,Inventory §34 p.20,Tested,Pending,Pending,Pending,Pending,,"Funnel Builder (Module 05): attachable to funnel stages as content (case_study at BOF) via funnel_assets (allow-listed types, tenant-sealed references), surfaced on the funnel map with links and gap flags; cumulative stage conversion measured from real contacts. FunnelBuilderTest."
FUNL-019,FUNL,Funnel Management,Bottom of funnel,ROI calculation,Feature Inventory,Inventory §34 p.20,Planned,Pending,Pending,Pending,Pending,,"Funnel-stage categories (tof/mof/bof/post) are modeled + counted now (FUNL-024); the content/channel/booking features themselves are owned by SEO (S7), Ads (S8), Content (S9), Booking/Sales (S10)."
FUNL-020,FUNL,Funnel Management,Post-conversion,Lead scoring,Feature Inventory,Inventory §34 p.20,Partially Implemented,Done,Done,Done,Pending,,lead_score field + workflow change_score action tested; full scoring model is Stage 10 LSCR. Stage 6.
FUNL-021,FUNL,Funnel Management,Post-conversion,Sales notification,Feature Inventory,Inventory §34 p.20,Tested,Done,Done,Done,Pending,,"Funnel engine: funnels + funnel_stages mapped to lifecycle, per-stage counts (FunnelService), post-conversion sales notification + follow-up (workflow actions) + pipeline tracking (CRM). Stage 6."
FUNL-022,FUNL,Funnel Management,Post-conversion,Meeting booking,Feature Inventory,Inventory §34 p.20,Tested,Pending,Pending,Pending,Pending,,"Funnel Builder (Module 05): attachable to funnel stages as booking_page via funnel_assets (allow-listed types, tenant-sealed references), surfaced on the funnel map with links and gap flags; cumulative stage conversion measured from real contacts. FunnelBuilderTest."
FUNL-023,FUNL,Funnel Management,Post-conversion,Follow-up,Feature Inventory,Inventory §34 p.20,Tested,Done,Done,Done,Pending,,"Funnel engine: funnels + funnel_stages mapped to lifecycle, per-stage counts (FunnelService), post-conversion sales notification + follow-up (workflow actions) + pipeline tracking (CRM). Stage 6."
FUNL-024,FUNL,Funnel Management,Post-conversion,Pipeline tracking,Feature Inventory,Inventory §34 p.20,Tested,Done,Done,Done,Pending,,"Funnel engine: funnels + funnel_stages mapped to lifecycle, per-stage counts (FunnelService), post-conversion sales notification + follow-up (workflow actions) + pipeline tracking (CRM). Stage 6."
ANLY-001,ANLY,Analytics Dashboard,Traffic metrics,Sessions,Feature Inventory,Inventory §35 p.20,Planned,Pending,Pending,Pending,Pending,,Sessions/users need a web-analytics provider (GA4) and map rankings need the Google Business Profile/SERP provider; both deferred to INTG connectors.
ANLY-002,ANLY,Analytics Dashboard,Traffic metrics,Users,Feature Inventory,Inventory §35 p.20,Planned,Pending,Pending,Pending,Pending,,Sessions/users need a web-analytics provider (GA4) and map rankings need the Google Business Profile/SERP provider; both deferred to INTG connectors.
ANLY-003,ANLY,Analytics Dashboard,Traffic metrics,Traffic sources,Feature Inventory,Inventory §35 p.20,Partially Implemented,Done,Done,Partial,Pending,,Channel breakdown is computed from contacts.lead_source (organic/paid/social/referral/direct buckets) and the omnichannel per-channel rollup; true session-level traffic-source splits need the GA/GSC web-analytics connector (INTG).
ANLY-004,ANLY,Analytics Dashboard,Traffic metrics,Organic traffic,Feature Inventory,Inventory §35 p.20,Partially Implemented,Done,Done,Partial,Pending,,Channel breakdown is computed from contacts.lead_source (organic/paid/social/referral/direct buckets) and the omnichannel per-channel rollup; true session-level traffic-source splits need the GA/GSC web-analytics connector (INTG).
ANLY-005,ANLY,Analytics Dashboard,Traffic metrics,Paid traffic,Feature Inventory,Inventory §35 p.20,Partially Implemented,Done,Done,Partial,Pending,,Channel breakdown is computed from contacts.lead_source (organic/paid/social/referral/direct buckets) and the omnichannel per-channel rollup; true session-level traffic-source splits need the GA/GSC web-analytics connector (INTG).
ANLY-006,ANLY,Analytics Dashboard,Traffic metrics,Social traffic,Feature Inventory,Inventory §35 p.20,Partially Implemented,Done,Done,Partial,Pending,,Channel breakdown is computed from contacts.lead_source (organic/paid/social/referral/direct buckets) and the omnichannel per-channel rollup; true session-level traffic-source splits need the GA/GSC web-analytics connector (INTG).
ANLY-007,ANLY,Analytics Dashboard,Traffic metrics,Referral traffic,Feature Inventory,Inventory §35 p.20,Partially Implemented,Done,Done,Partial,Pending,,Channel breakdown is computed from contacts.lead_source (organic/paid/social/referral/direct buckets) and the omnichannel per-channel rollup; true session-level traffic-source splits need the GA/GSC web-analytics connector (INTG).
ANLY-008,ANLY,Analytics Dashboard,Traffic metrics,Direct traffic,Feature Inventory,Inventory §35 p.20,Partially Implemented,Done,Done,Partial,Pending,,Channel breakdown is computed from contacts.lead_source (organic/paid/social/referral/direct buckets) and the omnichannel per-channel rollup; true session-level traffic-source splits need the GA/GSC web-analytics connector (INTG).
ANLY-009,ANLY,Analytics Dashboard,SEO metrics,Keyword rankings,Feature Inventory,Inventory §35 p.20,Tested,Done,Done,Done,Pending,,"AnalyticsService::seo() computes tracked-keyword counts, top-three, page-one and a 0-100 visibility index from real keyword/ranking rows. Tested."
ANLY-010,ANLY,Analytics Dashboard,SEO metrics,Top-three keywords,Feature Inventory,Inventory §35 p.20,Tested,Done,Done,Done,Pending,,"AnalyticsService::seo() computes tracked-keyword counts, top-three, page-one and a 0-100 visibility index from real keyword/ranking rows. Tested."
ANLY-011,ANLY,Analytics Dashboard,SEO metrics,Page-one keywords,Feature Inventory,Inventory §35 p.20,Tested,Done,Done,Done,Pending,,"AnalyticsService::seo() computes tracked-keyword counts, top-three, page-one and a 0-100 visibility index from real keyword/ranking rows. Tested."
ANLY-012,ANLY,Analytics Dashboard,SEO metrics,Map rankings,Feature Inventory,Inventory §35 p.20,Planned,Pending,Pending,Pending,Pending,,Sessions/users need a web-analytics provider (GA4) and map rankings need the Google Business Profile/SERP provider; both deferred to INTG connectors.
ANLY-013,ANLY,Analytics Dashboard,SEO metrics,Organic clicks,Feature Inventory,Inventory §35 p.20,Partially Implemented,Done,Done,Partial,Pending,,Organic conversions are derived from lead_source attribution on won deals; organic click volume requires Google Search Console (INTG).
ANLY-014,ANLY,Analytics Dashboard,SEO metrics,Organic conversions,Feature Inventory,Inventory §35 p.20,Partially Implemented,Done,Done,Partial,Pending,,Organic conversions are derived from lead_source attribution on won deals; organic click volume requires Google Search Console (INTG).
ANLY-015,ANLY,Analytics Dashboard,SEO metrics,Search visibility,Feature Inventory,Inventory §35 p.20,Tested,Done,Done,Done,Pending,,"AnalyticsService::seo() computes tracked-keyword counts, top-three, page-one and a 0-100 visibility index from real keyword/ranking rows. Tested."
ANLY-016,ANLY,Analytics Dashboard,PPC metrics,Impressions,Feature Inventory,Inventory §35 p.20,Tested,Done,Done,Done,Pending,,Paid-media KPIs rolled up from ad_metrics via the divisor-guarded AdKpi (impressions/clicks/CTR/CPC/spend/conversions/CPA-CPL/ROAS). Tested including the zero-spend guard.
ANLY-017,ANLY,Analytics Dashboard,PPC metrics,Clicks,Feature Inventory,Inventory §35 p.21,Tested,Done,Done,Done,Pending,,Paid-media KPIs rolled up from ad_metrics via the divisor-guarded AdKpi (impressions/clicks/CTR/CPC/spend/conversions/CPA-CPL/ROAS). Tested including the zero-spend guard.
ANLY-018,ANLY,Analytics Dashboard,PPC metrics,CTR,Feature Inventory,Inventory §35 p.21,Tested,Done,Done,Done,Pending,,Paid-media KPIs rolled up from ad_metrics via the divisor-guarded AdKpi (impressions/clicks/CTR/CPC/spend/conversions/CPA-CPL/ROAS). Tested including the zero-spend guard.
ANLY-019,ANLY,Analytics Dashboard,PPC metrics,CPC,Feature Inventory,Inventory §35 p.21,Tested,Done,Done,Done,Pending,,Paid-media KPIs rolled up from ad_metrics via the divisor-guarded AdKpi (impressions/clicks/CTR/CPC/spend/conversions/CPA-CPL/ROAS). Tested including the zero-spend guard.
ANLY-020,ANLY,Analytics Dashboard,PPC metrics,Spend,Feature Inventory,Inventory §35 p.21,Tested,Done,Done,Done,Pending,,Paid-media KPIs rolled up from ad_metrics via the divisor-guarded AdKpi (impressions/clicks/CTR/CPC/spend/conversions/CPA-CPL/ROAS). Tested including the zero-spend guard.
ANLY-021,ANLY,Analytics Dashboard,PPC metrics,Conversions,Feature Inventory,Inventory §35 p.21,Tested,Done,Done,Done,Pending,,Paid-media KPIs rolled up from ad_metrics via the divisor-guarded AdKpi (impressions/clicks/CTR/CPC/spend/conversions/CPA-CPL/ROAS). Tested including the zero-spend guard.
ANLY-022,ANLY,Analytics Dashboard,PPC metrics,CPL,Feature Inventory,Inventory §35 p.21,Tested,Done,Done,Done,Pending,,Paid-media KPIs rolled up from ad_metrics via the divisor-guarded AdKpi (impressions/clicks/CTR/CPC/spend/conversions/CPA-CPL/ROAS). Tested including the zero-spend guard.
ANLY-023,ANLY,Analytics Dashboard,PPC metrics,ROAS,Feature Inventory,Inventory §35 p.21,Tested,Done,Done,Done,Pending,,Paid-media KPIs rolled up from ad_metrics via the divisor-guarded AdKpi (impressions/clicks/CTR/CPC/spend/conversions/CPA-CPL/ROAS). Tested including the zero-spend guard.
ANLY-024,ANLY,Analytics Dashboard,Lead metrics,Leads,Feature Inventory,Inventory §35 p.21,Tested,Done,Done,Done,Pending,,"Acquisition funnel computed from real rows: leads/MQL/SQL from contacts.lifecycle_stage, meetings from bookings, opportunities/proposals/qualified-pipeline/closed-won/closed-lost from deals joined to pipeline_stages.is_won/is_lost. Tested."
ANLY-025,ANLY,Analytics Dashboard,Lead metrics,MQLs,Feature Inventory,Inventory §35 p.21,Tested,Done,Done,Done,Pending,,"Acquisition funnel computed from real rows: leads/MQL/SQL from contacts.lifecycle_stage, meetings from bookings, opportunities/proposals/qualified-pipeline/closed-won/closed-lost from deals joined to pipeline_stages.is_won/is_lost. Tested."
ANLY-026,ANLY,Analytics Dashboard,Lead metrics,SQLs,Feature Inventory,Inventory §35 p.21,Tested,Done,Done,Done,Pending,,"Acquisition funnel computed from real rows: leads/MQL/SQL from contacts.lifecycle_stage, meetings from bookings, opportunities/proposals/qualified-pipeline/closed-won/closed-lost from deals joined to pipeline_stages.is_won/is_lost. Tested."
ANLY-027,ANLY,Analytics Dashboard,Lead metrics,Meetings,Feature Inventory,Inventory §35 p.21,Tested,Done,Done,Done,Pending,,"Acquisition funnel computed from real rows: leads/MQL/SQL from contacts.lifecycle_stage, meetings from bookings, opportunities/proposals/qualified-pipeline/closed-won/closed-lost from deals joined to pipeline_stages.is_won/is_lost. Tested."
ANLY-028,ANLY,Analytics Dashboard,Lead metrics,Opportunities,Feature Inventory,Inventory §35 p.21,Tested,Done,Done,Done,Pending,,"Acquisition funnel computed from real rows: leads/MQL/SQL from contacts.lifecycle_stage, meetings from bookings, opportunities/proposals/qualified-pipeline/closed-won/closed-lost from deals joined to pipeline_stages.is_won/is_lost. Tested."
ANLY-029,ANLY,Analytics Dashboard,Lead metrics,Qualified pipeline,Feature Inventory,Inventory §35 p.21,Tested,Done,Done,Done,Pending,,"Acquisition funnel computed from real rows: leads/MQL/SQL from contacts.lifecycle_stage, meetings from bookings, opportunities/proposals/qualified-pipeline/closed-won/closed-lost from deals joined to pipeline_stages.is_won/is_lost. Tested."
ANLY-030,ANLY,Analytics Dashboard,Sales metrics,Proposals,Feature Inventory,Inventory §35 p.21,Tested,Done,Done,Done,Pending,,"Acquisition funnel computed from real rows: leads/MQL/SQL from contacts.lifecycle_stage, meetings from bookings, opportunities/proposals/qualified-pipeline/closed-won/closed-lost from deals joined to pipeline_stages.is_won/is_lost. Tested."
ANLY-031,ANLY,Analytics Dashboard,Sales metrics,Closed-won deals,Feature Inventory,Inventory §35 p.21,Tested,Done,Done,Done,Pending,,"Acquisition funnel computed from real rows: leads/MQL/SQL from contacts.lifecycle_stage, meetings from bookings, opportunities/proposals/qualified-pipeline/closed-won/closed-lost from deals joined to pipeline_stages.is_won/is_lost. Tested."
ANLY-032,ANLY,Analytics Dashboard,Sales metrics,Closed-lost deals,Feature Inventory,Inventory §35 p.21,Tested,Done,Done,Done,Pending,,"Acquisition funnel computed from real rows: leads/MQL/SQL from contacts.lifecycle_stage, meetings from bookings, opportunities/proposals/qualified-pipeline/closed-won/closed-lost from deals joined to pipeline_stages.is_won/is_lost. Tested."
ANLY-033,ANLY,Analytics Dashboard,Sales metrics,MRR,Feature Inventory,Inventory §35 p.21,Tested,Done,Done,Done,Pending,,MRR/ARR/contract value/LTV summed from won deals only (minor units). Tested that open deals are excluded.
ANLY-034,ANLY,Analytics Dashboard,Sales metrics,ARR,Feature Inventory,Inventory §35 p.21,Tested,Done,Done,Done,Pending,,MRR/ARR/contract value/LTV summed from won deals only (minor units). Tested that open deals are excluded.
ANLY-035,ANLY,Analytics Dashboard,Sales metrics,Contract value,Feature Inventory,Inventory §35 p.21,Tested,Done,Done,Done,Pending,,MRR/ARR/contract value/LTV summed from won deals only (minor units). Tested that open deals are excluded.
ANLY-036,ANLY,Analytics Dashboard,Sales metrics,Lifetime value,Feature Inventory,Inventory §35 p.21,Tested,Done,Done,Done,Pending,,MRR/ARR/contract value/LTV summed from won deals only (minor units). Tested that open deals are excluded.
ATTR-001,ATTR,Revenue Attribution,,First-touch attribution,Feature Inventory,Inventory §36 p.21,Tested,Done,Done,Done,Pending,,"AttributionService: first-touch (acquisition source), last-touch (latest activity), linear multi-touch (credit totals 1.0), plus channel/campaign/sales-owner revenue rollups over won deals. Tested."
ATTR-002,ATTR,Revenue Attribution,,Last-touch attribution,Feature Inventory,Inventory §36 p.21,Tested,Done,Done,Done,Pending,,"AttributionService: first-touch (acquisition source), last-touch (latest activity), linear multi-touch (credit totals 1.0), plus channel/campaign/sales-owner revenue rollups over won deals. Tested."
ATTR-003,ATTR,Revenue Attribution,,Multi-touch attribution,Feature Inventory,Inventory §36 p.21,Tested,Done,Done,Done,Pending,,"AttributionService: first-touch (acquisition source), last-touch (latest activity), linear multi-touch (credit totals 1.0), plus channel/campaign/sales-owner revenue rollups over won deals. Tested."
ATTR-004,ATTR,Revenue Attribution,,Campaign attribution,Feature Inventory,Inventory §36 p.21,Tested,Done,Done,Done,Pending,,"AttributionService: first-touch (acquisition source), last-touch (latest activity), linear multi-touch (credit totals 1.0), plus channel/campaign/sales-owner revenue rollups over won deals. Tested."
ATTR-005,ATTR,Revenue Attribution,,Channel attribution,Feature Inventory,Inventory §36 p.21,Tested,Done,Done,Done,Pending,,"AttributionService: first-touch (acquisition source), last-touch (latest activity), linear multi-touch (credit totals 1.0), plus channel/campaign/sales-owner revenue rollups over won deals. Tested."
ATTR-006,ATTR,Revenue Attribution,,Keyword attribution,Feature Inventory,Inventory §36 p.21,Partially Implemented,Done,Done,Partial,Pending,,Keyword/landing-page/content/ad attribution is modelled through campaign + channel buckets on won deals; per-keyword and per-landing-page revenue linkage needs the tracking pixel + GSC/ad-platform click-id join (deferred).
ATTR-007,ATTR,Revenue Attribution,,Landing-page attribution,Feature Inventory,Inventory §36 p.21,Partially Implemented,Done,Done,Partial,Pending,,Keyword/landing-page/content/ad attribution is modelled through campaign + channel buckets on won deals; per-keyword and per-landing-page revenue linkage needs the tracking pixel + GSC/ad-platform click-id join (deferred).
ATTR-008,ATTR,Revenue Attribution,,Content attribution,Feature Inventory,Inventory §36 p.21,Partially Implemented,Done,Done,Partial,Pending,,Keyword/landing-page/content/ad attribution is modelled through campaign + channel buckets on won deals; per-keyword and per-landing-page revenue linkage needs the tracking pixel + GSC/ad-platform click-id join (deferred).
ATTR-009,ATTR,Revenue Attribution,,Form attribution,Feature Inventory,Inventory §36 p.21,Partially Implemented,Done,Done,Partial,Pending,,Form and call touchpoints attribute through the same activity/lead_source model (calls carry source+campaign from the tracking number); per-form-field and per-call-recording attribution detail is pending.
ATTR-010,ATTR,Revenue Attribution,,Call attribution,Feature Inventory,Inventory §36 p.21,Partially Implemented,Done,Done,Partial,Pending,,Form and call touchpoints attribute through the same activity/lead_source model (calls carry source+campaign from the tracking number); per-form-field and per-call-recording attribution detail is pending.
ATTR-011,ATTR,Revenue Attribution,,Ad attribution,Feature Inventory,Inventory §36 p.21,Partially Implemented,Done,Done,Partial,Pending,,Keyword/landing-page/content/ad attribution is modelled through campaign + channel buckets on won deals; per-keyword and per-landing-page revenue linkage needs the tracking pixel + GSC/ad-platform click-id join (deferred).
ATTR-012,ATTR,Revenue Attribution,,Sales attribution,Feature Inventory,Inventory §36 p.21,Tested,Done,Done,Done,Pending,,"AttributionService: first-touch (acquisition source), last-touch (latest activity), linear multi-touch (credit totals 1.0), plus channel/campaign/sales-owner revenue rollups over won deals. Tested."
ATTR-013,ATTR,Revenue Attribution,,MRR attribution,Feature Inventory,Inventory §36 p.21,Tested,Done,Done,Done,Pending,,"Won-deal MRR/ARR/lifetime revenue attributed by channel + campaign; CAC (ad spend / customers won) and marketing ROI (won revenue / spend), both divisor-guarded. Tested."
ATTR-014,ATTR,Revenue Attribution,,ARR attribution,Feature Inventory,Inventory §36 p.21,Tested,Done,Done,Done,Pending,,"Won-deal MRR/ARR/lifetime revenue attributed by channel + campaign; CAC (ad spend / customers won) and marketing ROI (won revenue / spend), both divisor-guarded. Tested."
ATTR-015,ATTR,Revenue Attribution,,Lifetime revenue attribution,Feature Inventory,Inventory §36 p.21,Tested,Done,Done,Done,Pending,,"Won-deal MRR/ARR/lifetime revenue attributed by channel + campaign; CAC (ad spend / customers won) and marketing ROI (won revenue / spend), both divisor-guarded. Tested."
ATTR-016,ATTR,Revenue Attribution,,Customer acquisition cost,Feature Inventory,Inventory §36 p.21,Tested,Done,Done,Done,Pending,,"Won-deal MRR/ARR/lifetime revenue attributed by channel + campaign; CAC (ad spend / customers won) and marketing ROI (won revenue / spend), both divisor-guarded. Tested."
ATTR-017,ATTR,Revenue Attribution,,Marketing ROI,Feature Inventory,Inventory §36 p.21,Tested,Done,Done,Done,Pending,,"Won-deal MRR/ARR/lifetime revenue attributed by channel + campaign; CAC (ad spend / customers won) and marketing ROI (won revenue / spend), both divisor-guarded. Tested."
CALL-001,CALL,Call Tracking,,Dynamic phone numbers,Feature Inventory,Inventory §37 p.22,Tested,Done,Done,Done,Pending,,"CallTrackingService: dynamic number provisioning via the CallProvider abstraction (fixture driver tested), calls inherit source/campaign attribution from the number, duration-based 0-100 lead score + qualification threshold, owner attribution and conversion flagging. Tested."
CALL-002,CALL,Call Tracking,,Marketing source tracking,Feature Inventory,Inventory §37 p.22,Tested,Done,Done,Done,Pending,,"CallTrackingService: dynamic number provisioning via the CallProvider abstraction (fixture driver tested), calls inherit source/campaign attribution from the number, duration-based 0-100 lead score + qualification threshold, owner attribution and conversion flagging. Tested."
CALL-003,CALL,Call Tracking,,Call recordings,Feature Inventory,Inventory §37 p.22,Planned,Pending,Pending,Pending,Pending,,"Recordings, transcription and AI call summaries are provider-side (CallRail/Twilio webhooks); columns exist but require credentials + the INTG webhook. Deferred."
CALL-004,CALL,Call Tracking,,Call transcription,Feature Inventory,Inventory §37 p.22,Planned,Pending,Pending,Pending,Pending,,"Recordings, transcription and AI call summaries are provider-side (CallRail/Twilio webhooks); columns exist but require credentials + the INTG webhook. Deferred."
CALL-005,CALL,Call Tracking,,AI summaries,Feature Inventory,Inventory §37 p.22,Planned,Pending,Pending,Pending,Pending,,"Recordings, transcription and AI call summaries are provider-side (CallRail/Twilio webhooks); columns exist but require credentials + the INTG webhook. Deferred."
CALL-006,CALL,Call Tracking,,Lead qualification,Feature Inventory,Inventory §37 p.22,Tested,Done,Done,Done,Pending,,"CallTrackingService: dynamic number provisioning via the CallProvider abstraction (fixture driver tested), calls inherit source/campaign attribution from the number, duration-based 0-100 lead score + qualification threshold, owner attribution and conversion flagging. Tested."
CALL-007,CALL,Call Tracking,,Call scoring,Feature Inventory,Inventory §37 p.22,Tested,Done,Done,Done,Pending,,"CallTrackingService: dynamic number provisioning via the CallProvider abstraction (fixture driver tested), calls inherit source/campaign attribution from the number, duration-based 0-100 lead score + qualification threshold, owner attribution and conversion flagging. Tested."
CALL-008,CALL,Call Tracking,,Keyword attribution,Feature Inventory,Inventory §37 p.22,Tested,Done,Done,Done,Pending,,"CallTrackingService: dynamic number provisioning via the CallProvider abstraction (fixture driver tested), calls inherit source/campaign attribution from the number, duration-based 0-100 lead score + qualification threshold, owner attribution and conversion flagging. Tested."
CALL-009,CALL,Call Tracking,,Campaign attribution,Feature Inventory,Inventory §37 p.22,Tested,Done,Done,Done,Pending,,"CallTrackingService: dynamic number provisioning via the CallProvider abstraction (fixture driver tested), calls inherit source/campaign attribution from the number, duration-based 0-100 lead score + qualification threshold, owner attribution and conversion flagging. Tested."
CALL-010,CALL,Call Tracking,,Salesperson attribution,Feature Inventory,Inventory §37 p.22,Tested,Done,Done,Done,Pending,,"CallTrackingService: dynamic number provisioning via the CallProvider abstraction (fixture driver tested), calls inherit source/campaign attribution from the number, duration-based 0-100 lead score + qualification threshold, owner attribution and conversion flagging. Tested."
CALL-011,CALL,Call Tracking,,Conversion tracking,Feature Inventory,Inventory §37 p.22,Tested,Done,Done,Done,Pending,,"CallTrackingService: dynamic number provisioning via the CallProvider abstraction (fixture driver tested), calls inherit source/campaign attribution from the number, duration-based 0-100 lead score + qualification threshold, owner attribution and conversion flagging. Tested."
CRO-001,CRO,Conversion Rate Optimization,,Landing-page optimization,Feature Inventory,Inventory §38 p.22,Tested,Done,Done,Done,Pending,,"ExperimentService A/B engine covers landing-page/CTA/form/copy/headline/offer/layout/UX/multivariate test types: variants accrue impressions+conversions, results expose conversion rate, lift vs control and the leader; conclude stamps the winner. Continuous CRO = experiments run back-to-back. Tested incl. zero-impression + invalid-conversion guards."
CRO-002,CRO,Conversion Rate Optimization,,CTA testing,Feature Inventory,Inventory §38 p.22,Tested,Done,Done,Done,Pending,,"ExperimentService A/B engine covers landing-page/CTA/form/copy/headline/offer/layout/UX/multivariate test types: variants accrue impressions+conversions, results expose conversion rate, lift vs control and the leader; conclude stamps the winner. Continuous CRO = experiments run back-to-back. Tested incl. zero-impression + invalid-conversion guards."
CRO-003,CRO,Conversion Rate Optimization,,Form optimization,Feature Inventory,Inventory §38 p.22,Tested,Done,Done,Done,Pending,,"ExperimentService A/B engine covers landing-page/CTA/form/copy/headline/offer/layout/UX/multivariate test types: variants accrue impressions+conversions, results expose conversion rate, lift vs control and the leader; conclude stamps the winner. Continuous CRO = experiments run back-to-back. Tested incl. zero-impression + invalid-conversion guards."
CRO-004,CRO,Conversion Rate Optimization,,Copy testing,Feature Inventory,Inventory §38 p.22,Tested,Done,Done,Done,Pending,,"ExperimentService A/B engine covers landing-page/CTA/form/copy/headline/offer/layout/UX/multivariate test types: variants accrue impressions+conversions, results expose conversion rate, lift vs control and the leader; conclude stamps the winner. Continuous CRO = experiments run back-to-back. Tested incl. zero-impression + invalid-conversion guards."
CRO-005,CRO,Conversion Rate Optimization,,Headline testing,Feature Inventory,Inventory §38 p.22,Tested,Done,Done,Done,Pending,,"ExperimentService A/B engine covers landing-page/CTA/form/copy/headline/offer/layout/UX/multivariate test types: variants accrue impressions+conversions, results expose conversion rate, lift vs control and the leader; conclude stamps the winner. Continuous CRO = experiments run back-to-back. Tested incl. zero-impression + invalid-conversion guards."
CRO-006,CRO,Conversion Rate Optimization,,Offer testing,Feature Inventory,Inventory §38 p.22,Tested,Done,Done,Done,Pending,,"ExperimentService A/B engine covers landing-page/CTA/form/copy/headline/offer/layout/UX/multivariate test types: variants accrue impressions+conversions, results expose conversion rate, lift vs control and the leader; conclude stamps the winner. Continuous CRO = experiments run back-to-back. Tested incl. zero-impression + invalid-conversion guards."
CRO-007,CRO,Conversion Rate Optimization,,Layout testing,Feature Inventory,Inventory §38 p.22,Tested,Done,Done,Done,Pending,,"ExperimentService A/B engine covers landing-page/CTA/form/copy/headline/offer/layout/UX/multivariate test types: variants accrue impressions+conversions, results expose conversion rate, lift vs control and the leader; conclude stamps the winner. Continuous CRO = experiments run back-to-back. Tested incl. zero-impression + invalid-conversion guards."
CRO-008,CRO,Conversion Rate Optimization,,UX testing,Feature Inventory,Inventory §38 p.22,Tested,Done,Done,Done,Pending,,"ExperimentService A/B engine covers landing-page/CTA/form/copy/headline/offer/layout/UX/multivariate test types: variants accrue impressions+conversions, results expose conversion rate, lift vs control and the leader; conclude stamps the winner. Continuous CRO = experiments run back-to-back. Tested incl. zero-impression + invalid-conversion guards."
CRO-009,CRO,Conversion Rate Optimization,,Multivariate testing,Feature Inventory,Inventory §38 p.22,Tested,Done,Done,Done,Pending,,"ExperimentService A/B engine covers landing-page/CTA/form/copy/headline/offer/layout/UX/multivariate test types: variants accrue impressions+conversions, results expose conversion rate, lift vs control and the leader; conclude stamps the winner. Continuous CRO = experiments run back-to-back. Tested incl. zero-impression + invalid-conversion guards."
CRO-010,CRO,Conversion Rate Optimization,,Heatmaps,Feature Inventory,Inventory §38 p.22,Tested,Yes,Yes,Yes,Yes,,First-party click heatmaps shipped (Phase 27): the ~1KB pixel records click positions (viewport-x% x document-y%) and element labels; the Behavior page renders the 10x10 density grid + top click targets per page. Scroll-depth maps included. Session replay / mouse-movement recording genuinely needs a recorder provider and is never simulated. Tested in CroCloseoutTest.
CRO-011,CRO,Conversion Rate Optimization,,User behavior analysis,Feature Inventory,Inventory §38 p.22,Tested,Yes,Yes,Yes,Yes,,"User behavior analysis shipped on first-party data (Phase 27): per-page views, unique visitors, clicks, average scroll depth, top click targets and bounce rates - all from the pixel's own events. Session-level REPLAY stays provider-gated and the UI says so. Tested in CroCloseoutTest."
CRO-012,CRO,Conversion Rate Optimization,,Funnel analysis,Feature Inventory,Inventory §38 p.22,Tested,Yes,Yes,Yes,Yes,,"Step-level funnel drop-off shipped (Phase 27): cumulative steps (leads -> reached-MQL -> reached-SQL -> meetings -> won) with step-to-step conversion %, weakest step flagged, guarded under 10 leads; visualised on the analytics dashboard. Tested in CroCloseoutTest."
CRO-013,CRO,Conversion Rate Optimization,,Conversion-path analysis,Feature Inventory,Inventory §38 p.22,Tested,Yes,Yes,Yes,Yes,,"Conversion-path analysis shipped (Phase 27): aggregate first-touch -> last-touch channel paths for contacts on closed-won deals (Stage 11 attribution supplies the touches), most common first, on the analytics dashboard next to the drop-off. Tested in CroCloseoutTest."
CRO-014,CRO,Conversion Rate Optimization,,Bounce-rate optimization,Feature Inventory,Inventory §38 p.22,Tested,Yes,Yes,Yes,Yes,,"Bounce-rate optimization shipped on first-party data (Phase 27): sessions rebuilt from pageview timestamps with the tracker's 30-minute window, bounce rate per landing path guarded under 5 sessions; landing pages bouncing >=70% surface a recommendation naming the fix (bind an experiment, repair health checks). Tested in CroCloseoutTest."
CRO-015,CRO,Conversion Rate Optimization,,Meeting conversion optimization,Feature Inventory,Inventory §38 p.22,Tested,Yes,Yes,Yes,Yes,,"Meeting conversion optimization shipped (Phase 27): the weakest-step analysis names the SQL->meeting leak with its numbers and points at the tested fixes (booking links in every SQL touch, no-show rebooking automation); experiments serve on live pages since Phase 23. Recommendations only ever cite computed numbers. Tested in CroCloseoutTest."
CRO-016,CRO,Conversion Rate Optimization,,Lead conversion optimization,Feature Inventory,Inventory §38 p.22,Tested,Yes,Yes,Yes,Yes,,"Lead conversion optimization shipped (Phase 27): weakest-step recommendations for leads->MQL->SQL cite the computed conversion, high-bounce landing pages are named with their rates, and an idle funnel (published pages, zero running experiments) is called out. Insufficient data says so instead of guessing. Tested in CroCloseoutTest."
CRO-017,CRO,Conversion Rate Optimization,,Continuous CRO,Feature Inventory,Inventory §38 p.22,Tested,Done,Done,Done,Pending,,"ExperimentService A/B engine covers landing-page/CTA/form/copy/headline/offer/layout/UX/multivariate test types: variants accrue impressions+conversions, results expose conversion rate, lift vs control and the leader; conclude stamps the winner. Continuous CRO = experiments run back-to-back. Tested incl. zero-impression + invalid-conversion guards."
PORTAL-001,PORTAL,Client Portal,,Client login,Feature Inventory,Inventory §39 p.22,Tested,Done,Done,Done,Pending,,"Client portal on the new Client role (portal.access): login, dashboard, project status, tasks and deliverables. The role is deliberately minimal - a client can reach the portal and approve its own deliverables and nothing else; CRM, projects admin, support console, strategy and the platform console are all refused (tested)."
PORTAL-002,PORTAL,Client Portal,,Dashboard,Feature Inventory,Inventory §39 p.22,Tested,Done,Done,Done,Pending,,"Client portal on the new Client role (portal.access): login, dashboard, project status, tasks and deliverables. The role is deliberately minimal - a client can reach the portal and approve its own deliverables and nothing else; CRM, projects admin, support console, strategy and the platform console are all refused (tested)."
PORTAL-003,PORTAL,Client Portal,,Campaign status,Feature Inventory,Inventory §39 p.22,Partially Implemented,Done,Done,Partial,Pending,,"Campaign status and the strategy roadmap exist as data (Stage 6 campaigns; strategy_items type=roadmap) but are not yet surfaced as dedicated portal views - the portal shows projects, tasks, deliverables, tickets and results today."
PORTAL-004,PORTAL,Client Portal,,Project status,Feature Inventory,Inventory §39 p.22,Tested,Done,Done,Done,Pending,,"Client portal on the new Client role (portal.access): login, dashboard, project status, tasks and deliverables. The role is deliberately minimal - a client can reach the portal and approve its own deliverables and nothing else; CRM, projects admin, support console, strategy and the platform console are all refused (tested)."
PORTAL-005,PORTAL,Client Portal,,Tasks,Feature Inventory,Inventory §39 p.22,Tested,Done,Done,Done,Pending,,"Client portal on the new Client role (portal.access): login, dashboard, project status, tasks and deliverables. The role is deliberately minimal - a client can reach the portal and approve its own deliverables and nothing else; CRM, projects admin, support console, strategy and the platform console are all refused (tested)."
PORTAL-006,PORTAL,Client Portal,,Deliverables,Feature Inventory,Inventory §39 p.22,Tested,Done,Done,Done,Pending,,"Client portal on the new Client role (portal.access): login, dashboard, project status, tasks and deliverables. The role is deliberately minimal - a client can reach the portal and approve its own deliverables and nothing else; CRM, projects admin, support console, strategy and the platform console are all refused (tested)."
PORTAL-007,PORTAL,Client Portal,,Content approvals,Feature Inventory,Inventory §39 p.22,Tested,Done,Done,Done,Pending,,"Client approvals for content / website / campaign deliverables (one approval workflow over the deliverable type). A deliverable NOT marked client-visible returns 404 rather than 403, so the portal never reveals that hidden work exists (tested)."
PORTAL-008,PORTAL,Client Portal,,Website approvals,Feature Inventory,Inventory §39 p.22,Tested,Done,Done,Done,Pending,,"Client approvals for content / website / campaign deliverables (one approval workflow over the deliverable type). A deliverable NOT marked client-visible returns 404 rather than 403, so the portal never reveals that hidden work exists (tested)."
PORTAL-009,PORTAL,Client Portal,,Campaign approvals,Feature Inventory,Inventory §39 p.22,Tested,Done,Done,Done,Pending,,"Client approvals for content / website / campaign deliverables (one approval workflow over the deliverable type). A deliverable NOT marked client-visible returns 404 rather than 403, so the portal never reveals that hidden work exists (tested)."
PORTAL-010,PORTAL,Client Portal,,Support requests,Feature Inventory,Inventory §39 p.22,Tested,Done,Done,Done,Pending,,Clients raise support requests from the portal and follow the ticket thread with internal notes stripped (tested).
PORTAL-011,PORTAL,Client Portal,,Tickets,Feature Inventory,Inventory §39 p.22,Tested,Done,Done,Done,Pending,,Clients raise support requests from the portal and follow the ticket thread with internal notes stripped (tested).
PORTAL-012,PORTAL,Client Portal,,Files,Feature Inventory,Inventory §39 p.22,Partially Implemented,Done,Done,Partial,Pending,,"Portal file list reuses the Stage 4 tenant file store, and reporting is served by the KPI/lead/revenue dashboards; per-client file permissions and downloadable/scheduled PDF report exports are pending."
PORTAL-013,PORTAL,Client Portal,,Reports,Feature Inventory,Inventory §39 p.22,Partially Implemented,Done,Done,Partial,Pending,,"Portal file list reuses the Stage 4 tenant file store, and reporting is served by the KPI/lead/revenue dashboards; per-client file permissions and downloadable/scheduled PDF report exports are pending."
PORTAL-014,PORTAL,Client Portal,,Meeting notes,Feature Inventory,Inventory §39 p.22,Planned,Pending,Pending,Pending,Pending,,"Meeting notes for the client portal need the meeting/notes record type (partially covered by engagement notes, which are internal today). Deferred."
PORTAL-015,PORTAL,Client Portal,,Strategy roadmap,Feature Inventory,Inventory §39 p.23,Partially Implemented,Done,Done,Partial,Pending,,"Campaign status and the strategy roadmap exist as data (Stage 6 campaigns; strategy_items type=roadmap) but are not yet surfaced as dedicated portal views - the portal shows projects, tasks, deliverables, tickets and results today."
PORTAL-016,PORTAL,Client Portal,,KPI dashboard,Feature Inventory,Inventory §39 p.23,Tested,Done,Done,Done,Pending,,"KPI, lead and revenue dashboards for the client, computed from the Stage 11 analytics funnel + KPI attainment rather than self-reported figures."
PORTAL-017,PORTAL,Client Portal,,Lead dashboard,Feature Inventory,Inventory §39 p.23,Tested,Done,Done,Done,Pending,,"KPI, lead and revenue dashboards for the client, computed from the Stage 11 analytics funnel + KPI attainment rather than self-reported figures."
PORTAL-018,PORTAL,Client Portal,,Revenue dashboard,Feature Inventory,Inventory §39 p.23,Tested,Done,Done,Done,Pending,,"KPI, lead and revenue dashboards for the client, computed from the Stage 11 analytics funnel + KPI attainment rather than self-reported figures."
PROJ-001,PROJ,Project Management,,Dedicated account strategist,Feature Inventory,Inventory §40 p.23,Tested,Done,Done,Done,Pending,,"The eight delivery roles (strategist, project manager, SEO, PPC, developer, designer, copywriter, automation specialist) are assignable to a project via project_members; assignment is idempotent and an unknown role is rejected (tested). The platform staffs and tracks the role - the person filling it is hired, not software."
PROJ-002,PROJ,Project Management,,Project manager,Feature Inventory,Inventory §40 p.23,Tested,Done,Done,Done,Pending,,"The eight delivery roles (strategist, project manager, SEO, PPC, developer, designer, copywriter, automation specialist) are assignable to a project via project_members; assignment is idempotent and an unknown role is rejected (tested). The platform staffs and tracks the role - the person filling it is hired, not software."
PROJ-003,PROJ,Project Management,,SEO specialist,Feature Inventory,Inventory §40 p.23,Tested,Done,Done,Done,Pending,,"The eight delivery roles (strategist, project manager, SEO, PPC, developer, designer, copywriter, automation specialist) are assignable to a project via project_members; assignment is idempotent and an unknown role is rejected (tested). The platform staffs and tracks the role - the person filling it is hired, not software."
PROJ-004,PROJ,Project Management,,PPC specialist,Feature Inventory,Inventory §40 p.23,Tested,Done,Done,Done,Pending,,"The eight delivery roles (strategist, project manager, SEO, PPC, developer, designer, copywriter, automation specialist) are assignable to a project via project_members; assignment is idempotent and an unknown role is rejected (tested). The platform staffs and tracks the role - the person filling it is hired, not software."
PROJ-005,PROJ,Project Management,,Developer,Feature Inventory,Inventory §40 p.23,Tested,Done,Done,Done,Pending,,"The eight delivery roles (strategist, project manager, SEO, PPC, developer, designer, copywriter, automation specialist) are assignable to a project via project_members; assignment is idempotent and an unknown role is rejected (tested). The platform staffs and tracks the role - the person filling it is hired, not software."
PROJ-006,PROJ,Project Management,,Designer,Feature Inventory,Inventory §40 p.23,Tested,Done,Done,Done,Pending,,"The eight delivery roles (strategist, project manager, SEO, PPC, developer, designer, copywriter, automation specialist) are assignable to a project via project_members; assignment is idempotent and an unknown role is rejected (tested). The platform staffs and tracks the role - the person filling it is hired, not software."
PROJ-007,PROJ,Project Management,,Copywriter,Feature Inventory,Inventory §40 p.23,Tested,Done,Done,Done,Pending,,"The eight delivery roles (strategist, project manager, SEO, PPC, developer, designer, copywriter, automation specialist) are assignable to a project via project_members; assignment is idempotent and an unknown role is rejected (tested). The platform staffs and tracks the role - the person filling it is hired, not software."
PROJ-008,PROJ,Project Management,,Automation specialist,Feature Inventory,Inventory §40 p.23,Tested,Done,Done,Done,Pending,,"The eight delivery roles (strategist, project manager, SEO, PPC, developer, designer, copywriter, automation specialist) are assignable to a project via project_members; assignment is idempotent and an unknown role is rejected (tested). The platform staffs and tracks the role - the person filling it is hired, not software."
PROJ-009,PROJ,Project Management,,Weekly sprint,Feature Inventory,Inventory §40 p.23,Tested,Done,Done,Done,Pending,,"Sprints (name, goal, window, status) with a task backlog, per-task priority/assignee/due date, and deliverables. Progress rolls up tasks done vs total, overdue count and completion percentage (tested)."
PROJ-010,PROJ,Project Management,,Sprint planning,Feature Inventory,Inventory §40 p.23,Tested,Done,Done,Done,Pending,,"Sprints (name, goal, window, status) with a task backlog, per-task priority/assignee/due date, and deliverables. Progress rolls up tasks done vs total, overdue count and completion percentage (tested)."
PROJ-011,PROJ,Project Management,,Deliverables,Feature Inventory,Inventory §40 p.23,Tested,Done,Done,Done,Pending,,"Sprints (name, goal, window, status) with a task backlog, per-task priority/assignee/due date, and deliverables. Progress rolls up tasks done vs total, overdue count and completion percentage (tested)."
PROJ-012,PROJ,Project Management,,Deadlines,Feature Inventory,Inventory §40 p.23,Tested,Done,Done,Done,Pending,,"Sprints (name, goal, window, status) with a task backlog, per-task priority/assignee/due date, and deliverables. Progress rolls up tasks done vs total, overdue count and completion percentage (tested)."
PROJ-013,PROJ,Project Management,,Approvals,Feature Inventory,Inventory §40 p.23,Tested,Done,Done,Done,Pending,,"Deliverable approval workflow: submit makes it client-visible (a client cannot approve what they cannot see), approve records the approver + timestamp and marks it delivered, reject requires a reason and returns it to in-progress so the work is recoverable rather than destroyed. Re-approving a decided deliverable is refused. All paths tested + audited."
PROJ-014,PROJ,Project Management,,Campaign backlog,Feature Inventory,Inventory §40 p.23,Tested,Done,Done,Done,Pending,,"Sprints (name, goal, window, status) with a task backlog, per-task priority/assignee/due date, and deliverables. Progress rolls up tasks done vs total, overdue count and completion percentage (tested)."
PROJ-015,PROJ,Project Management,,Monthly review,Feature Inventory,Inventory §40 p.23,Partially Implemented,Done,Done,Partial,Pending,,"Monthly reviews and quarterly strategy reviews are scheduled and tracked as engagements (type qbr / strategy_review) with attendees and notes, and the review DATA comes from the Stage 11 analytics + KPI attainment; the review meeting itself is human-delivered consulting."
PROJ-016,PROJ,Project Management,,Quarterly strategy review,Feature Inventory,Inventory §40 p.23,Partially Implemented,Done,Done,Partial,Pending,,"Monthly reviews and quarterly strategy reviews are scheduled and tracked as engagements (type qbr / strategy_review) with attendees and notes, and the review DATA comes from the Stage 11 analytics + KPI attainment; the review meeting itself is human-delivered consulting."
TRAIN-001,TRAIN,Training & Consulting,,Marketing consulting,Feature Inventory,Inventory §41 p.23,Tested,Done,Done,Done,Pending,,"Marketing consulting: engagement booking/tracking (Tested earlier) + the course surface built Phase 15: topic-tagged courses, lesson materials, per-user completion tracking, publish gating, starter curriculum. TrainingCoursesTest. Delivery of the consulting/teaching itself remains human, as scoped."
TRAIN-002,TRAIN,Training & Consulting,,SEO consulting,Feature Inventory,Inventory §41 p.23,Tested,Done,Done,Done,Pending,,"SEO consulting: engagement booking/tracking (Tested earlier) + the course surface built Phase 15: topic-tagged courses, lesson materials, per-user completion tracking, publish gating, starter curriculum. TrainingCoursesTest. Delivery of the consulting/teaching itself remains human, as scoped."
TRAIN-003,TRAIN,Training & Consulting,,Sales consulting,Feature Inventory,Inventory §41 p.23,Tested,Done,Done,Done,Pending,,"Sales consulting: engagement booking/tracking (Tested earlier) + the course surface built Phase 15: topic-tagged courses, lesson materials, per-user completion tracking, publish gating, starter curriculum. TrainingCoursesTest. Delivery of the consulting/teaching itself remains human, as scoped."
TRAIN-004,TRAIN,Training & Consulting,,Executive strategy,Feature Inventory,Inventory §41 p.23,Tested,Done,Done,Done,Pending,,"Executive strategy: engagement booking/tracking (Tested earlier) + the course surface built Phase 15: topic-tagged courses, lesson materials, per-user completion tracking, publish gating, starter curriculum. TrainingCoursesTest. Delivery of the consulting/teaching itself remains human, as scoped."
TRAIN-005,TRAIN,Training & Consulting,,Marketing-team training,Feature Inventory,Inventory §41 p.23,Tested,Done,Done,Done,Pending,,"Marketing-team training: courses with topic=marketing on /strategy/training; engagement booking/tracking (Tested earlier) + the course surface built Phase 15: topic-tagged courses, lesson materials, per-user completion tracking, publish gating, starter curriculum. TrainingCoursesTest. Delivery of the consulting/teaching itself remains human, as scoped."
TRAIN-006,TRAIN,Training & Consulting,,SEO training,Feature Inventory,Inventory §41 p.23,Tested,Done,Done,Done,Pending,,"SEO training: courses with topic=seo on /strategy/training; engagement booking/tracking (Tested earlier) + the course surface built Phase 15: topic-tagged courses, lesson materials, per-user completion tracking, publish gating, starter curriculum. TrainingCoursesTest. Delivery of the consulting/teaching itself remains human, as scoped."
TRAIN-007,TRAIN,Training & Consulting,,Sales training,Feature Inventory,Inventory §41 p.23,Tested,Done,Done,Done,Pending,,"Sales training: courses with topic=sales on /strategy/training; engagement booking/tracking (Tested earlier) + the course surface built Phase 15: topic-tagged courses, lesson materials, per-user completion tracking, publish gating, starter curriculum. TrainingCoursesTest. Delivery of the consulting/teaching itself remains human, as scoped."
TRAIN-008,TRAIN,Training & Consulting,,Masterclasses,Feature Inventory,Inventory §41 p.23,Tested,Done,Done,Done,Pending,,"Engagements schedule and track masterclasses, workshops, quarterly business reviews, competitive reviews, strategy reviews and growth planning sessions - typed and topic-tagged with owner, schedule, status, attendee count and notes. Scheduling/tracking/reporting is the software; the session is delivered by people."
TRAIN-009,TRAIN,Training & Consulting,,Workshops,Feature Inventory,Inventory §41 p.23,Tested,Done,Done,Done,Pending,,"Engagements schedule and track masterclasses, workshops, quarterly business reviews, competitive reviews, strategy reviews and growth planning sessions - typed and topic-tagged with owner, schedule, status, attendee count and notes. Scheduling/tracking/reporting is the software; the session is delivered by people."
TRAIN-010,TRAIN,Training & Consulting,,Quarterly business reviews,Feature Inventory,Inventory §41 p.23,Tested,Done,Done,Done,Pending,,"Engagements schedule and track masterclasses, workshops, quarterly business reviews, competitive reviews, strategy reviews and growth planning sessions - typed and topic-tagged with owner, schedule, status, attendee count and notes. Scheduling/tracking/reporting is the software; the session is delivered by people."
TRAIN-011,TRAIN,Training & Consulting,,Competitive reviews,Feature Inventory,Inventory §41 p.23,Tested,Done,Done,Done,Pending,,"Engagements schedule and track masterclasses, workshops, quarterly business reviews, competitive reviews, strategy reviews and growth planning sessions - typed and topic-tagged with owner, schedule, status, attendee count and notes. Scheduling/tracking/reporting is the software; the session is delivered by people."
TRAIN-012,TRAIN,Training & Consulting,,Strategy reviews,Feature Inventory,Inventory §41 p.23,Tested,Done,Done,Done,Pending,,"Engagements schedule and track masterclasses, workshops, quarterly business reviews, competitive reviews, strategy reviews and growth planning sessions - typed and topic-tagged with owner, schedule, status, attendee count and notes. Scheduling/tracking/reporting is the software; the session is delivered by people."
TRAIN-013,TRAIN,Training & Consulting,,Growth planning,Feature Inventory,Inventory §41 p.23,Tested,Done,Done,Done,Pending,,"Engagements schedule and track masterclasses, workshops, quarterly business reviews, competitive reviews, strategy reviews and growth planning sessions - typed and topic-tagged with owner, schedule, status, attendee count and notes. Scheduling/tracking/reporting is the software; the session is delivered by people."
MLOC-001,MLOC,Multi-Location MSP Support,,Multiple offices,Feature Inventory,Inventory §42 p.23,Tested,Done,Done,Done,Pending,,"Multiple offices extend the Stage 7 NAP location record with a sales territory, a Google Business Profile mapping and an active flag - one notion of location, not two. Location pages are a page type bound to a branch; the per-branch report shows whether each has a published page. Tested."
MLOC-002,MLOC,Multi-Location MSP Support,,Multiple Google Business Profiles,Feature Inventory,Inventory §42 p.23,Partially Implemented,Done,Done,Partial,Pending,,Per-branch GBP place id + NAP + citation consistency built (Stage 7); LIVE management of multiple GBP profiles needs the Google Business Profile API (blocked outbound 443). Honest partial.
MLOC-003,MLOC,Multi-Location MSP Support,,Location pages,Feature Inventory,Inventory §42 p.23,Tested,Done,Done,Done,Pending,,"Multiple offices extend the Stage 7 NAP location record with a sales territory, a Google Business Profile mapping and an active flag - one notion of location, not two. Location pages are a page type bound to a branch; the per-branch report shows whether each has a published page. Tested."
MLOC-004,MLOC,Multi-Location MSP Support,,Territory management,Feature Inventory,Inventory §42 p.23,Tested,Done,Done,Done,Pending,,"Multiple offices extend the Stage 7 NAP location record with a sales territory, a Google Business Profile mapping and an active flag - one notion of location, not two. Location pages are a page type bound to a branch; the per-branch report shows whether each has a published page. Tested."
MLOC-005,MLOC,Multi-Location MSP Support,,Local SEO per branch,Feature Inventory,Inventory §42 p.23,Tested,Done,Done,Done,Pending,,"Local SEO per branch: report() rolls citations (total/consistent), geo keywords matching the branch city, and page presence per branch. MultiLocationFranchiseTest. Phase 12."
MLOC-006,MLOC,Multi-Location MSP Support,,Local PPC campaigns,Feature Inventory,Inventory §42 p.23,Tested,Done,Done,Done,Pending,,"Local PPC: ad_campaigns.seo_location_id binding (validated TenantExists), per-branch campaign counts in the branch report; live ad platforms remain separately blocked. Phase 12."
MLOC-007,MLOC,Multi-Location MSP Support,,Local reporting,Feature Inventory,Inventory §42 p.23,Tested,Done,Done,Done,Pending,,"Location-level reporting and attribution from REAL CRM data: contacts are attributed to a branch through their company's city or region matching the branch's city/region/territory, and won deal value rolls up per branch. A contact with no company, or no matching address, is deliberately left UNATTRIBUTED rather than assigned to the nearest branch - a confident wrong attribution is worse than a visible gap. Tested incl. the unattributed case."
MLOC-008,MLOC,Multi-Location MSP Support,,Region-specific content,Feature Inventory,Inventory §42 p.23,Tested,Done,Done,Done,Pending,,Region-specific content: content_pieces.seo_location_id + regional calendar grouping content by branch. Phase 12.
MLOC-009,MLOC,Multi-Location MSP Support,,Franchise support,Feature Inventory,Inventory §42 p.24,Tested,Done,Done,Done,Pending,,"Franchise: organizations.parent_organization_id, FranchiseService (link requires one owner of both orgs; no chains), per-child rollup pinned to linked ids, brand push-down; settings/franchise. Phase 12."
MLOC-010,MLOC,Multi-Location MSP Support,,Brand consistency,Feature Inventory,Inventory §42 p.24,Tested,Done,Done,Done,Pending,,"Brand consistency: deterministic per-branch checks (published page, NAP, market in title, description, tagline present) each naming its fix; franchisor brand push aligns children. Phase 12."
MLOC-011,MLOC,Multi-Location MSP Support,,Centralized marketing,Feature Inventory,Inventory §42 p.24,Tested,Done,Done,Done,Pending,,Centralized marketing: the regional calendar shows branch-scoped and Central (unscoped) campaigns/content on one screen. Phase 12.
MLOC-012,MLOC,Multi-Location MSP Support,,Location-level attribution,Feature Inventory,Inventory §42 p.24,Tested,Done,Done,Done,Pending,,"Location-level reporting and attribution from REAL CRM data: contacts are attributed to a branch through their company's city or region matching the branch's city/region/territory, and won deal value rolls up per branch. A contact with no company, or no matching address, is deliberately left UNATTRIBUTED rather than assigned to the nearest branch - a confident wrong attribution is worse than a visible gap. Tested incl. the unattributed case."
VERT-001,VERT,Vertical Marketing,,Healthcare,Feature Inventory,Inventory §43 p.24,Tested,Done,Done,Done,Pending,,"Provisioned automatically with every organization as a first-class taxonomy record, and genuinely TARGETABLE: site pages bind to it, and coverage reporting counts the pages, published pages, keywords, campaigns and content pieces that address it, weakest-first so gaps are visible. What ships is the targeting mechanism and the coverage report - the campaign creative and copy for a given service are human marketing work, not 24 canned campaigns in a box. Each vertical also carries its compliance framing (HIPAA, GLBA/SOX, FERPA, CMMC/DFARS, PCI DSS, IRS Pub 4557, NAIC...), which is what vertical messaging leans on. Tested: all 12 seeded with compliance notes, pages bound and counted."
VERT-002,VERT,Vertical Marketing,,Legal,Feature Inventory,Inventory §43 p.24,Tested,Done,Done,Done,Pending,,"Provisioned automatically with every organization as a first-class taxonomy record, and genuinely TARGETABLE: site pages bind to it, and coverage reporting counts the pages, published pages, keywords, campaigns and content pieces that address it, weakest-first so gaps are visible. What ships is the targeting mechanism and the coverage report - the campaign creative and copy for a given service are human marketing work, not 24 canned campaigns in a box. Each vertical also carries its compliance framing (HIPAA, GLBA/SOX, FERPA, CMMC/DFARS, PCI DSS, IRS Pub 4557, NAIC...), which is what vertical messaging leans on. Tested: all 12 seeded with compliance notes, pages bound and counted."
VERT-003,VERT,Vertical Marketing,,Financial services,Feature Inventory,Inventory §43 p.24,Tested,Done,Done,Done,Pending,,"Provisioned automatically with every organization as a first-class taxonomy record, and genuinely TARGETABLE: site pages bind to it, and coverage reporting counts the pages, published pages, keywords, campaigns and content pieces that address it, weakest-first so gaps are visible. What ships is the targeting mechanism and the coverage report - the campaign creative and copy for a given service are human marketing work, not 24 canned campaigns in a box. Each vertical also carries its compliance framing (HIPAA, GLBA/SOX, FERPA, CMMC/DFARS, PCI DSS, IRS Pub 4557, NAIC...), which is what vertical messaging leans on. Tested: all 12 seeded with compliance notes, pages bound and counted."
VERT-004,VERT,Vertical Marketing,,Manufacturing,Feature Inventory,Inventory §43 p.24,Tested,Done,Done,Done,Pending,,"Provisioned automatically with every organization as a first-class taxonomy record, and genuinely TARGETABLE: site pages bind to it, and coverage reporting counts the pages, published pages, keywords, campaigns and content pieces that address it, weakest-first so gaps are visible. What ships is the targeting mechanism and the coverage report - the campaign creative and copy for a given service are human marketing work, not 24 canned campaigns in a box. Each vertical also carries its compliance framing (HIPAA, GLBA/SOX, FERPA, CMMC/DFARS, PCI DSS, IRS Pub 4557, NAIC...), which is what vertical messaging leans on. Tested: all 12 seeded with compliance notes, pages bound and counted."
VERT-005,VERT,Vertical Marketing,,Construction,Feature Inventory,Inventory §43 p.24,Tested,Done,Done,Done,Pending,,"Provisioned automatically with every organization as a first-class taxonomy record, and genuinely TARGETABLE: site pages bind to it, and coverage reporting counts the pages, published pages, keywords, campaigns and content pieces that address it, weakest-first so gaps are visible. What ships is the targeting mechanism and the coverage report - the campaign creative and copy for a given service are human marketing work, not 24 canned campaigns in a box. Each vertical also carries its compliance framing (HIPAA, GLBA/SOX, FERPA, CMMC/DFARS, PCI DSS, IRS Pub 4557, NAIC...), which is what vertical messaging leans on. Tested: all 12 seeded with compliance notes, pages bound and counted."
VERT-006,VERT,Vertical Marketing,,Nonprofit,Feature Inventory,Inventory §43 p.24,Tested,Done,Done,Done,Pending,,"Provisioned automatically with every organization as a first-class taxonomy record, and genuinely TARGETABLE: site pages bind to it, and coverage reporting counts the pages, published pages, keywords, campaigns and content pieces that address it, weakest-first so gaps are visible. What ships is the targeting mechanism and the coverage report - the campaign creative and copy for a given service are human marketing work, not 24 canned campaigns in a box. Each vertical also carries its compliance framing (HIPAA, GLBA/SOX, FERPA, CMMC/DFARS, PCI DSS, IRS Pub 4557, NAIC...), which is what vertical messaging leans on. Tested: all 12 seeded with compliance notes, pages bound and counted."
VERT-007,VERT,Vertical Marketing,,Education,Feature Inventory,Inventory §43 p.24,Tested,Done,Done,Done,Pending,,"Provisioned automatically with every organization as a first-class taxonomy record, and genuinely TARGETABLE: site pages bind to it, and coverage reporting counts the pages, published pages, keywords, campaigns and content pieces that address it, weakest-first so gaps are visible. What ships is the targeting mechanism and the coverage report - the campaign creative and copy for a given service are human marketing work, not 24 canned campaigns in a box. Each vertical also carries its compliance framing (HIPAA, GLBA/SOX, FERPA, CMMC/DFARS, PCI DSS, IRS Pub 4557, NAIC...), which is what vertical messaging leans on. Tested: all 12 seeded with compliance notes, pages bound and counted."
VERT-008,VERT,Vertical Marketing,,Professional services,Feature Inventory,Inventory §43 p.24,Tested,Done,Done,Done,Pending,,"Provisioned automatically with every organization as a first-class taxonomy record, and genuinely TARGETABLE: site pages bind to it, and coverage reporting counts the pages, published pages, keywords, campaigns and content pieces that address it, weakest-first so gaps are visible. What ships is the targeting mechanism and the coverage report - the campaign creative and copy for a given service are human marketing work, not 24 canned campaigns in a box. Each vertical also carries its compliance framing (HIPAA, GLBA/SOX, FERPA, CMMC/DFARS, PCI DSS, IRS Pub 4557, NAIC...), which is what vertical messaging leans on. Tested: all 12 seeded with compliance notes, pages bound and counted."
VERT-009,VERT,Vertical Marketing,,Government contractors,Feature Inventory,Inventory §43 p.24,Tested,Done,Done,Done,Pending,,"Provisioned automatically with every organization as a first-class taxonomy record, and genuinely TARGETABLE: site pages bind to it, and coverage reporting counts the pages, published pages, keywords, campaigns and content pieces that address it, weakest-first so gaps are visible. What ships is the targeting mechanism and the coverage report - the campaign creative and copy for a given service are human marketing work, not 24 canned campaigns in a box. Each vertical also carries its compliance framing (HIPAA, GLBA/SOX, FERPA, CMMC/DFARS, PCI DSS, IRS Pub 4557, NAIC...), which is what vertical messaging leans on. Tested: all 12 seeded with compliance notes, pages bound and counted."
VERT-010,VERT,Vertical Marketing,,Retail,Feature Inventory,Inventory §43 p.24,Tested,Done,Done,Done,Pending,,"Provisioned automatically with every organization as a first-class taxonomy record, and genuinely TARGETABLE: site pages bind to it, and coverage reporting counts the pages, published pages, keywords, campaigns and content pieces that address it, weakest-first so gaps are visible. What ships is the targeting mechanism and the coverage report - the campaign creative and copy for a given service are human marketing work, not 24 canned campaigns in a box. Each vertical also carries its compliance framing (HIPAA, GLBA/SOX, FERPA, CMMC/DFARS, PCI DSS, IRS Pub 4557, NAIC...), which is what vertical messaging leans on. Tested: all 12 seeded with compliance notes, pages bound and counted."
VERT-011,VERT,Vertical Marketing,,Accounting,Feature Inventory,Inventory §43 p.24,Tested,Done,Done,Done,Pending,,"Provisioned automatically with every organization as a first-class taxonomy record, and genuinely TARGETABLE: site pages bind to it, and coverage reporting counts the pages, published pages, keywords, campaigns and content pieces that address it, weakest-first so gaps are visible. What ships is the targeting mechanism and the coverage report - the campaign creative and copy for a given service are human marketing work, not 24 canned campaigns in a box. Each vertical also carries its compliance framing (HIPAA, GLBA/SOX, FERPA, CMMC/DFARS, PCI DSS, IRS Pub 4557, NAIC...), which is what vertical messaging leans on. Tested: all 12 seeded with compliance notes, pages bound and counted."
VERT-012,VERT,Vertical Marketing,,Insurance,Feature Inventory,Inventory §43 p.24,Tested,Done,Done,Done,Pending,,"Provisioned automatically with every organization as a first-class taxonomy record, and genuinely TARGETABLE: site pages bind to it, and coverage reporting counts the pages, published pages, keywords, campaigns and content pieces that address it, weakest-first so gaps are visible. What ships is the targeting mechanism and the coverage report - the campaign creative and copy for a given service are human marketing work, not 24 canned campaigns in a box. Each vertical also carries its compliance framing (HIPAA, GLBA/SOX, FERPA, CMMC/DFARS, PCI DSS, IRS Pub 4557, NAIC...), which is what vertical messaging leans on. Tested: all 12 seeded with compliance notes, pages bound and counted."
VERT-013,VERT,Vertical Marketing,,Vertical landing pages,Feature Inventory,Inventory §43 p.24,Tested,Done,Done,Done,Pending,,"Vertical landing pages are a page type bound to a vertical (built and tested here), and compliance messaging is carried on the vertical record so every page, campaign and sequence targeting it draws on the same framing. Tested."
VERT-014,VERT,Vertical Marketing,,Vertical content,Feature Inventory,Inventory §43 p.24,Partially Implemented,Done,Done,Partial,Pending,,"Vertical content, ads, messaging, case studies, email sequences and ABM reuse modules already built and tested - content hub (Stage 9), ad campaigns (Stage 8), email workflows (Stage 6), brand/case-study assets (Stage 13), ABM target accounts (Stage 10) - and the vertical taxonomy is the axis they are targeted and reported on. What is NOT built is an explicit vertical foreign key on each of those records, so coverage is counted by name matching rather than a hard binding."
VERT-015,VERT,Vertical Marketing,,Vertical ads,Feature Inventory,Inventory §43 p.24,Partially Implemented,Done,Done,Partial,Pending,,"Vertical content, ads, messaging, case studies, email sequences and ABM reuse modules already built and tested - content hub (Stage 9), ad campaigns (Stage 8), email workflows (Stage 6), brand/case-study assets (Stage 13), ABM target accounts (Stage 10) - and the vertical taxonomy is the axis they are targeted and reported on. What is NOT built is an explicit vertical foreign key on each of those records, so coverage is counted by name matching rather than a hard binding."
VERT-016,VERT,Vertical Marketing,,Vertical messaging,Feature Inventory,Inventory §43 p.24,Partially Implemented,Done,Done,Partial,Pending,,"Vertical content, ads, messaging, case studies, email sequences and ABM reuse modules already built and tested - content hub (Stage 9), ad campaigns (Stage 8), email workflows (Stage 6), brand/case-study assets (Stage 13), ABM target accounts (Stage 10) - and the vertical taxonomy is the axis they are targeted and reported on. What is NOT built is an explicit vertical foreign key on each of those records, so coverage is counted by name matching rather than a hard binding."
VERT-017,VERT,Vertical Marketing,,Vertical case studies,Feature Inventory,Inventory §43 p.24,Partially Implemented,Done,Done,Partial,Pending,,"Vertical content, ads, messaging, case studies, email sequences and ABM reuse modules already built and tested - content hub (Stage 9), ad campaigns (Stage 8), email workflows (Stage 6), brand/case-study assets (Stage 13), ABM target accounts (Stage 10) - and the vertical taxonomy is the axis they are targeted and reported on. What is NOT built is an explicit vertical foreign key on each of those records, so coverage is counted by name matching rather than a hard binding."
VERT-018,VERT,Vertical Marketing,,Vertical email sequences,Feature Inventory,Inventory §43 p.24,Partially Implemented,Done,Done,Partial,Pending,,"Vertical content, ads, messaging, case studies, email sequences and ABM reuse modules already built and tested - content hub (Stage 9), ad campaigns (Stage 8), email workflows (Stage 6), brand/case-study assets (Stage 13), ABM target accounts (Stage 10) - and the vertical taxonomy is the axis they are targeted and reported on. What is NOT built is an explicit vertical foreign key on each of those records, so coverage is counted by name matching rather than a hard binding."
VERT-019,VERT,Vertical Marketing,,Vertical-specific ABM,Feature Inventory,Inventory §43 p.24,Partially Implemented,Done,Done,Partial,Pending,,"Vertical content, ads, messaging, case studies, email sequences and ABM reuse modules already built and tested - content hub (Stage 9), ad campaigns (Stage 8), email workflows (Stage 6), brand/case-study assets (Stage 13), ABM target accounts (Stage 10) - and the vertical taxonomy is the axis they are targeted and reported on. What is NOT built is an explicit vertical foreign key on each of those records, so coverage is counted by name matching rather than a hard binding."
VERT-020,VERT,Vertical Marketing,,Compliance messaging,Feature Inventory,Inventory §43 p.24,Tested,Done,Done,Done,Pending,,"Vertical landing pages are a page type bound to a vertical (built and tested here), and compliance messaging is carried on the vertical record so every page, campaign and sequence targeting it draws on the same framing. Tested."
SVC-001,SVC,Service-Specific MSP Campaigns,,Managed IT,Feature Inventory,Inventory §44 p.24,Tested,Done,Done,Done,Pending,,"Provisioned automatically with every organization as a first-class taxonomy record, and genuinely TARGETABLE: site pages bind to it, and coverage reporting counts the pages, published pages, keywords, campaigns and content pieces that address it, weakest-first so gaps are visible. What ships is the targeting mechanism and the coverage report - the campaign creative and copy for a given service are human marketing work, not 24 canned campaigns in a box. Tested: all 24 service lines seeded, idempotent re-provisioning, service pages bound and counted."
SVC-002,SVC,Service-Specific MSP Campaigns,,Co-managed IT,Feature Inventory,Inventory §44 p.24,Tested,Done,Done,Done,Pending,,"Provisioned automatically with every organization as a first-class taxonomy record, and genuinely TARGETABLE: site pages bind to it, and coverage reporting counts the pages, published pages, keywords, campaigns and content pieces that address it, weakest-first so gaps are visible. What ships is the targeting mechanism and the coverage report - the campaign creative and copy for a given service are human marketing work, not 24 canned campaigns in a box. Tested: all 24 service lines seeded, idempotent re-provisioning, service pages bound and counted."
SVC-003,SVC,Service-Specific MSP Campaigns,,Cybersecurity,Feature Inventory,Inventory §44 p.24,Tested,Done,Done,Done,Pending,,"Provisioned automatically with every organization as a first-class taxonomy record, and genuinely TARGETABLE: site pages bind to it, and coverage reporting counts the pages, published pages, keywords, campaigns and content pieces that address it, weakest-first so gaps are visible. What ships is the targeting mechanism and the coverage report - the campaign creative and copy for a given service are human marketing work, not 24 canned campaigns in a box. Tested: all 24 service lines seeded, idempotent re-provisioning, service pages bound and counted."
SVC-004,SVC,Service-Specific MSP Campaigns,,MSSP,Feature Inventory,Inventory §44 p.24,Tested,Done,Done,Done,Pending,,"Provisioned automatically with every organization as a first-class taxonomy record, and genuinely TARGETABLE: site pages bind to it, and coverage reporting counts the pages, published pages, keywords, campaigns and content pieces that address it, weakest-first so gaps are visible. What ships is the targeting mechanism and the coverage report - the campaign creative and copy for a given service are human marketing work, not 24 canned campaigns in a box. Tested: all 24 service lines seeded, idempotent re-provisioning, service pages bound and counted."
SVC-005,SVC,Service-Specific MSP Campaigns,,SOC,Feature Inventory,Inventory §44 p.24,Tested,Done,Done,Done,Pending,,"Provisioned automatically with every organization as a first-class taxonomy record, and genuinely TARGETABLE: site pages bind to it, and coverage reporting counts the pages, published pages, keywords, campaigns and content pieces that address it, weakest-first so gaps are visible. What ships is the targeting mechanism and the coverage report - the campaign creative and copy for a given service are human marketing work, not 24 canned campaigns in a box. Tested: all 24 service lines seeded, idempotent re-provisioning, service pages bound and counted."
SVC-006,SVC,Service-Specific MSP Campaigns,,SIEM,Feature Inventory,Inventory §44 p.24,Tested,Done,Done,Done,Pending,,"Provisioned automatically with every organization as a first-class taxonomy record, and genuinely TARGETABLE: site pages bind to it, and coverage reporting counts the pages, published pages, keywords, campaigns and content pieces that address it, weakest-first so gaps are visible. What ships is the targeting mechanism and the coverage report - the campaign creative and copy for a given service are human marketing work, not 24 canned campaigns in a box. Tested: all 24 service lines seeded, idempotent re-provisioning, service pages bound and counted."
SVC-007,SVC,Service-Specific MSP Campaigns,,MDR,Feature Inventory,Inventory §44 p.24,Tested,Done,Done,Done,Pending,,"Provisioned automatically with every organization as a first-class taxonomy record, and genuinely TARGETABLE: site pages bind to it, and coverage reporting counts the pages, published pages, keywords, campaigns and content pieces that address it, weakest-first so gaps are visible. What ships is the targeting mechanism and the coverage report - the campaign creative and copy for a given service are human marketing work, not 24 canned campaigns in a box. Tested: all 24 service lines seeded, idempotent re-provisioning, service pages bound and counted."
SVC-008,SVC,Service-Specific MSP Campaigns,,EDR,Feature Inventory,Inventory §44 p.24,Tested,Done,Done,Done,Pending,,"Provisioned automatically with every organization as a first-class taxonomy record, and genuinely TARGETABLE: site pages bind to it, and coverage reporting counts the pages, published pages, keywords, campaigns and content pieces that address it, weakest-first so gaps are visible. What ships is the targeting mechanism and the coverage report - the campaign creative and copy for a given service are human marketing work, not 24 canned campaigns in a box. Tested: all 24 service lines seeded, idempotent re-provisioning, service pages bound and counted."
SVC-009,SVC,Service-Specific MSP Campaigns,,Cloud,Feature Inventory,Inventory §44 p.24,Tested,Done,Done,Done,Pending,,"Provisioned automatically with every organization as a first-class taxonomy record, and genuinely TARGETABLE: site pages bind to it, and coverage reporting counts the pages, published pages, keywords, campaigns and content pieces that address it, weakest-first so gaps are visible. What ships is the targeting mechanism and the coverage report - the campaign creative and copy for a given service are human marketing work, not 24 canned campaigns in a box. Tested: all 24 service lines seeded, idempotent re-provisioning, service pages bound and counted."
SVC-010,SVC,Service-Specific MSP Campaigns,,Microsoft 365,Feature Inventory,Inventory §44 p.24,Tested,Done,Done,Done,Pending,,"Provisioned automatically with every organization as a first-class taxonomy record, and genuinely TARGETABLE: site pages bind to it, and coverage reporting counts the pages, published pages, keywords, campaigns and content pieces that address it, weakest-first so gaps are visible. What ships is the targeting mechanism and the coverage report - the campaign creative and copy for a given service are human marketing work, not 24 canned campaigns in a box. Tested: all 24 service lines seeded, idempotent re-provisioning, service pages bound and counted."
SVC-011,SVC,Service-Specific MSP Campaigns,,Azure,Feature Inventory,Inventory §44 p.24,Tested,Done,Done,Done,Pending,,"Provisioned automatically with every organization as a first-class taxonomy record, and genuinely TARGETABLE: site pages bind to it, and coverage reporting counts the pages, published pages, keywords, campaigns and content pieces that address it, weakest-first so gaps are visible. What ships is the targeting mechanism and the coverage report - the campaign creative and copy for a given service are human marketing work, not 24 canned campaigns in a box. Tested: all 24 service lines seeded, idempotent re-provisioning, service pages bound and counted."
SVC-012,SVC,Service-Specific MSP Campaigns,,Backup,Feature Inventory,Inventory §44 p.24,Tested,Done,Done,Done,Pending,,"Provisioned automatically with every organization as a first-class taxonomy record, and genuinely TARGETABLE: site pages bind to it, and coverage reporting counts the pages, published pages, keywords, campaigns and content pieces that address it, weakest-first so gaps are visible. What ships is the targeting mechanism and the coverage report - the campaign creative and copy for a given service are human marketing work, not 24 canned campaigns in a box. Tested: all 24 service lines seeded, idempotent re-provisioning, service pages bound and counted."
SVC-013,SVC,Service-Specific MSP Campaigns,,Disaster recovery,Feature Inventory,Inventory §44 p.24,Tested,Done,Done,Done,Pending,,"Provisioned automatically with every organization as a first-class taxonomy record, and genuinely TARGETABLE: site pages bind to it, and coverage reporting counts the pages, published pages, keywords, campaigns and content pieces that address it, weakest-first so gaps are visible. What ships is the targeting mechanism and the coverage report - the campaign creative and copy for a given service are human marketing work, not 24 canned campaigns in a box. Tested: all 24 service lines seeded, idempotent re-provisioning, service pages bound and counted."
SVC-014,SVC,Service-Specific MSP Campaigns,,Business continuity,Feature Inventory,Inventory §44 p.24,Tested,Done,Done,Done,Pending,,"Provisioned automatically with every organization as a first-class taxonomy record, and genuinely TARGETABLE: site pages bind to it, and coverage reporting counts the pages, published pages, keywords, campaigns and content pieces that address it, weakest-first so gaps are visible. What ships is the targeting mechanism and the coverage report - the campaign creative and copy for a given service are human marketing work, not 24 canned campaigns in a box. Tested: all 24 service lines seeded, idempotent re-provisioning, service pages bound and counted."
SVC-015,SVC,Service-Specific MSP Campaigns,,VoIP,Feature Inventory,Inventory §44 p.24,Tested,Done,Done,Done,Pending,,"Provisioned automatically with every organization as a first-class taxonomy record, and genuinely TARGETABLE: site pages bind to it, and coverage reporting counts the pages, published pages, keywords, campaigns and content pieces that address it, weakest-first so gaps are visible. What ships is the targeting mechanism and the coverage report - the campaign creative and copy for a given service are human marketing work, not 24 canned campaigns in a box. Tested: all 24 service lines seeded, idempotent re-provisioning, service pages bound and counted."
SVC-016,SVC,Service-Specific MSP Campaigns,,Help desk,Feature Inventory,Inventory §44 p.24,Tested,Done,Done,Done,Pending,,"Provisioned automatically with every organization as a first-class taxonomy record, and genuinely TARGETABLE: site pages bind to it, and coverage reporting counts the pages, published pages, keywords, campaigns and content pieces that address it, weakest-first so gaps are visible. What ships is the targeting mechanism and the coverage report - the campaign creative and copy for a given service are human marketing work, not 24 canned campaigns in a box. Tested: all 24 service lines seeded, idempotent re-provisioning, service pages bound and counted."
SVC-017,SVC,Service-Specific MSP Campaigns,,IT consulting,Feature Inventory,Inventory §44 p.24,Tested,Done,Done,Done,Pending,,"Provisioned automatically with every organization as a first-class taxonomy record, and genuinely TARGETABLE: site pages bind to it, and coverage reporting counts the pages, published pages, keywords, campaigns and content pieces that address it, weakest-first so gaps are visible. What ships is the targeting mechanism and the coverage report - the campaign creative and copy for a given service are human marketing work, not 24 canned campaigns in a box. Tested: all 24 service lines seeded, idempotent re-provisioning, service pages bound and counted."
SVC-018,SVC,Service-Specific MSP Campaigns,,vCIO,Feature Inventory,Inventory §44 p.24,Tested,Done,Done,Done,Pending,,"Provisioned automatically with every organization as a first-class taxonomy record, and genuinely TARGETABLE: site pages bind to it, and coverage reporting counts the pages, published pages, keywords, campaigns and content pieces that address it, weakest-first so gaps are visible. What ships is the targeting mechanism and the coverage report - the campaign creative and copy for a given service are human marketing work, not 24 canned campaigns in a box. Tested: all 24 service lines seeded, idempotent re-provisioning, service pages bound and counted."
SVC-019,SVC,Service-Specific MSP Campaigns,,Compliance,Feature Inventory,Inventory §44 p.24,Tested,Done,Done,Done,Pending,,"Provisioned automatically with every organization as a first-class taxonomy record, and genuinely TARGETABLE: site pages bind to it, and coverage reporting counts the pages, published pages, keywords, campaigns and content pieces that address it, weakest-first so gaps are visible. What ships is the targeting mechanism and the coverage report - the campaign creative and copy for a given service are human marketing work, not 24 canned campaigns in a box. Tested: all 24 service lines seeded, idempotent re-provisioning, service pages bound and counted."
SVC-020,SVC,Service-Specific MSP Campaigns,,CMMC,Feature Inventory,Inventory §44 p.24,Tested,Done,Done,Done,Pending,,"Provisioned automatically with every organization as a first-class taxonomy record, and genuinely TARGETABLE: site pages bind to it, and coverage reporting counts the pages, published pages, keywords, campaigns and content pieces that address it, weakest-first so gaps are visible. What ships is the targeting mechanism and the coverage report - the campaign creative and copy for a given service are human marketing work, not 24 canned campaigns in a box. Tested: all 24 service lines seeded, idempotent re-provisioning, service pages bound and counted."
SVC-021,SVC,Service-Specific MSP Campaigns,,HIPAA,Feature Inventory,Inventory §44 p.25,Tested,Done,Done,Done,Pending,,"Provisioned automatically with every organization as a first-class taxonomy record, and genuinely TARGETABLE: site pages bind to it, and coverage reporting counts the pages, published pages, keywords, campaigns and content pieces that address it, weakest-first so gaps are visible. What ships is the targeting mechanism and the coverage report - the campaign creative and copy for a given service are human marketing work, not 24 canned campaigns in a box. Tested: all 24 service lines seeded, idempotent re-provisioning, service pages bound and counted."
SVC-022,SVC,Service-Specific MSP Campaigns,,PCI,Feature Inventory,Inventory §44 p.25,Tested,Done,Done,Done,Pending,,"Provisioned automatically with every organization as a first-class taxonomy record, and genuinely TARGETABLE: site pages bind to it, and coverage reporting counts the pages, published pages, keywords, campaigns and content pieces that address it, weakest-first so gaps are visible. What ships is the targeting mechanism and the coverage report - the campaign creative and copy for a given service are human marketing work, not 24 canned campaigns in a box. Tested: all 24 service lines seeded, idempotent re-provisioning, service pages bound and counted."
SVC-023,SVC,Service-Specific MSP Campaigns,,NIST,Feature Inventory,Inventory §44 p.25,Tested,Done,Done,Done,Pending,,"Provisioned automatically with every organization as a first-class taxonomy record, and genuinely TARGETABLE: site pages bind to it, and coverage reporting counts the pages, published pages, keywords, campaigns and content pieces that address it, weakest-first so gaps are visible. What ships is the targeting mechanism and the coverage report - the campaign creative and copy for a given service are human marketing work, not 24 canned campaigns in a box. Tested: all 24 service lines seeded, idempotent re-provisioning, service pages bound and counted."
SVC-024,SVC,Service-Specific MSP Campaigns,,Zero Trust,Feature Inventory,Inventory §44 p.25,Tested,Done,Done,Done,Pending,,"Provisioned automatically with every organization as a first-class taxonomy record, and genuinely TARGETABLE: site pages bind to it, and coverage reporting counts the pages, published pages, keywords, campaigns and content pieces that address it, weakest-first so gaps are visible. What ships is the targeting mechanism and the coverage report - the campaign creative and copy for a given service are human marketing work, not 24 canned campaigns in a box. Tested: all 24 service lines seeded, idempotent re-provisioning, service pages bound and counted."
PERF-001,PERF,Lead Guarantee / Performance Model,,Lead target,Feature Inventory,Inventory §45 p.25,Tested,Done,Done,Done,Pending,,"Performance agreements (guarantee / performance pricing / pay-per-lead) with lead, SQL and booked-meeting targets. Attainment is computed from the real Stage 11 funnel, NET of replaced leads, so a guarantee is measured against actual delivery rather than a self-reported number. A zero target is not treated as a missed promise. Tested."
PERF-002,PERF,Lead Guarantee / Performance Model,,SQL target,Feature Inventory,Inventory §45 p.25,Tested,Done,Done,Done,Pending,,"Performance agreements (guarantee / performance pricing / pay-per-lead) with lead, SQL and booked-meeting targets. Attainment is computed from the real Stage 11 funnel, NET of replaced leads, so a guarantee is measured against actual delivery rather than a self-reported number. A zero target is not treated as a missed promise. Tested."
PERF-003,PERF,Lead Guarantee / Performance Model,,Booked-meeting target,Feature Inventory,Inventory §45 p.25,Tested,Done,Done,Done,Pending,,"Performance agreements (guarantee / performance pricing / pay-per-lead) with lead, SQL and booked-meeting targets. Attainment is computed from the real Stage 11 funnel, NET of replaced leads, so a guarantee is measured against actual delivery rather than a self-reported number. A zero target is not treated as a missed promise. Tested."
PERF-004,PERF,Lead Guarantee / Performance Model,,Guaranteed deliverables,Feature Inventory,Inventory §45 p.25,Partially Implemented,Done,Done,Partial,Pending,,Guaranteed deliverables are stored on the agreement and delivery is tracked through project deliverables + approvals; automatic reconciliation of promised vs delivered items is pending.
PERF-005,PERF,Lead Guarantee / Performance Model,,Performance pricing,Feature Inventory,Inventory §45 p.25,Tested,Done,Done,Done,Pending,,"Performance agreements (guarantee / performance pricing / pay-per-lead) with lead, SQL and booked-meeting targets. Attainment is computed from the real Stage 11 funnel, NET of replaced leads, so a guarantee is measured against actual delivery rather than a self-reported number. A zero target is not treated as a missed promise. Tested."
PERF-006,PERF,Lead Guarantee / Performance Model,,Pay-per-lead option,Feature Inventory,Inventory §45 p.25,Tested,Done,Done,Done,Pending,,"Performance agreements (guarantee / performance pricing / pay-per-lead) with lead, SQL and booked-meeting targets. Attainment is computed from the real Stage 11 funnel, NET of replaced leads, so a guarantee is measured against actual delivery rather than a self-reported number. A zero target is not treated as a missed promise. Tested."
PERF-007,PERF,Lead Guarantee / Performance Model,,Lead-quality criteria,Feature Inventory,Inventory §45 p.25,Tested,Done,Done,Done,Pending,,"Lead-quality criteria are evaluated per contact (min lead score, lifecycle stage, has company, has phone) and replaced leads are recorded against the agreement and excluded from the delivered count. Tested incl. contacts failing on score and on missing phone."
PERF-008,PERF,Lead Guarantee / Performance Model,,Lead replacement,Feature Inventory,Inventory §45 p.25,Tested,Done,Done,Done,Pending,,"Lead-quality criteria are evaluated per contact (min lead score, lifecycle stage, has company, has phone) and replaced leads are recorded against the agreement and excluded from the delivered count. Tested incl. contacts failing on score and on missing phone."
PERF-009,PERF,Lead Guarantee / Performance Model,,Qualification criteria,Feature Inventory,Inventory §45 p.25,Tested,Done,Done,Done,Pending,,"Lead-quality criteria are evaluated per contact (min lead score, lifecycle stage, has company, has phone) and replaced leads are recorded against the agreement and excluded from the delivered count. Tested incl. contacts failing on score and on missing phone."
PERF-010,PERF,Lead Guarantee / Performance Model,,Performance SLA,Feature Inventory,Inventory §45 p.25,Partially Implemented,Done,Done,Partial,Pending,,The SLA window and period are stored and an expired agreement whose targets were missed is reported as BREACHED (tested); ROI review reuses the Stage 11 attribution ROI. Automated SLA breach notification and a formal periodic ROI review artefact are pending.
PERF-011,PERF,Lead Guarantee / Performance Model,,ROI review,Feature Inventory,Inventory §45 p.25,Partially Implemented,Done,Done,Partial,Pending,,The SLA window and period are stored and an expired agreement whose targets were missed is reported as BREACHED (tested); ROI review reuses the Stage 11 attribution ROI. Automated SLA breach notification and a formal periodic ROI review artefact are pending.
METH-001,METH,Proprietary Methodology,Example: P5 MSP Growth Engine,"Position - define ICP, positioning, offer, and target market",Feature Inventory,Inventory §46 p.25,Tested,Done,Done,Done,Pending,,"The five-P methodology is COMPUTED from real signals across the earlier modules, not self-assessed: Position (brand positioning + value prop recorded, ICP research, segmented companies), Presence (tracked keywords, page-one rankings, live paid media, published content), Pipeline (capture forms, CRM contacts, MQLs, opportunities), Pursuit (active workflows, active scoring rules, SQLs, booked meetings), Profit (closed-won revenue, MRR, channel attribution, measurable ROI). Each stage scores 0-100 and carries the evidence behind it; a stage with no data scores 0 and says why. Tested."
METH-002,METH,Proprietary Methodology,Example: P5 MSP Growth Engine,"Presence - SEO, AI Search, Maps, paid media, and social",Feature Inventory,Inventory §46 p.25,Tested,Done,Done,Done,Pending,,"The five-P methodology is COMPUTED from real signals across the earlier modules, not self-assessed: Position (brand positioning + value prop recorded, ICP research, segmented companies), Presence (tracked keywords, page-one rankings, live paid media, published content), Pipeline (capture forms, CRM contacts, MQLs, opportunities), Pursuit (active workflows, active scoring rules, SQLs, booked meetings), Profit (closed-won revenue, MRR, channel attribution, measurable ROI). Each stage scores 0-100 and carries the evidence behind it; a stage with no data scores 0 and says why. Tested."
METH-003,METH,Proprietary Methodology,Example: P5 MSP Growth Engine,"Pipeline - website, landing pages, forms, and CRM",Feature Inventory,Inventory §46 p.25,Tested,Done,Done,Done,Pending,,"The five-P methodology is COMPUTED from real signals across the earlier modules, not self-assessed: Position (brand positioning + value prop recorded, ICP research, segmented companies), Presence (tracked keywords, page-one rankings, live paid media, published content), Pipeline (capture forms, CRM contacts, MQLs, opportunities), Pursuit (active workflows, active scoring rules, SQLs, booked meetings), Profit (closed-won revenue, MRR, channel attribution, measurable ROI). Each stage scores 0-100 and carries the evidence behind it; a stage with no data scores 0 and says why. Tested."
METH-004,METH,Proprietary Methodology,Example: P5 MSP Growth Engine,"Pursuit - automation, retargeting, scoring, and sales follow-up",Feature Inventory,Inventory §46 p.25,Tested,Done,Done,Done,Pending,,"The five-P methodology is COMPUTED from real signals across the earlier modules, not self-assessed: Position (brand positioning + value prop recorded, ICP research, segmented companies), Presence (tracked keywords, page-one rankings, live paid media, published content), Pipeline (capture forms, CRM contacts, MQLs, opportunities), Pursuit (active workflows, active scoring rules, SQLs, booked meetings), Profit (closed-won revenue, MRR, channel attribution, measurable ROI). Each stage scores 0-100 and carries the evidence behind it; a stage with no data scores 0 and says why. Tested."
METH-005,METH,Proprietary Methodology,Example: P5 MSP Growth Engine,"Profit - revenue attribution, MRR, and ROI",Feature Inventory,Inventory §46 p.25,Tested,Done,Done,Done,Pending,,"The five-P methodology is COMPUTED from real signals across the earlier modules, not self-assessed: Position (brand positioning + value prop recorded, ICP research, segmented companies), Presence (tracked keywords, page-one rankings, live paid media, published content), Pipeline (capture forms, CRM contacts, MQLs, opportunities), Pursuit (active workflows, active scoring rules, SQLs, booked meetings), Profit (closed-won revenue, MRR, channel attribution, measurable ROI). Each stage scores 0-100 and carries the evidence behind it; a stage with no data scores 0 and says why. Tested."
BENCH-001,BENCH,Proprietary Data Layer,,Average MSP CPL benchmarks,Feature Inventory,Inventory §47 p.25,Tested,Done,Done,Done,Pending,,"BenchmarkService computes anonymized cross-tenant peer benchmarks (CPL, conversion rate, lead-to-SQL, SQL-to-meeting, avg MRR, CAC, time-to-close) with peer median/average, top-quartile and the tenant's percentile, guarded by a k-anonymity minimum-cohort floor. Tested: suppressed below the floor, no per-tenant values exposed, empty orgs excluded from the cohort."
BENCH-002,BENCH,Proprietary Data Layer,,Average conversion-rate benchmarks,Feature Inventory,Inventory §47 p.25,Tested,Done,Done,Done,Pending,,"BenchmarkService computes anonymized cross-tenant peer benchmarks (CPL, conversion rate, lead-to-SQL, SQL-to-meeting, avg MRR, CAC, time-to-close) with peer median/average, top-quartile and the tenant's percentile, guarded by a k-anonymity minimum-cohort floor. Tested: suppressed below the floor, no per-tenant values exposed, empty orgs excluded from the cohort."
BENCH-003,BENCH,Proprietary Data Layer,,CPC by service,Feature Inventory,Inventory §47 p.25,Tested,Yes,Yes,Yes,Yes,,"Segmented benchmark shipped and tested (Phase 29): CPC by service (campaigns bound via new ad_campaigns.service_line_id, canonical service_lines.key as the cross-tenant dimension) aggregated per segment across tenants with the SAME k-anonymity floor applied per segment - a segment with fewer contributing orgs than the floor is withheld entirely, never blurred. Emission + suppression both proven on synthetic multi-org cohorts in BenchmarkSegmentsTest; production segments unlock as the real tenant base crosses the floor, enforced by the shipped guard."
BENCH-004,BENCH,Proprietary Data Layer,,CPC by city or region,Feature Inventory,Inventory §47 p.25,Tested,Yes,Yes,Yes,Yes,,"Segmented benchmark shipped and tested (Phase 29): CPC by city/region (campaign location binding from P12; region with city fallback as the dimension) aggregated per segment across tenants with the SAME k-anonymity floor applied per segment - a segment with fewer contributing orgs than the floor is withheld entirely, never blurred. Emission + suppression both proven on synthetic multi-org cohorts in BenchmarkSegmentsTest; production segments unlock as the real tenant base crosses the floor, enforced by the shipped guard."
BENCH-005,BENCH,Proprietary Data Layer,,SEO conversion rates,Feature Inventory,Inventory §47 p.25,Tested,Yes,Yes,Yes,Yes,,"SEO conversion rate joined the flat benchmark metrics (Phase 29): organic-sourced contacts who became customers per org, same k-floor, percentile and suppression treatment as the other nine metrics. Tested in BenchmarkSegmentsTest."
BENCH-006,BENCH,Proprietary Data Layer,,Lead-to-SQL rates,Feature Inventory,Inventory §47 p.25,Tested,Done,Done,Done,Pending,,"BenchmarkService computes anonymized cross-tenant peer benchmarks (CPL, conversion rate, lead-to-SQL, SQL-to-meeting, avg MRR, CAC, time-to-close) with peer median/average, top-quartile and the tenant's percentile, guarded by a k-anonymity minimum-cohort floor. Tested: suppressed below the floor, no per-tenant values exposed, empty orgs excluded from the cohort."
BENCH-007,BENCH,Proprietary Data Layer,,SQL-to-meeting rates,Feature Inventory,Inventory §47 p.25,Tested,Done,Done,Done,Pending,,"BenchmarkService computes anonymized cross-tenant peer benchmarks (CPL, conversion rate, lead-to-SQL, SQL-to-meeting, avg MRR, CAC, time-to-close) with peer median/average, top-quartile and the tenant's percentile, guarded by a k-anonymity minimum-cohort floor. Tested: suppressed below the floor, no per-tenant values exposed, empty orgs excluded from the cohort."
BENCH-008,BENCH,Proprietary Data Layer,,Meeting-to-proposal rates,Feature Inventory,Inventory §47 p.25,Tested,Done,Done,Done,Pending,,"Meeting-to-proposal rate: the proposal-stage convention (pipeline_stages.is_proposal + deals.proposal_sent_at stamped on first entry, never rewritten) makes it honest; emitted through the same k-anonymity machinery. BenchmarkProposalTest. Phase 20."
BENCH-009,BENCH,Proprietary Data Layer,,Proposal-to-win rates,Feature Inventory,Inventory §47 p.25,Tested,Done,Done,Done,Pending,,"Proposal-to-win rate: won deals that passed a proposal stage / proposal-stamped deals, k-anonymity guarded. BenchmarkProposalTest. Phase 20."
BENCH-010,BENCH,Proprietary Data Layer,,Average MRR,Feature Inventory,Inventory §47 p.25,Tested,Done,Done,Done,Pending,,"BenchmarkService computes anonymized cross-tenant peer benchmarks (CPL, conversion rate, lead-to-SQL, SQL-to-meeting, avg MRR, CAC, time-to-close) with peer median/average, top-quartile and the tenant's percentile, guarded by a k-anonymity minimum-cohort floor. Tested: suppressed below the floor, no per-tenant values exposed, empty orgs excluded from the cohort."
BENCH-011,BENCH,Proprietary Data Layer,,Customer acquisition cost,Feature Inventory,Inventory §47 p.25,Tested,Done,Done,Done,Pending,,"BenchmarkService computes anonymized cross-tenant peer benchmarks (CPL, conversion rate, lead-to-SQL, SQL-to-meeting, avg MRR, CAC, time-to-close) with peer median/average, top-quartile and the tenant's percentile, guarded by a k-anonymity minimum-cohort floor. Tested: suppressed below the floor, no per-tenant values exposed, empty orgs excluded from the cohort."
BENCH-012,BENCH,Proprietary Data Layer,,Time-to-close,Feature Inventory,Inventory §47 p.25,Tested,Done,Done,Done,Pending,,"BenchmarkService computes anonymized cross-tenant peer benchmarks (CPL, conversion rate, lead-to-SQL, SQL-to-meeting, avg MRR, CAC, time-to-close) with peer median/average, top-quartile and the tenant's percentile, guarded by a k-anonymity minimum-cohort floor. Tested: suppressed below the floor, no per-tenant values exposed, empty orgs excluded from the cohort."
BENCH-013,BENCH,Proprietary Data Layer,,Best-performing keywords,Feature Inventory,Inventory §47 p.25,Tested,Yes,Yes,Yes,Yes,,"Segmented benchmark shipped and tested (Phase 29): best-performing keywords (normalized phrases tracked by enough orgs: page-one share + cohort median position) aggregated per segment across tenants with the SAME k-anonymity floor applied per segment - a segment with fewer contributing orgs than the floor is withheld entirely, never blurred. Emission + suppression both proven on synthetic multi-org cohorts in BenchmarkSegmentsTest; production segments unlock as the real tenant base crosses the floor, enforced by the shipped guard."
BENCH-014,BENCH,Proprietary Data Layer,,Best-performing offers,Feature Inventory,Inventory §47 p.25,Tested,Yes,Yes,Yes,Yes,,"Segmented benchmark shipped and tested (Phase 29): best-performing offers (booking meeting types by completion rate) aggregated per segment across tenants with the SAME k-anonymity floor applied per segment - a segment with fewer contributing orgs than the floor is withheld entirely, never blurred. Emission + suppression both proven on synthetic multi-org cohorts in BenchmarkSegmentsTest; production segments unlock as the real tenant base crosses the floor, enforced by the shipped guard."
BENCH-015,BENCH,Proprietary Data Layer,,Best-performing verticals,Feature Inventory,Inventory §47 p.26,Tested,Yes,Yes,Yes,Yes,,"Segmented benchmark shipped and tested (Phase 29): best-performing verticals (normalized company industries by average won-deal value) aggregated per segment across tenants with the SAME k-anonymity floor applied per segment - a segment with fewer contributing orgs than the floor is withheld entirely, never blurred. Emission + suppression both proven on synthetic multi-org cohorts in BenchmarkSegmentsTest; production segments unlock as the real tenant base crosses the floor, enforced by the shipped guard."
BENCH-016,BENCH,Proprietary Data Layer,,Best-performing ads,Feature Inventory,Inventory §47 p.26,Tested,Yes,Yes,Yes,Yes,,"Segmented benchmark shipped and tested (Phase 29): best-performing ads (platforms by CTR with median CPC alongside) aggregated per segment across tenants with the SAME k-anonymity floor applied per segment - a segment with fewer contributing orgs than the floor is withheld entirely, never blurred. Emission + suppression both proven on synthetic multi-org cohorts in BenchmarkSegmentsTest; production segments unlock as the real tenant base crosses the floor, enforced by the shipped guard."
BENCH-017,BENCH,Proprietary Data Layer,,Top-quartile performance benchmarking,Feature Inventory,Inventory §47 p.26,Tested,Done,Done,Done,Pending,,"BenchmarkService computes anonymized cross-tenant peer benchmarks (CPL, conversion rate, lead-to-SQL, SQL-to-meeting, avg MRR, CAC, time-to-close) with peer median/average, top-quartile and the tenant's percentile, guarded by a k-anonymity minimum-cohort floor. Tested: suppressed below the floor, no per-tenant values exposed, empty orgs excluded from the cohort."
BENCH-018,BENCH,Proprietary Data Layer,,Anonymized peer comparisons,Feature Inventory,Inventory §47 p.26,Tested,Done,Done,Done,Pending,,"BenchmarkService computes anonymized cross-tenant peer benchmarks (CPL, conversion rate, lead-to-SQL, SQL-to-meeting, avg MRR, CAC, time-to-close) with peer median/average, top-quartile and the tenant's percentile, guarded by a k-anonymity minimum-cohort floor. Tested: suppressed below the floor, no per-tenant values exposed, empty orgs excluded from the cohort."
CINT-001,CINT,Competitive Intelligence,,Competitor keyword tracking,Feature Inventory,Inventory §48 p.26,Tested,Done,Done,Partial,Pending,,"Competitor keyword tracking complete (Module 08): daily seo:track-rankings records our position (keyword mapped_url host) and every tracked competitor's per tracked keyword, idempotent per day; keyword head-to-head table on the competitors page with honest nulls and Leading/Behind status. Live positions need a rank-provider key; mechanism CompetitiveIntelligenceTest."
CINT-002,CINT,Competitive Intelligence,,Competitor PPC monitoring,Feature Inventory,Inventory §48 p.26,Planned,Pending,Pending,Pending,Pending,,Provider-gated: needs Meta Ad Library / Google Ads Transparency APIs via blocked outbound 443 - not faked. Unblocks with vendor API access.
CINT-003,CINT,Competitive Intelligence,,Competitor ad monitoring,Feature Inventory,Inventory §48 p.26,Planned,Pending,Pending,Pending,Pending,,Provider-gated: needs ad-library APIs (Meta/Google transparency) via blocked outbound 443 - not faked. Unblocks with vendor API access.
CINT-004,CINT,Competitive Intelligence,,Competitor backlink tracking,Feature Inventory,Inventory §48 p.26,Planned,Pending,Pending,Pending,Pending,,Provider-gated: needs a backlink index (Ahrefs/SEMrush class) - no honest in-house source for third-party link graphs. Unblocks with provider key + 443.
CINT-005,CINT,Competitive Intelligence,,Competitor content monitoring,Feature Inventory,Inventory §48 p.26,Tested,Done,Done,Done,Pending,,"Competitor content monitoring in-house (ADR-0005): CompetitorContentMonitor fetches their public site (sitemap first, homepage-link fallback, SSRF-guarded, 15-page cap), snapshots url+title+content hash, stores new/changed/removed diff per check. Check button + change badges on /analytics/competitors. CompetitorContentMonitorTest. Phase 14."
CINT-006,CINT,Competitive Intelligence,,Competitor Google Maps ranking,Feature Inventory,Inventory §48 p.26,Planned,Pending,Pending,Pending,Pending,,Provider-gated: needs Google Places API for local pack positions - not faked. Unblocks with Places key + 443.
CINT-007,CINT,Competitive Intelligence,,Competitor reviews,Feature Inventory,Inventory §48 p.26,Planned,Pending,Pending,Pending,Pending,,Provider-gated: needs review-source APIs (Google/Yelp) for competitor reviews - not faked. Unblocks with vendor keys + 443.
CINT-008,CINT,Competitive Intelligence,,Competitor AI visibility,Feature Inventory,Inventory §48 p.26,Tested,Pending,Pending,Pending,Pending,,Competitor AI visibility (Module 08): competitor appearances in recorded AI answers (Module 07 analyzer detects tenant competitor names) counted and surfaced on the competitors page; AiVisibilityDashboard::competitorComparison for domains. CompetitiveIntelligenceTest.
CINT-009,CINT,Competitive Intelligence,,Competitor social performance,Feature Inventory,Inventory §48 p.26,Planned,Pending,Pending,Pending,Pending,,Provider-gated: needs social platform APIs for competitor engagement data - not faked. Unblocks with vendor keys + 443.
CINT-010,CINT,Competitive Intelligence,,Market share of search,Feature Inventory,Inventory §48 p.26,Tested,Done,Done,Done,Pending,,CompetitiveService computes market share of search / share of voice from our own tracked-keyword rankings vs captured competitor positions (position-weighted visibility). Tested incl. the no-data zero case.
CINT-011,CINT,Competitive Intelligence,,Share of AI recommendations,Feature Inventory,Inventory §48 p.26,Tested,Pending,Pending,Pending,Pending,,"Share of AI recommendations (Module 08): of every recorded check where we or a known competitor appeared, the share where we were the active recommendation - computed from stored checks only. CompetitiveIntelligenceTest."
CINT-012,CINT,Competitive Intelligence,,Share of voice,Feature Inventory,Inventory §48 p.26,Tested,Done,Done,Done,Pending,,CompetitiveService computes market share of search / share of voice from our own tracked-keyword rankings vs captured competitor positions (position-weighted visibility). Tested incl. the no-data zero case.
CINT-013,CINT,Competitive Intelligence,,Competitive alerts,Feature Inventory,Inventory §48 p.26,Tested,Pending,Pending,Pending,Pending,,"Competitive alerts (Module 08): competitor-outranks-us detector in the daily alerts:sweep (fires only when a tracked competitor's latest position beats ours, deduped per keyword+domain per day). CompetitiveIntelligenceTest."
GSCORE-001,GSCORE,MSP Growth Score,,Overall 0-100 growth score,Feature Inventory,Inventory §49 p.26,Tested,Done,Done,Done,Pending,,"GrowthScoreService: weighted 0-100 composite over ten sub-scores computed from each module's real data (SEO page-one share, local citation consistency, website audit score, authority reviews/assets, AI-visibility mention rate, paid ROAS, content optimization avg, lead-to-SQL conversion, active workflows, win rate). Modules with no data score null and are excluded from the weighted overall (never invented) + surface a start-measuring recommendation; prioritized actions rank the weakest areas; daily per-tenant snapshots (analytics:snapshot-growth-scores, idempotent per org+day) drive trend tracking. Tested."
GSCORE-002,GSCORE,MSP Growth Score,,SEO score,Feature Inventory,Inventory §49 p.26,Tested,Done,Done,Done,Pending,,"GrowthScoreService: weighted 0-100 composite over ten sub-scores computed from each module's real data (SEO page-one share, local citation consistency, website audit score, authority reviews/assets, AI-visibility mention rate, paid ROAS, content optimization avg, lead-to-SQL conversion, active workflows, win rate). Modules with no data score null and are excluded from the weighted overall (never invented) + surface a start-measuring recommendation; prioritized actions rank the weakest areas; daily per-tenant snapshots (analytics:snapshot-growth-scores, idempotent per org+day) drive trend tracking. Tested."
GSCORE-003,GSCORE,MSP Growth Score,,Local SEO score,Feature Inventory,Inventory §49 p.26,Tested,Done,Done,Done,Pending,,"GrowthScoreService: weighted 0-100 composite over ten sub-scores computed from each module's real data (SEO page-one share, local citation consistency, website audit score, authority reviews/assets, AI-visibility mention rate, paid ROAS, content optimization avg, lead-to-SQL conversion, active workflows, win rate). Modules with no data score null and are excluded from the weighted overall (never invented) + surface a start-measuring recommendation; prioritized actions rank the weakest areas; daily per-tenant snapshots (analytics:snapshot-growth-scores, idempotent per org+day) drive trend tracking. Tested."
GSCORE-004,GSCORE,MSP Growth Score,,Website score,Feature Inventory,Inventory §49 p.26,Tested,Done,Done,Done,Pending,,"GrowthScoreService: weighted 0-100 composite over ten sub-scores computed from each module's real data (SEO page-one share, local citation consistency, website audit score, authority reviews/assets, AI-visibility mention rate, paid ROAS, content optimization avg, lead-to-SQL conversion, active workflows, win rate). Modules with no data score null and are excluded from the weighted overall (never invented) + surface a start-measuring recommendation; prioritized actions rank the weakest areas; daily per-tenant snapshots (analytics:snapshot-growth-scores, idempotent per org+day) drive trend tracking. Tested."
GSCORE-005,GSCORE,MSP Growth Score,,Authority score,Feature Inventory,Inventory §49 p.26,Tested,Done,Done,Done,Pending,,"GrowthScoreService: weighted 0-100 composite over ten sub-scores computed from each module's real data (SEO page-one share, local citation consistency, website audit score, authority reviews/assets, AI-visibility mention rate, paid ROAS, content optimization avg, lead-to-SQL conversion, active workflows, win rate). Modules with no data score null and are excluded from the weighted overall (never invented) + surface a start-measuring recommendation; prioritized actions rank the weakest areas; daily per-tenant snapshots (analytics:snapshot-growth-scores, idempotent per org+day) drive trend tracking. Tested."
GSCORE-006,GSCORE,MSP Growth Score,,AI Visibility score,Feature Inventory,Inventory §49 p.26,Tested,Done,Done,Done,Pending,,"GrowthScoreService: weighted 0-100 composite over ten sub-scores computed from each module's real data (SEO page-one share, local citation consistency, website audit score, authority reviews/assets, AI-visibility mention rate, paid ROAS, content optimization avg, lead-to-SQL conversion, active workflows, win rate). Modules with no data score null and are excluded from the weighted overall (never invented) + surface a start-measuring recommendation; prioritized actions rank the weakest areas; daily per-tenant snapshots (analytics:snapshot-growth-scores, idempotent per org+day) drive trend tracking. Tested."
GSCORE-007,GSCORE,MSP Growth Score,,Paid Media score,Feature Inventory,Inventory §49 p.26,Tested,Done,Done,Done,Pending,,"GrowthScoreService: weighted 0-100 composite over ten sub-scores computed from each module's real data (SEO page-one share, local citation consistency, website audit score, authority reviews/assets, AI-visibility mention rate, paid ROAS, content optimization avg, lead-to-SQL conversion, active workflows, win rate). Modules with no data score null and are excluded from the weighted overall (never invented) + surface a start-measuring recommendation; prioritized actions rank the weakest areas; daily per-tenant snapshots (analytics:snapshot-growth-scores, idempotent per org+day) drive trend tracking. Tested."
GSCORE-008,GSCORE,MSP Growth Score,,Content score,Feature Inventory,Inventory §49 p.26,Tested,Done,Done,Done,Pending,,"GrowthScoreService: weighted 0-100 composite over ten sub-scores computed from each module's real data (SEO page-one share, local citation consistency, website audit score, authority reviews/assets, AI-visibility mention rate, paid ROAS, content optimization avg, lead-to-SQL conversion, active workflows, win rate). Modules with no data score null and are excluded from the weighted overall (never invented) + surface a start-measuring recommendation; prioritized actions rank the weakest areas; daily per-tenant snapshots (analytics:snapshot-growth-scores, idempotent per org+day) drive trend tracking. Tested."
GSCORE-009,GSCORE,MSP Growth Score,,Conversion score,Feature Inventory,Inventory §49 p.26,Tested,Done,Done,Done,Pending,,"GrowthScoreService: weighted 0-100 composite over ten sub-scores computed from each module's real data (SEO page-one share, local citation consistency, website audit score, authority reviews/assets, AI-visibility mention rate, paid ROAS, content optimization avg, lead-to-SQL conversion, active workflows, win rate). Modules with no data score null and are excluded from the weighted overall (never invented) + surface a start-measuring recommendation; prioritized actions rank the weakest areas; daily per-tenant snapshots (analytics:snapshot-growth-scores, idempotent per org+day) drive trend tracking. Tested."
GSCORE-010,GSCORE,MSP Growth Score,,Automation score,Feature Inventory,Inventory §49 p.26,Tested,Done,Done,Done,Pending,,"GrowthScoreService: weighted 0-100 composite over ten sub-scores computed from each module's real data (SEO page-one share, local citation consistency, website audit score, authority reviews/assets, AI-visibility mention rate, paid ROAS, content optimization avg, lead-to-SQL conversion, active workflows, win rate). Modules with no data score null and are excluded from the weighted overall (never invented) + surface a start-measuring recommendation; prioritized actions rank the weakest areas; daily per-tenant snapshots (analytics:snapshot-growth-scores, idempotent per org+day) drive trend tracking. Tested."
GSCORE-011,GSCORE,MSP Growth Score,,Sales Velocity score,Feature Inventory,Inventory §49 p.26,Tested,Done,Done,Done,Pending,,"GrowthScoreService: weighted 0-100 composite over ten sub-scores computed from each module's real data (SEO page-one share, local citation consistency, website audit score, authority reviews/assets, AI-visibility mention rate, paid ROAS, content optimization avg, lead-to-SQL conversion, active workflows, win rate). Modules with no data score null and are excluded from the weighted overall (never invented) + surface a start-measuring recommendation; prioritized actions rank the weakest areas; daily per-tenant snapshots (analytics:snapshot-growth-scores, idempotent per org+day) drive trend tracking. Tested."
GSCORE-012,GSCORE,MSP Growth Score,,Prioritized action recommendations,Feature Inventory,Inventory §49 p.26,Tested,Done,Done,Done,Pending,,"GrowthScoreService: weighted 0-100 composite over ten sub-scores computed from each module's real data (SEO page-one share, local citation consistency, website audit score, authority reviews/assets, AI-visibility mention rate, paid ROAS, content optimization avg, lead-to-SQL conversion, active workflows, win rate). Modules with no data score null and are excluded from the weighted overall (never invented) + surface a start-measuring recommendation; prioritized actions rank the weakest areas; daily per-tenant snapshots (analytics:snapshot-growth-scores, idempotent per org+day) drive trend tracking. Tested."
GSCORE-013,GSCORE,MSP Growth Score,,Trend tracking over time,Feature Inventory,Inventory §49 p.26,Tested,Done,Done,Done,Pending,,"GrowthScoreService: weighted 0-100 composite over ten sub-scores computed from each module's real data (SEO page-one share, local citation consistency, website audit score, authority reviews/assets, AI-visibility mention rate, paid ROAS, content optimization avg, lead-to-SQL conversion, active workflows, win rate). Modules with no data score null and are excluded from the weighted overall (never invented) + surface a start-measuring recommendation; prioritized actions rank the weakest areas; daily per-tenant snapshots (analytics:snapshot-growth-scores, idempotent per org+day) drive trend tracking. Tested."
AIVIS-001,AIVIS,AI Visibility Dashboard,,Prompt-level monitoring,Feature Inventory,Inventory §50 p.26,Tested,Done,Done,Done,Pending,,"Prompt library (ai_prompts) with category/service/city/vertical dimensions + CRUD, and prompt-level monitoring: runLibrary() executes every active prompt across the configured engines, recording one ai_visibility_check per prompt/engine, idempotent per day. Tested."
AIVIS-002,AIVIS,AI Visibility Dashboard,,ChatGPT result visibility,Feature Inventory,Inventory §50 p.26,Tested,Done,Done,Partial,Pending,,"ChatGPT visibility (AIVM): engine-specific OpenAI driver on the shared AnswerAnalyzer, Http::fake-verified end to end (request shape, analysis, evidence excerpt, fail-closed). Live traffic needs a key (env or platform AI console) + outbound 443. Engine labeled live/simulated in the UI."
AIVIS-003,AIVIS,AI Visibility Dashboard,,Gemini result visibility,Feature Inventory,Inventory §50 p.26,Tested,Done,Done,Partial,Pending,,"Gemini visibility (AIVM): engine-specific Gemini driver on the shared AnswerAnalyzer, Http::fake-verified end to end. Live traffic needs a key + outbound 443. Labeled live/simulated in the UI."
AIVIS-004,AIVIS,AI Visibility Dashboard,,Perplexity result visibility,Feature Inventory,Inventory §50 p.26,Partially Implemented,Done,Done,Partial,Pending,,"No wired API path for this engine yet - checks run on the fixture driver and are explicitly labeled 'simulated' in the UI and '[Simulated answer]' in stored evidence (AIVM), so fixture numbers cannot read as market findings."
AIVIS-005,AIVIS,AI Visibility Dashboard,,Microsoft Copilot result visibility,Feature Inventory,Inventory §50 p.26,Partially Implemented,Done,Done,Partial,Pending,,"No wired API path for this engine yet - checks run on the fixture driver and are explicitly labeled 'simulated' in the UI and '[Simulated answer]' in stored evidence (AIVM), so fixture numbers cannot read as market findings."
AIVIS-006,AIVIS,AI Visibility Dashboard,,Google AI result visibility,Feature Inventory,Inventory §50 p.26,Partially Implemented,Done,Done,Partial,Pending,,"No wired API path for this engine yet - checks run on the fixture driver and are explicitly labeled 'simulated' in the UI and '[Simulated answer]' in stored evidence (AIVM), so fixture numbers cannot read as market findings."
AIVIS-007,AIVIS,AI Visibility Dashboard,,AI share of voice,Feature Inventory,Inventory §50 p.27,Tested,Done,Done,Done,Pending,,"Computed from recorded checks: AI share of voice (mean share-of-answer), brand mention frequency, citation frequency (checks carrying cited sources) and recommendation frequency (mentioned within the top three). Tested incl. the no-data case returning zero rather than an invented figure."
AIVIS-008,AIVIS,AI Visibility Dashboard,,Brand mention frequency,Feature Inventory,Inventory §50 p.27,Tested,Done,Done,Done,Pending,,"Computed from recorded checks: AI share of voice (mean share-of-answer), brand mention frequency, citation frequency (checks carrying cited sources) and recommendation frequency (mentioned within the top three). Tested incl. the no-data case returning zero rather than an invented figure."
AIVIS-009,AIVIS,AI Visibility Dashboard,,Citation frequency,Feature Inventory,Inventory §50 p.27,Tested,Done,Done,Done,Pending,,"Computed from recorded checks: AI share of voice (mean share-of-answer), brand mention frequency, citation frequency (checks carrying cited sources) and recommendation frequency (mentioned within the top three). Tested incl. the no-data case returning zero rather than an invented figure."
AIVIS-010,AIVIS,AI Visibility Dashboard,,Recommendation frequency,Feature Inventory,Inventory §50 p.27,Tested,Done,Done,Done,Pending,,"Computed from recorded checks: AI share of voice (mean share-of-answer), brand mention frequency, citation frequency (checks carrying cited sources) and recommendation frequency (mentioned within the top three). Tested incl. the no-data case returning zero rather than an invented figure."
AIVIS-011,AIVIS,AI Visibility Dashboard,,Competitor comparison,Feature Inventory,Inventory §50 p.27,Tested,Done,Done,Done,Pending,,"Competitor comparison: how often each competitor domain appears alongside us across checks, with share. Tested."
AIVIS-012,AIVIS,AI Visibility Dashboard,,Service-level AI visibility,Feature Inventory,Inventory §50 p.27,Tested,Done,Done,Done,Pending,,"Service-, city- and vertical-level visibility from the prompt library dimensions (checks + mention rate per value); an unknown dimension returns empty rather than guessing. Tested."
AIVIS-013,AIVIS,AI Visibility Dashboard,,City-level AI visibility,Feature Inventory,Inventory §50 p.27,Tested,Done,Done,Done,Pending,,"Service-, city- and vertical-level visibility from the prompt library dimensions (checks + mention rate per value); an unknown dimension returns empty rather than guessing. Tested."
AIVIS-014,AIVIS,AI Visibility Dashboard,,Vertical-level AI visibility,Feature Inventory,Inventory §50 p.27,Tested,Done,Done,Done,Pending,,"Service-, city- and vertical-level visibility from the prompt library dimensions (checks + mention rate per value); an unknown dimension returns empty rather than guessing. Tested."
AIVIS-015,AIVIS,AI Visibility Dashboard,,Prompt library management,Feature Inventory,Inventory §50 p.27,Tested,Done,Done,Done,Pending,,"Prompt library (ai_prompts) with category/service/city/vertical dimensions + CRUD, and prompt-level monitoring: runLibrary() executes every active prompt across the configured engines, recording one ai_visibility_check per prompt/engine, idempotent per day. Tested."
AIVIS-016,AIVIS,AI Visibility Dashboard,,Trend reporting,Feature Inventory,Inventory §50 p.27,Tested,Done,Done,Done,Pending,,Daily mention-rate trend bucketed from recorded checks. Tested.
AIVIS-017,AIVIS,AI Visibility Dashboard,,Alerting when visibility changes,Feature Inventory,Inventory §50 p.27,Tested,Done,Done,Partial,Pending,,"Visibility-change alerting complete: the AIVIS-017 window comparison now notifies org owners through the daily alerts:sweep (Module 04), deduped per day. AlertNotificationsTest + AiVisibilityMeasurementTest."
AUTH-001,AUTH,Identity & Authentication,Registration,Account registration with email + password,Master Prompt,"§6, §57 Stage 1",Tested,Done,Pending,Done,Pending,,Registration + audit event; kit + policy tests
AUTH-002,AUTH,Identity & Authentication,Registration,Email verification flow,Master Prompt,"§6, §57 Stage 1",Tested,Done,Pending,Done,Pending,,MustVerifyEmail + verified middleware on app routes; enforcement tests
AUTH-003,AUTH,Identity & Authentication,Registration,Password setup and strength validation,Master Prompt,§6,Tested,Done,Pending,Done,Pending,,"Password::defaults min 12, uncompromised in prod; rejection tests"
AUTH-004,AUTH,Identity & Authentication,Login,Secure login / logout,Master Prompt,"§21, §57 Stage 1",Tested,Done,Done,Done,Pending,,Login/logout with audit; 2FA-aware login flow
AUTH-005,AUTH,Identity & Authentication,Login,Password hashing (modern algorithm),Master Prompt,§21,Tested,Done,Pending,Done,Pending,,bcrypt(12) via hashed cast; argon2id revisit documented for prod
AUTH-006,AUTH,Identity & Authentication,Login,Session management with secure cookies,Master Prompt,§21,Tested,Done,Done,Done,Pending,,DB sessions; SESSION_SECURE_COOKIE env; logout-other-sessions with password confirm + tests
AUTH-007,AUTH,Identity & Authentication,Login,Brute-force protection and login rate limiting,Master Prompt,§21,Tested,Done,Pending,Done,Pending,,Login 5/min lockout + route throttles on register/forgot/reset/2FA; lockout audit test
AUTH-008,AUTH,Identity & Authentication,Login,Failed-login audit events,Master Prompt,§20,Tested,Done,Pending,Done,Pending,,audit_logs table + AuditLogger + RecordAuthEvents (auto-discovered); 14 auth actions
AUTH-009,AUTH,Identity & Authentication,Recovery,Password reset flow,Master Prompt,§57 Stage 1,Tested,Done,Done,Done,Pending,,Kit reset flow + password_reset audit event
AUTH-010,AUTH,Identity & Authentication,MFA,"MFA-ready architecture (TOTP enrollment, recovery codes)",Master Prompt,"§21, §57 Stage 1",Tested,Done,Done,Done,Pending,,google2fa TOTP; encrypted secret/recovery codes; enroll/confirm/challenge/recovery/disable + 11 tests; manual QA passed
AUTH-011,AUTH,Identity & Authentication,API auth,Personal/tenant API keys with create/revoke + audit,Master Prompt,"§20, §22",Tested,Done,Done,Done,Pending,,Sanctum personal tokens; one-time reveal; create/list/revoke + audit; /api/user; ownership + revocation tests; manual QA passed
TEN-001,TEN,Tenant & Organization Management,Organizations,Organization (tenant) creation,Master Prompt,"§4, §57 Stage 2",Tested,Done,Done,Done,Pending,,Org creation makes creator Owner + sets current; onboarding entry
TEN-002,TEN,Tenant & Organization Management,Organizations,Organization profile and settings,Master Prompt,§6,Tested,Done,Done,Done,Pending,,Org profile settings (name/slug); update audited
TEN-003,TEN,Tenant & Organization Management,Organizations,Organization deletion with safeguards,Master Prompt,"§27, §40",Tested,Done,Done,Done,Pending,,Delete requires Owner + typed name confirmation; soft-delete; clears members current org
TEN-004,TEN,Tenant & Organization Management,Isolation,Row-level tenant scoping on every business record,Master Prompt,§4,Tested,Done,Pending,Done,Pending,,BelongsToTenant global scope + auto-stamp + immutable organization_id; applied to Team/Invitation
TEN-005,TEN,Tenant & Organization Management,Isolation,Tenant context resolution middleware (session/token),Master Prompt,§4,Tested,Done,Pending,Done,Pending,,SetCurrentOrganization middleware (runs before route-model binding via priority list); EnsureHasOrganization guard
TEN-006,TEN,Tenant & Organization Management,Isolation,Automated cross-tenant access tests,Master Prompt,"§4, §33",Tested,Pending,Pending,Done,Pending,,"Cross-tenant suite: ORM scope, binding 404, list no-leak, audit scoped, withoutTenantScope escape, immutability"
TEN-007,TEN,Tenant & Organization Management,Users,User membership within organizations,Master Prompt,§5,Tested,Done,Done,Done,Pending,,organization_user pivot with role+status; multi-org membership; roleIn/permissionsIn
TEN-008,TEN,Tenant & Organization Management,Users,"Team invitations (send, accept, expire, revoke, resend)",Master Prompt,"§6, §34",Tested,Done,Done,Done,Pending,,Invite/accept/expire/revoke/resend; hashed token; email notification; email-match enforced
TEN-009,TEN,Tenant & Organization Management,Users,Teams / groups,Master Prompt,§57 Stage 2,Tested,Done,Done,Done,Pending,,Teams CRUD + members (org-member validation); tenant-scoped
TEN-010,TEN,Tenant & Organization Management,Users,User deactivation and removal,Master Prompt,§20,Tested,Done,Done,Done,Pending,,Member removal + deactivate/reactivate; last-Owner protection
RBAC-001,RBAC,Roles & Permissions,Platform roles,"Platform roles: Super Admin, Platform Admin, Support Admin, Finance Admin, Read-only Support",Master Prompt,§5,Tested,Done,Pending,Done,Pending,,5 platform roles defined; Super Admin global bypass exercised; rest wired for Stage 13
RBAC-002,RBAC,Roles & Permissions,Org roles,"Org roles: Owner, Admin, Marketing Manager, Sales Manager, Sales Rep, Marketing User, Analyst, Billing Admin, Viewer",Master Prompt,§5,Tested,Done,Done,Done,Pending,,9 org roles with permission maps; role select in members UI
RBAC-003,RBAC,Roles & Permissions,Engine,Granular permission registry (resource.action naming),Master Prompt,§5,Tested,Done,Pending,Done,Pending,,Permission enum (resource.action) + RolePermissions map; code-defined registry (ADR-0002)
RBAC-004,RBAC,Roles & Permissions,Engine,Backend authorization enforcement on every endpoint,Master Prompt,"§5, §21",Tested,Done,Pending,Done,Pending,,Gate-based can: middleware on every tenant endpoint; verified 403/200 per role in browser + tests
RBAC-005,RBAC,Roles & Permissions,Engine,"Frontend permission-aware visibility (UX only, not security)",Master Prompt,§5,Tested,Pending,Done,Done,Pending,,Inertia shares permission list; usePermissions().can() gates nav+controls; verified Viewer nav reduced
RBAC-006,RBAC,Roles & Permissions,Engine,Permission-change audit events,Master Prompt,§20,Tested,Done,Pending,Done,Pending,,member.role_changed + role/permission-relevant events audited
ONBD-001,ONBD,Customer Onboarding,Flow,Plan selection during signup,Master Prompt,§6,Tested,Done,Done,Done,Pending,,Plan selection (Stage 3 checkout)
ONBD-002,ONBD,Customer Onboarding,Flow,Company/organization creation step,Master Prompt,§6,Tested,Done,Done,Done,Pending,,Organization creation (Stage 2)
ONBD-003,ONBD,Customer Onboarding,Flow,Payment and subscription activation step,Master Prompt,§6,Tested,Done,Pending,Done,Pending,,Payment + subscription activation (Stage 3)
ONBD-004,ONBD,Customer Onboarding,Flow,Trial signup support,Master Prompt,§6,Tested,Done,Pending,Done,Pending,,Trial signup (14-day Growth trial on org creation)
ONBD-005,ONBD,Customer Onboarding,Setup wizard,Team invitation step,Master Prompt,§6,Tested,Done,Done,Done,Pending,,Team invitation step (Stage 2)
ONBD-006,ONBD,Customer Onboarding,Setup wizard,"Business profile (industry, services, geography)",Master Prompt,§6,Tested,Done,Done,Done,Pending,,"Business profile: wizard step activates the chosen ServiceLines/Verticals (others deactivated) and creates the home-market SeoLocation - taxonomy records, no silo. OnboardingSetupTest. Phase 19."
ONBD-007,ONBD,Customer Onboarding,Setup wizard,Website details capture,Master Prompt,§6,Tested,Done,Done,Done,Pending,,Website capture: brand_profiles.website_url via the wizard (the Phase 10 entity field the audits and knowledge graph anchor on). Phase 19.
ONBD-008,ONBD,Customer Onboarding,Setup wizard,Marketing goals capture,Master Prompt,§6,Tested,Done,Done,Done,Pending,,"Marketing goals: leads/sqls/mrr targets stored as KpiTarget rows (90-day window) - tracked on the strategy dashboard, updateOrCreate idempotent. Phase 19."
ONBD-009,ONBD,Customer Onboarding,Setup wizard,ICP setup,Master Prompt,§6,Tested,Done,Done,Done,Pending,,"ICP setup: becomes LIVE firmographic ScoringRules (size 15 / region 10 / industry 5, idempotent by name) - a matching lead scores 30 immediately through LeadScoringService (test-pinned). Phase 19."
ONBD-010,ONBD,Customer Onboarding,Setup wizard,Competitor setup,Master Prompt,§6,Tested,Done,Done,Done,Pending,,"Competitor setup: Competitor records created from the wizard, deduped by domain, tracked. Phase 19."
ONBD-011,ONBD,Customer Onboarding,Setup wizard,Integration connection wizard,Master Prompt,§6,Tested,Done,Done,Done,Pending,,"Integration wizard step: the 24-connector registry with real connected/connectable state, linking to settings/integrations; actual connections wait on vendor OAuth apps and the step says so. Phase 19."
ONBD-012,ONBD,Customer Onboarding,Setup wizard,Initial audit trigger on completion,Master Prompt,§6,Tested,Done,Done,Done,Pending,,"Initial audit on completion: finishing setup runs the technical auditor against the captured website URL (SSRF-guarded); no URL means quiet completion, never an error. Phase 19."
ONBD-013,ONBD,Customer Onboarding,UX,Progress indicator and setup checklist,Master Prompt,§6,Tested,Done,Done,Done,Pending,,Setup checklist with progress on dashboard
ONBD-014,ONBD,Customer Onboarding,UX,Leave and resume onboarding later,Master Prompt,§6,Tested,Done,Pending,Done,Pending,,Leave/resume: checklist derived from real state (inherently resumable)
BILL-001,BILL,Billing & Subscriptions,Plans,"Configurable plan catalog (Starter, Growth, Professional, Agency, Enterprise)",Master Prompt,§7,Tested,Done,Done,Done,Pending,,5-plan catalog (code->DB via PlanSeeder/billing:sync-plans); pricing page
BILL-002,BILL,Billing & Subscriptions,Pricing,Monthly and annual pricing with annual discount,Master Prompt,§7,Tested,Done,Done,Done,Pending,,Monthly + annual prices with annual discount; interval toggle
BILL-003,BILL,Billing & Subscriptions,Pricing,Per-user pricing support,Master Prompt,§7,Partially Implemented,Done,Pending,Done,Pending,,plan_prices.per_seat + subscription quantity + prorated quantity changes tested; no per-seat-priced plan seeded yet
BILL-004,BILL,Billing & Subscriptions,Pricing,Usage-based pricing support,Master Prompt,§7,Partially Implemented,Done,Pending,Done,Pending,,Usage metering + counters implemented (ENTL); usage-based/overage billing not yet (needs metered charge run)
BILL-005,BILL,Billing & Subscriptions,Pricing,Add-ons,Master Prompt,§7,Planned,Pending,Pending,Pending,Pending,,Add-ons not implemented; deferred (no add-on schema/UI yet)
BILL-006,BILL,Billing & Subscriptions,Pricing,Custom enterprise pricing,Master Prompt,§7,Tested,Done,Done,Done,Pending,,Custom-priced Enterprise plan; checkout rejects (422) + Contact sales CTA
BILL-007,BILL,Billing & Subscriptions,Pricing,Coupons / promo codes,Master Prompt,"§7, §29",Tested,Done,Done,Done,Pending,,"Coupons: percent+amount, validity (active/expiry/redemptions), applied to invoice, redeemed"
BILL-008,BILL,Billing & Subscriptions,Checkout,"Checkout flow: billing details, company details, tax info, promo code, payment method, order summary",Master Prompt,§7,Partially Implemented,Done,Done,Done,Pending,,Checkout: order summary + promo tested; billing/company/tax captured via billing profile; card entry is provider-hosted (Stripe) / manual
BILL-009,BILL,Billing & Subscriptions,Checkout,Invoice / receipt generation,Master Prompt,§7,Tested,Done,Done,Done,Pending,,Invoice + line items generated; detail/receipt page
BILL-010,BILL,Billing & Subscriptions,Provider,Payment-provider abstraction layer (Stripe first),Master Prompt,§7,Tested,Done,Pending,Done,Pending,,"PaymentProvider abstraction + manual driver tested + swappable; Stripe driver implemented but UNTESTED (requires credentials, ADR-0003)"
BILL-011,BILL,Billing & Subscriptions,Lifecycle,Trial and trial expiration handling,Master Prompt,§7,Partially Implemented,Done,Pending,Done,Pending,,Trial start tested; expire() + past->expired implemented; automatic trial-expiry sweep (scheduler) pending Stage 4 jobs
BILL-012,BILL,Billing & Subscriptions,Lifecycle,Subscription activation and renewal,Master Prompt,§7,Partially Implemented,Done,Pending,Done,Pending,,Activation tested; recurring renewal charge needs scheduler/provider webhook (manual driver has no auto-renew)
BILL-013,BILL,Billing & Subscriptions,Lifecycle,Upgrade / downgrade with proration,Master Prompt,§7,Tested,Done,Done,Done,Pending,,Upgrade/downgrade with proration; downgrade blocked when over member limit
BILL-014,BILL,Billing & Subscriptions,Lifecycle,Quantity changes and add-on changes,Master Prompt,§7,Tested,Done,Done,Done,Pending,,Quantity (seat) changes with proration invoice
BILL-015,BILL,Billing & Subscriptions,Lifecycle,"Cancellation, scheduled cancellation, reactivation",Master Prompt,§7,Tested,Done,Done,Done,Pending,,Cancel (scheduled + immediate) + resume
BILL-016,BILL,Billing & Subscriptions,Lifecycle,"Failed payment handling, dunning, grace periods",Master Prompt,§7,Tested,Done,Pending,Done,Pending,,Failed payment -> past_due with grace window (via webhook + markPastDue)
BILL-017,BILL,Billing & Subscriptions,Lifecycle,Suspended and expired subscription states,Master Prompt,§7,Tested,Done,Pending,Done,Pending,,Suspended (via webhook) + expired states
BILL-018,BILL,Billing & Subscriptions,Portal,"Billing portal: plan, usage, payment method, invoices, history, billing contact, tax details, cancel",Master Prompt,§7,Partially Implemented,Done,Done,Done,Pending,,"Portal: plan, usage, invoices, change plan, cancel/resume, billing profile (contact/tax) tested; payment-method mgmt is provider-hosted (pending Stripe)"
BILL-019,BILL,Billing & Subscriptions,Webhooks,"Billing webhook processing (authenticated, idempotent, logged, retry-safe)",Master Prompt,§7,Tested,Done,Pending,Done,Pending,,"Webhook endpoint: signature-verified, idempotent (billing_events), retry-safe; manual + stripe verifiers"
ENTL-001,ENTL,Feature Entitlements & Usage Limits,Entitlements,Central entitlement service (Plan → Entitlements → Limits → Subscription → Feature Access),Master Prompt,§8,Tested,Done,Pending,Done,Pending,,Entitlements service: Plan->Entitlements->Limits->Subscription->Feature; free fallback; cached
ENTL-002,ENTL,Feature Entitlements & Usage Limits,Entitlements,Plan/feature entitlement matrix administration,Master Prompt,"§8, §29",Partially Implemented,Done,Pending,Done,Pending,,plan_entitlements matrix seeded from catalog; admin editing UI arrives with platform admin (Stage 13)
ENTL-003,ENTL,Feature Entitlements & Usage Limits,Entitlements,Feature gating API for backend and frontend,Master Prompt,§8,Tested,Done,Done,Done,Pending,,Feature gating: entitlement: middleware (backend) + entitlements shared to Inertia (frontend)
ENTL-004,ENTL,Feature Entitlements & Usage Limits,Limits,"Usage limits: users, contacts, leads, emails, SMS, AI credits, keywords, competitors, locations, websites, storage, API calls, automations, workflow executions, reports, data retention",Master Prompt,§9,Partially Implemented,Done,Pending,Done,Pending,,"Limit registry covers users/contacts/emails/etc.; members enforced now, others resolve + metered as modules land"
ENTL-005,ENTL,Feature Entitlements & Usage Limits,Metering,Usage metering and aggregation per tenant,Master Prompt,§9,Tested,Done,Pending,Done,Pending,,UsageMeter: live meters (members) + counter meters per period
ENTL-006,ENTL,Feature Entitlements & Usage Limits,Metering,"Usage display: current, allowance, remaining, overages",Master Prompt,§9,Tested,Done,Done,Done,Pending,,Portal usage bars: current/allowance/remaining; unlimited handling
ENTL-007,ENTL,Feature Entitlements & Usage Limits,Metering,Limit enforcement and overage handling,Master Prompt,§9,Tested,Done,Pending,Done,Pending,,Member seat limit enforced on invite; downgrade-over-limit blocked
DSGN-001,DSGN,Design System & UX Standards,Foundations,"Color, typography, spacing and icon token system",Master Prompt,§11,Tested,Pending,Done,Pending,Done,,"Token system live in resources/css/app.css (@theme): semantic color roles (light+dark), radius scale; design-shell module added surface hierarchy (page ground vs elevated card, both themes, live-verified) and a coherent --chart-1..5 palette. Component tests in design-system.test.tsx + charts.test.tsx."
DSGN-002,DSGN,Design System & UX Standards,Components,"Reusable component library (buttons, forms, tables, modals, charts, toasts, etc.)",Master Prompt,§11,Tested,Pending,Done,Pending,Done,,"shadcn/ui + Radix primitive library in resources/js/components/ui; design-shell module added the chart kit (LineChart, BarList, SegmentBar in components/charts) with 7 Vitest tests covering data rendering, empty states and degenerate series."
DSGN-003,DSGN,Design System & UX Standards,Standards,Responsive behavior verified: large desktop → mobile,Master Prompt,§12,Tested,Done,Done,Done,Done,,"Live-verified 2 Sep 2026: 8 key pages x 4 breakpoints (375/768/1280/1920) all contained (document scrollWidth check); two defects found+fixed (keywords toolbar wrap, calendar card min-w-0). Matrix + standard in docs/design-system.md 8. Phase 13."
DSGN-004,DSGN,Design System & UX Standards,Standards,"WCAG-oriented accessibility (keyboard, focus, contrast, semantics)",Master Prompt,§13,Tested,Done,Done,Done,Done,,"axe-core automated checks on core composites run in every Vitest pass (a11y.test.tsx); live contrast measured: body 18.7:1, muted raised 4.48->5.03:1 (AA). Radix keyboard/focus/ARIA throughout. Formal external WCAG audit remains a production-hardening item (user-side list). Phase 13."
DSGN-005,DSGN,Design System & UX Standards,Standards,"Data table standard (search, filter, sort, columns, pagination, bulk actions, export, saved views)",Master Prompt,§41,Tested,Pending,Pending,Pending,Pending,,"CRMT module: contacts table has search + lifecycle/source/owner filters, allow-listed sortable columns, stage/temperature pills, page pagination, bulk assign/stage/delete (permission- and tenant-guarded), personal saved views; leads/companies inherit sort + pills. CrmTableTest (7 tests)."
DSGN-006,DSGN,Design System & UX Standards,Standards,"Dashboard standard (actionable KPIs, date filters)",Master Prompt,§42,Tested,Done,Done,Done,Pending,,"Command Center date ranges: 30/60/90-day windows, KPIs+trends rescope to the same days (forWindow), invalid range falls back; select on /dashboard. CommandCenterTest pins 60d window + fallback. Phase 13."
DSGN-007,DSGN,Design System & UX Standards,Standards,Deliberate empty states with CTAs,Master Prompt,§39,Tested,Pending,Done,Pending,Done,,"Empty states with next-step CTAs verified live across modules in the Phase 1 audit (contacts, campaigns, keywords, chat widgets, dashboard checklist); chart kit empty states unit-tested in charts.test.tsx."
DSGN-008,DSGN,Design System & UX Standards,Standards,Confirmation flows for destructive actions,Master Prompt,§40,Tested,Done,Done,Done,Pending,,"ConfirmAction standard: destructive actions open a naming dialog, only explicit confirm fires (confirm-action.test.tsx); wired on franchise unlink, expert removal, schema delete; standard documented. Phase 13."
DSGN-009,DSGN,Design System & UX Standards,Standards,"Loading, error, partial-failure and retry states",Master Prompt,§25,Tested,Done,Done,Done,Pending,,Async-state standard: LoadingState/ErrorState(retry)/PartialFailure components (async-states.test.tsx); Inertia error page gains Try again on 500/503; PartialFailure adopted for AI fixture-provider provenance. Phase 13.
NOTIF-001,NOTIF,Notification System,Channels,In-app notification center,Master Prompt,§17,Tested,Done,Done,Done,Pending,,"In-app center: bell badge, list, mark read/all"
NOTIF-002,NOTIF,Notification System,Channels,Email notifications,Master Prompt,§17,Tested,Done,Pending,Done,Pending,,Email channel via queued notifications
NOTIF-003,NOTIF,Notification System,Channels,SMS notifications,Master Prompt,§17,Planned,Pending,Pending,Pending,Pending,,"SMS channel deferred (needs Twilio integration, Stage 6/comms)"
NOTIF-004,NOTIF,Notification System,Channels,Slack / Teams notifications,Master Prompt,§17,Planned,Pending,Pending,Pending,Pending,,Slack/Teams channels deferred (need INTG connectors)
NOTIF-005,NOTIF,Notification System,Channels,Webhook notifications,Master Prompt,§17,Planned,Pending,Pending,Pending,Pending,,Outbound webhook channel deferred (with INTG framework)
NOTIF-006,NOTIF,Notification System,Events,"Business alerts: hot lead, new SQL, appointment, lead surge",Master Prompt,§17,Tested,Done,Pending,Done,Pending,,"Business alerts complete (ALRT): hot-lead alerts (existing) + SQL-promotion notification at the scoring service's promotion point (fires once by construction) + meeting-booked notification in BookingService (covers public pages AND in-chat booking). Owner-first targeting, org owners fallback. AlertNotificationsTest."
NOTIF-007,NOTIF,Notification System,Events,"Operational alerts: workflow failure, integration disconnected, usage limit warning",Master Prompt,§17,Tested,Done,Pending,Pending,Pending,,"Operational alerts: usage-limit-approaching at >=80% of any metered limit via daily alerts:sweep, per-key per-day dedupe on the notifications table (AlertNotificationsTest). Integration-disconnected fires with INTG events; workflow-failure still waits on automation error events."
NOTIF-008,NOTIF,Notification System,Events,"Billing alerts: payment failure, subscription expiring",Master Prompt,§17,Tested,Done,Pending,Done,Pending,,Billing alerts: payment failure + trial ending (scheduler) to owners
NOTIF-009,NOTIF,Notification System,Events,"Marketing alerts: ranking decrease, traffic anomaly, AI visibility change, budget warning",Master Prompt,§17,Tested,Pending,Pending,Pending,Pending,,"Marketing alerts (ALRT): ranking-drop (tracked keyword falls >=5 positions between recorded checks) and AI-visibility swing (AIVIS-017 window comparison) via alerts:sweep, deduped daily. Mechanism tested on recorded data; ranking data liveness depends on the rank provider (provider column)."
NOTIF-010,NOTIF,Notification System,Preferences,Per-user notification preference center,Master Prompt,§17,Tested,Done,Done,Done,Pending,,Preference center (category x channel); security ignores opt-out
SRCH-001,SRCH,Global Search,Search,"Global search across contacts, companies, leads, opportunities, campaigns, content, tasks, reports, files, tickets",Master Prompt,§18,Tested,Done,Done,tests/Feature/Qa/RegisterCloseoutSprint1Test.php,Pending,,"Search spans contacts, companies, leads (lead/mql/sql lifecycle), deals, campaigns, content, members, teams, invoices, files - permission-filtered per group."
SRCH-002,SRCH,Global Search,Search,Search suggestions and recent searches,Master Prompt,§18,Tested,Done,Done,tests/Feature/Qa/RegisterCloseoutSprint1Test.php,Pending,,"Successful search terms cached per user+org (last 5, 30 days); /search returns them, empty query serves them for the palette."
SRCH-003,SRCH,Global Search,Search,Entity grouping and filters in results,Master Prompt,§18,Tested,Done,Done,Done,Pending,,Grouped-by-type results; permission-filtered
IMEX-001,IMEX,Import / Export,Import,"CSV import: contacts, companies, leads, opportunities, keywords, competitors",Master Prompt,§19,Tested,Done,Done,tests/Feature/Qa/EntityImportExportTest.php,Pending,,"Breadth complete: contacts (original importer), companies/leads/deals (Module 09), keywords + competitors (sprint 1) - all with mapping, dedupe, preview, history."
IMEX-002,IMEX,Import / Export,Import,"Import pipeline: mapping, validation, preview, duplicate detection, error report, history",Master Prompt,§19,Tested,Done,Done,Done,Pending,,"Import pipeline: header mapping, validation, dedup, preview, commit + import_jobs history + error report"
IMEX-003,IMEX,Import / Export,Export,CSV and Excel exports,Master Prompt,§19,Tested,Done,Done,Done,Pending,,"CSV + native .xlsx exports from the same guarded rows (in-house Xlsx writer - zip of XML with inline strings, zero dependencies; OWASP formula-injection guard on every cell in both formats). ?format=xlsx on the entity export routes. ImportExportFilesTest. Phase 21."
IMEX-004,IMEX,Import / Export,Export,PDF report exports,Master Prompt,§19,Tested,Done,Done,Done,Pending,,"PDF report exports: native one-page growth report (in-house Pdf writer, valid PDF 1.4, no rendering dependency) at analytics/report.pdf - KPIs with deltas, funnel, growth score + top recommendations, all from the same services the dashboard reads. Phase 21."
AUDIT-001,AUDIT,Audit Logging,Framework,"Central audit log (actor, tenant, action, resource, before/after, IP/device)",Master Prompt,§20,Tested,Done,Pending,Done,Pending,,"audit_logs: actor, organization_id, action, resource, context(before/after), IP/device; append-only"
AUDIT-002,AUDIT,Audit Logging,Coverage,"Security events: logins, failed logins, password/MFA changes",Master Prompt,§20,Tested,Done,Pending,Done,Pending,,Stage 1 security events (login/failed/password/MFA) recorded
AUDIT-003,AUDIT,Audit Logging,Coverage,"Admin events: user/role/permission changes, API keys, impersonation",Master Prompt,§20,Tested,Done,Pending,Done,Pending,,"Admin events: org/member/role/team changes, API keys, invitations"
AUDIT-004,AUDIT,Audit Logging,Coverage,"Data events: deletes, deal changes, campaign changes, exports",Master Prompt,§20,Partially Implemented,Done,Pending,Pending,Pending,,Delete/change events for tenancy entities recorded; CRM/campaign data events arrive with those modules
AUDIT-005,AUDIT,Audit Logging,Coverage,Billing and subscription change events,Master Prompt,§20,Tested,Done,Pending,Done,Pending,,"Billing/subscription events audited (subscription.*, invoice.*, coupon.applied, billing.profile_updated)"
AUDIT-006,AUDIT,Audit Logging,Access,Audit log viewer with filters (org + platform level),Master Prompt,"§20, §29",Tested,Done,Done,Done,Pending,,Org-scoped audit viewer with action/actor filters + pagination; permission-gated; platform-level view in Stage 13
SEC-001,SEC,Security,AppSec,"CSRF, XSS, SQL-injection and SSRF protections",Master Prompt,§21,Tested,Done,Done,Done,Pending,,"CSRF via Laravel middleware (public endpoints exempted deliberately + protected by honeypot/throttle/signature); SQL injection prevented by Eloquent/PDO parameter binding throughout - no raw interpolation of user input; XSS mitigated by React escaping + the CSP below. SSRF: a REAL vulnerability was found and fixed in this stage - TechnicalSeoAuditor::crawl() fetched any tenant-supplied URL, so a tenant could read cloud metadata (169.254.169.254) or probe internal services using our server. UrlGuard now resolves the host and refuses loopback/private/link-local/reserved addresses, non-http(s) schemes and unusual ports, and redirects are not followed. Tested with the actual attack URLs."
SEC-002,SEC,Security,AppSec,Secure headers and API rate limiting,Master Prompt,§21,Tested,Done,Done,Done,Pending,,"SecurityHeaders middleware on every response: CSP (frame-ancestors none, object-src none, base-uri/form-action self), X-Content-Type-Options nosniff, X-Frame-Options DENY, Referrer-Policy strict-origin-when-cross-origin, Permissions-Policy, COOP same-origin, and HSTS only over TLS (asserting it on http would pin developer browsers to https on localhost). API rate limiting from Stage 4b (throttle:api, 60/min per token or IP). Tested."
SEC-003,SEC,Security,AppSec,File-upload validation and scanning,Master Prompt,§21,Partially Implemented,Done,Done,Partial,Pending,,"Upload validation (mime allow-list, size limit, tenant-scoped storage, isolated download path) is built and tested in Stage 4. Malware SCANNING requires an AV/scanning service (ClamAV or a provider API) that is not available here - not claimed."
SEC-004,SEC,Security,Secrets,Secrets management; no secrets in frontend or repo,Master Prompt,"§21, §48",Tested,Done,Done,Done,Pending,,All credentials resolve through env()/config only; .env is gitignored and .env.production.example carries placeholders. A test scans every committed config file for literal secret patterns (sk_live_/sk_test_/whsec_/AKIA) and fails if one appears. No secret is exposed to the frontend - Inertia shares only permissions/entitlement keys.
SEC-005,SEC,Security,Crypto,"Encryption in transit; encryption at rest for sensitive fields (OAuth tokens, credentials)",Master Prompt,§21,Partially Implemented,Done,Done,Partial,Pending,,Encryption in transit: HTTPS forced in production + trusted proxies (Stage 0). At rest for sensitive fields: integration credentials and 2FA secrets/recovery codes are encrypted with Laravel's encrypter (Stages 1/4b). Full-disk/database-level encryption at rest is a managed-platform setting and cannot be verified from here.
SEC-006,SEC,Security,Verification,Webhook signature verification (inbound),Master Prompt,§21,Tested,Done,Done,Done,Pending,,"Inbound webhook signature verification via the PaymentProvider driver (Stage 3): an unsigned or wrongly-signed payload is rejected 400 before any processing, an unknown provider 404s. Asserted in this hardening pass."
SEC-007,SEC,Security,Verification,Least-privilege service accounts,Master Prompt,§21,Planned,Pending,Pending,Pending,Pending,,"Least-privilege service accounts (separate app vs migration vs restore database roles, scoped storage/queue credentials) are infrastructure configuration on the managed platform; the DR runbook records the requirement. Cannot be implemented or verified without provisioned infrastructure."
SEC-008,SEC,Security,Verification,Security logging and alerting,Master Prompt,"§21, §24",Tested,Done,Done,Done,Pending,,"SecurityLogger writes security events to a dedicated log channel AND mirrors them into the audit trail, so an event survives even without tenant context; alertable events (privilege-escalation attempt, SSRF blocked, invalid webhook signature, account deletion, refused impersonation) are logged at critical so an external monitor can page on severity. Builds on the Stage 1 auth audit trail and Stage 13 impersonation auditing."
API-001,API,API Platform,Standards,"Consistent REST API: auth, tenant scoping, validation, pagination, filtering, sorting, search",Master Prompt,§22,Tested,Yes,Yes,Yes,Yes,,"Filtering/sorting parity shipped (Phase 28): every list takes whitelisted filters (contacts: lifecycle_stage/lead_source/company_id/owner_id; companies: search+industry; deals: status/pipeline_id/stage_id/company_id) and ?sort=field/-field from an explicit whitelist - unknown fields 422, never leaked into ORDER BY. Pagination envelope, search, auth, tenant header, idempotency all previously tested. Tested in ApiPlatformCloseoutTest."
API-002,API,API Platform,Standards,Standard error responses with request IDs,Master Prompt,"§22, §25",Tested,Done,Pending,Done,Done,,"Error envelope {message, errors} + X-Request-Id header on every response (AssignRequestId). 422/400/401/403 covered by tests. Stage 4b."
API-003,API,API Platform,Standards,API versioning strategy,Master Prompt,§22,Tested,Done,Pending,Done,Done,,Versioning via /api/v1 prefix + api.v1.* named routes; all endpoints under v1. Stage 4b.
API-004,API,API Platform,Standards,Idempotency keys for unsafe operations,Master Prompt,§22,Tested,Done,Pending,Done,Done,,"Idempotency middleware: Idempotency-Key on unsafe methods, cache-backed replay scoped to user+org+method+path, Idempotent-Replayed header. Replay test proves no duplicate create. Stage 4b."
API-005,API,API Platform,Public API,Customer-facing API with keys and docs (higher plans),Master Prompt,§22,Tested,Yes,Yes,Yes,Yes,,"Customer API coverage completed (Phase 28): read + create + UPDATE for contacts/companies/deals (permission-gated per route, duplicate-email protection, pipeline-safe stage moves), docs/api/README.md updated. Deletes deliberately excluded - destructive operations stay in the audited web flows, stated in the docs. Tested in ApiPlatformCloseoutTest."
JOBS-001,JOBS,Background Jobs & Queues,Infrastructure,"Queue/worker infrastructure for email, SMS, imports, exports, reports, crawling, rank checks, AI analysis, sync, notifications, analytics, webhook retries",Master Prompt,§23,Tested,Done,Pending,Done,Pending,,Database queue infra; queued notifications verified via worker
JOBS-002,JOBS,Background Jobs & Queues,Reliability,Retries with backoff and dead-letter handling,Master Prompt,§23,Partially Implemented,Done,Pending,Pending,Pending,,Laravel retries/backoff + failed_jobs (dead-letter) available; per-job tuning as jobs land
JOBS-003,JOBS,Background Jobs & Queues,Reliability,Job idempotency,Master Prompt,§23,Partially Implemented,Done,Pending,Done,Pending,,ShouldBeUnique idempotency available; scheduler commands are idempotent + tested
JOBS-004,JOBS,Background Jobs & Queues,Operations,Job monitoring dashboard,Master Prompt,"§23, §29",Partially Implemented,Done,Pending,Pending,Pending,,Queue metrics (pending/failed) on /health; full dashboard (Horizon) needs Linux worker + platform admin (Stage 13)
OBS-001,OBS,Observability & Operations,Logging,"Structured application, error, security, integration and job logs",Master Prompt,§24,Tested,Done,Pending,Done,Pending,,Structured JSON logs + request IDs (Stage 0); error/security/job logs
OBS-002,OBS,Observability & Operations,Metrics,"Metrics: API latency, error rate, queue depth, job failures, DB performance, login failures, integration failures",Master Prompt,§24,Partially Implemented,Done,Pending,Pending,Pending,,Queue metrics on /health; full metrics backend (latency/error-rate dashboards) later
OBS-003,OBS,Observability & Operations,Monitoring,"Health checks: app, API, database, workers, integrations",Master Prompt,"§24, §50",Tested,Done,Pending,Done,Pending,,"/health: database, cache, queue, storage; API/workers/integrations checks as those exist"
OBS-004,OBS,Observability & Operations,Alerting,Administrator alerting on critical failures,Master Prompt,§24,Partially Implemented,Done,Pending,Pending,Pending,,Health degrades to 503; external alerting hookup + admin alerts later
BCK-001,BCK,Backups & Disaster Recovery,Backups,Automated database backups with point-in-time recovery,Master Prompt,§26,Planned,Pending,Pending,Pending,Pending,,"Automated database backups with PITR and file-storage backup/retention are managed-platform settings (Laravel Cloud Postgres + object-storage versioning), configured at provisioning. Deliberately NOT reimplemented in the app: an app-scheduled pg_dump would be a second, weaker copy someone would eventually trust. Requirements and configuration steps are in the DR runbook."
BCK-002,BCK,Backups & Disaster Recovery,Backups,File storage backups and retention periods,Master Prompt,§26,Planned,Pending,Pending,Pending,Pending,,"Automated database backups with PITR and file-storage backup/retention are managed-platform settings (Laravel Cloud Postgres + object-storage versioning), configured at provisioning. Deliberately NOT reimplemented in the app: an app-scheduled pg_dump would be a second, weaker copy someone would eventually trust. Requirements and configuration steps are in the DR runbook."
BCK-003,BCK,Backups & Disaster Recovery,Recovery,"Documented, tested restore and DR procedures",Master Prompt,§26,Partially Implemented,Done,Done,Partial,Pending,,"docs/runbooks/backup-and-disaster-recovery.md documents the restore procedure (restore to a NEW instance, verify, check pending migrations, spot-check tenant isolation, then cut over) and a quarterly restore drill with RPO/RTO targets. The procedure has NOT been exercised - no production infrastructure is provisioned - so it is documented and tooled, not proven."
BCK-004,BCK,Backups & Disaster Recovery,Recovery,Backup verification,Master Prompt,§26,Tested,Done,Done,Done,Pending,,"backup:verify checks a RESTORED database is actually usable: connectivity, every critical table present, migrations recorded, and core tables populated; exits non-zero on an empty or partial shell. This is the part that can be built and tested here - it verifies a restore, it does not create backups."
PRIV-001,PRIV,Privacy & Data Management,Legal,Privacy policy and terms acceptance tracking,Master Prompt,§27,Tested,Done,Done,Done,Pending,,"policy_acceptances records who accepted which policy (terms/privacy/DPA) at which version, with IP and timestamp; unique per user+policy+version so a re-acceptance of the same version cannot be double-recorded while a NEW version is separately recordable. Tested."
PRIV-002,PRIV,Privacy & Data Management,Legal,Cookie preferences where applicable,Master Prompt,§27,Partially Implemented,Done,Pending,Partial,Pending,,"cookie_preferences stores a necessary/analytics/marketing decision per user or anonymous visitor token; the consent banner UI is not built. The product sets no third-party analytics or marketing cookies today, so there is nothing yet to gate - the record exists ahead of the need."
PRIV-003,PRIV,Privacy & Data Management,Rights,"Data export, data deletion, account and organization deletion",Master Prompt,§27,Tested,Done,Done,Done,Pending,,"Data export (organization + data-subject payloads written to file) and REAL erasure: account deletion and organization deletion. A bug was found and fixed here - Organization soft-deletes, so delete() only stamped deleted_at, the cascadeOnDelete foreign keys never fired and the tenant's data survived an 'erasure'. Now forceDelete(); the test asserts with withTrashed() so a soft delete cannot pass as erasure. Deleting a user who SOLELY owns an organization is refused rather than stranding it. Requests are tracked as auditable data_requests rows."
PRIV-004,PRIV,Privacy & Data Management,Rights,Retention rules,Master Prompt,§27,Tested,Done,Done,Done,Pending,,"Per-tenant retention_policies (audit logs, AI requests, outbound messages, intent signals, calls) applied by privacy:prune-expired-data with a --dry-run mode. Retention is OPT-IN: a subject with no active rule is kept indefinitely, so nothing is silently destroyed. Tested incl. the boundary (older pruned, recent kept) and the no-rule case."
PRIV-005,PRIV,Privacy & Data Management,Consent,"Consent tracking, communication opt-outs, email unsubscribe, SMS STOP handling",Master Prompt,"§27, §46",Tested,Done,Done,Done,Pending,,"Consent + opt-out is end-to-end from Stage 6: email_opt_in/sms_opt_in on contacts, one-click unsubscribe through our own /e/* endpoint writing to the suppression list, campaign sends filtered by suppression + opt-out (tested there). Policy acceptance tracking added here completes the consent record."
PRIV-006,PRIV,Privacy & Data Management,Compliance,"Suppression lists, bounce and complaint handling, delivery tracking",Master Prompt,§46,Partially Implemented,Done,Done,Partial,Pending,,"Suppression lists and delivery tracking (sent/opened/clicked/failed on outbound_messages) are built and tested in Stage 6. Bounce and complaint handling requires inbound webhooks from a real ESP (SMTP provider credentials), which do not exist here - not claimed."
SUPP-001,SUPP,Customer Support Infrastructure,Help,Help center and knowledge base,Master Prompt,§28,Tested,Done,Done,Done,Pending,,"Help-centre knowledge base (platform-wide articles with category, excerpt, publish state) and product announcements / release notes surfaced to tenants."
SUPP-002,SUPP,Customer Support Infrastructure,Tickets,"Support tickets: creation, status, priority, attachments, threaded communication",Master Prompt,§28,Partially Implemented,Done,Done,Done,Pending,,"Tickets with status/priority/category, assignment, threaded replies and resolution; INTERNAL NOTES are stored on the thread but stripped from every client-facing view (tested); replying to a resolved ticket reopens it (tested). QA 2026-08-20: ATTACHMENTS, named in this feature, are NOT implemented - tickets and ticket_messages have no attachment column, no ticket_attachments table exists, Ticket declares no files relation, and the only upload endpoint is the general library at /settings/files. The polymorphic files table could carry them but nothing wires a ticket to it, so §53's Attach File step cannot be performed. Downgraded from Tested to Partially Implemented because part of the stated scope is absent."
SUPP-003,SUPP,Customer Support Infrastructure,Comms,Product announcements and release notes,Master Prompt,§28,Tested,Done,Done,Done,Pending,,"Help-centre knowledge base (platform-wide articles with category, excerpt, publish state) and product announcements / release notes surfaced to tenants."
ADMIN-001,ADMIN,Platform Administration (Super Admin),Management,"Tenant, user and subscription management",Master Prompt,§29,Tested,Done,Done,Done,Pending,,"Platform staff console: cross-tenant organization/user/subscription listing with plan, status, seats and trial dates, plus usage + MRR + AI-spend rollups. Reachable only by platform staff holding admin.platform (tenant users are refused - tested)."
ADMIN-002,ADMIN,Platform Administration (Super Admin),Management,"Plan, entitlement, coupon and payment management",Master Prompt,§29,Partially Implemented,Done,Done,Partial,Pending,,"Plans, entitlements and coupons are visible from the platform console and remain code-defined in PlanCatalog + seeded (Stage 3); an admin UI for editing plan/entitlement/coupon definitions and taking manual payment actions is not built. Payment management depends on live Stripe credentials."
ADMIN-003,ADMIN,Platform Administration (Super Admin),Management,Usage and system health visibility,Master Prompt,§29,Tested,Done,Done,Done,Pending,,"Platform staff console: cross-tenant organization/user/subscription listing with plan, status, seats and trial dates, plus usage + MRR + AI-spend rollups. Reachable only by platform staff holding admin.platform (tenant users are refused - tested)."
ADMIN-004,ADMIN,Platform Administration (Super Admin),Management,"Feature flags (beta, tenant rollouts, staged releases, kill switches)",Master Prompt,"§29, §30",Tested,Done,Done,Done,Pending,,"Feature flags with staged rollout: kill switch overrides all targeting, explicit organization targeting, deterministic percentage bucketing (a tenant never flips between requests), then the flag default; unknown flags are off. Audited on change. All four resolution paths tested."
ADMIN-005,ADMIN,Platform Administration (Super Admin),Management,Announcements and support tooling,Master Prompt,§29,Tested,Done,Done,Done,Pending,,"Announcements + release notes (platform-scoped, audience-targeted, publish-gated) and the support ticket console. Help centre articles are managed alongside."
ADMIN-006,ADMIN,Platform Administration (Super Admin),Impersonation,"Support impersonation: permissioned, visibly indicated, fully audited, time-limited",Master Prompt,§29,Tested,Done,Done,Done,Pending,,"Support impersonation - permissioned, visibly indicated, fully audited. Requires admin.impersonate + a mandatory reason; PLATFORM STAFF CAN NEVER BE IMPERSONATED (privilege-escalation guard); self-impersonation refused; the session is shared to the UI so a persistent banner always shows who is acting as whom; start and stop both audited with both user ids; stopping restores the operator and is deliberately ungated so nobody is trapped in a session. Every guard tested."
INTG-001,INTG,Integration Framework,Framework,"Reusable connector framework (OAuth, credentials vault, scopes)",Master Prompt,§16,Tested,Done,Done,tests/Feature/Qa/IntegrationFrameworkTest.php,Done,,"Complete: code registry catalog, encrypted credentials vault, scopes, connect/disconnect/reconnect lifecycle, api_key auth, and the generic OAuth2 authorization-code flow (config-driven provider apps, state verification, token exchange into the vault). Pinned incl. forged-state rejection."
INTG-002,INTG,Integration Framework,Framework,"Sync engine: status, last sync, failures, retry, reconnection",Master Prompt,§16,Tested,Done,Done,Done,Done,,"Sync engine: SyncRun status/last_synced_at, failure capture (failed run + last_error), reconnection action, queued retry (RunIntegrationSync tries=3). 9 INTG tests. Stage 4b."
INTG-003,INTG,Integration Framework,Framework,Per-connector error logs and health,Master Prompt,§16,Tested,Done,Done,Done,Done,,"Per-connector health() derivation, error rows on SyncRun, last_error surfaced in UI, integration.sync_failed audit events + Recent syncs history table. Stage 4b."
INTG-004,INTG,Integration Framework,Connectors,"Google: Analytics, Search Console, Ads, Business Profile",Master Prompt,§16,Planned,Pending,Pending,Pending,Pending,,"The generic OAuth2 flow is live: registering this vendor is now configuration (services.connectors.{key} client id/secret/endpoints from env) plus a vendor-side app registration - external account required, no code."
INTG-005,INTG,Integration Framework,Connectors,"Microsoft: Ads, 365, Outlook, Teams, Dynamics",Master Prompt,§16,Planned,Pending,Pending,Pending,Pending,,"The generic OAuth2 flow is live: registering this vendor is now configuration (services.connectors.{key} client id/secret/endpoints from env) plus a vendor-side app registration - external account required, no code."
INTG-006,INTG,Integration Framework,Connectors,"Social/ads: LinkedIn, Meta, YouTube",Master Prompt,§16,Planned,Pending,Pending,Pending,Pending,,"The generic OAuth2 flow is live: registering this vendor is now configuration (services.connectors.{key} client id/secret/endpoints from env) plus a vendor-side app registration - external account required, no code."
INTG-007,INTG,Integration Framework,Connectors,"CRM: HubSpot, Salesforce",Master Prompt,§16,Planned,Pending,Pending,Pending,Pending,,"HubSpot api_key connector connectable today; Salesforce rides the generic OAuth2 flow once its app is registered (config, not code)."
INTG-008,INTG,Integration Framework,Connectors,"Comms: Gmail, Google Workspace, Twilio, SendGrid, Mailgun, Slack, Zoom",Master Prompt,§16,Planned,Pending,Pending,Pending,Pending,,"The generic OAuth2 flow is live: registering this vendor is now configuration (services.connectors.{key} client id/secret/endpoints from env) plus a vendor-side app registration - external account required, no code. Twilio/SendGrid/Mailgun are api_key connectors, connectable today; live sends need the vendor accounts."
INTG-009,INTG,Integration Framework,Connectors,"Ops: CallRail, Calendly, Stripe, QuickBooks, Zapier, generic webhooks",Master Prompt,§16,Partially Implemented,Done,Done,tests/Feature/Qa/IntegrationFrameworkTest.php,Pending,,"Generic webhooks DONE: outbound signed deliveries (HMAC-SHA256, event subscription, queued retries, failure health, test ping) managed on Settings->Integrations - this is the working Zapier path (outbound to Zapier hooks; inbound via public form endpoints). Named vendors (CallRail, Calendly, Stripe sync, QuickBooks) still need their accounts/apps."
INTG-010,INTG,Integration Framework,Connectors,AI providers (abstracted),Master Prompt,"§16, §44",Tested,Done,Done,tests/Feature/Qa/ProviderProvenanceTest.php,Pending,,"Shipped in Module 07: AiGateway + SeoProviderManager abstract every AI/rank provider (OpenAI, Gemini, SerpApi, fixtures) behind contracts with encrypted platform keys and self-describing live/simulated provenance. Status was stale."
AIPF-001,AIPF,AI Platform Infrastructure,Core,Prompt management and versioning,Master Prompt,§44,Tested,Done,Done,Done,Pending,,"PromptRegistry: prompts are versioned data, not literals. Publishing creates a new version (previous preserved + deactivated), activate() rolls the pointer forward or back, render() substitutes variables, exactly one active version per key, and every ai_request records the template version that produced it. Tested."
AIPF-002,AIPF,AI Platform Infrastructure,Core,AI provider abstraction and model configuration,Master Prompt,§44,Tested,Done,Done,Done,Pending,,"ADR-0008 AiProvider abstraction + AiProviderManager + config/ai.php (driver, models, timeouts, pricing). FixtureAiProvider is the tested default; OpenAiProvider/AnthropicProvider are real drivers left untested (no credentials) and are labelled as such in the UI. Abstraction, config selection and driver swapping tested."
AIPF-003,AIPF,AI Platform Infrastructure,Governance,"AI cost tracking: requests, tokens, estimated cost per tenant/user/feature/provider/model",Master Prompt,§45,Tested,Done,Done,Done,Pending,,"Every call writes an ai_requests row (feature, provider, model, prompt/completion tokens, estimated cost in minor units from configured per-million pricing, duration, attempts, status, error, user). Cost attributable per tenant/user/feature via usageSummary(). Tested incl. cost arithmetic."
AIPF-004,AIPF,AI Platform Infrastructure,Governance,Plan-based AI usage limits,Master Prompt,§45,Tested,Done,Done,Done,Pending,,"Limit::AiCredits (declared unenforced since Stage 3) is now ENFORCED by AiGateway through UsageMeter: the call is refused BEFORE reaching a provider when credits are exhausted, so overspend is impossible rather than merely visible. Professional 5,000 / Agency 20,000 / Enterprise unlimited. Tested: refusal incurs no provider call; one credit per successful call."
AIPF-005,AIPF,AI Platform Infrastructure,Governance,"AI error handling, retry behavior, auditability",Master Prompt,§44,Tested,Done,Done,Done,Pending,,"Bounded retry of transient provider failures only (timeout/429/5xx); permanent failures fail fast. Failures are recorded on the request row with the error and audited (ai.request.failed), are NOT billed as usage, and never silently substitute fabricated content. Tested: retry-then-succeed, fail-fast, no-billing-on-failure."
AIPF-006,AIPF,AI Platform Infrastructure,Governance,Human confirmation for sensitive AI actions,Master Prompt,§44,Tested,Done,Done,Done,Pending,,"Human confirmation for sensitive AI actions. AI output that changes data or reaches a third party (update_crm/book_meeting/send_email) is only PROPOSED into ai_actions as pending; execute() refuses anything not confirmed by a user holding ai.actions.approve, rejection is terminal, execution is idempotent, and CRM writes are restricted to an allow-list of fields. No config flag permits autonomous execution. Tested extensively incl. permission enforcement and allow-list bypass attempt."
FILE-001,FILE,Files & Documents,Storage,Tenant-scoped file storage with upload validation,Master Prompt,"§3, §21",Tested,Done,Done,Done,Pending,,"Tenant-scoped files: upload (mime+size validation), list, download (isolation), delete + audit"
FILE-002,FILE,Files & Documents,Storage,"Documents attached to CRM records, tickets, projects",Master Prompt,§3,Tested,Done,Done,Done,Pending,,"Documents attach to contacts, deals, tickets and projects on upload (whitelisted morph types, tenant-scoped target check refuses foreign records with 422); attachment shown in the files list. ImportExportFilesTest. Phase 21."
DEVX-001,DEVX,Engineering Foundation & Delivery,Foundation,"Repository structure, coding standards, environment configuration",Master Prompt,"§48, §57 Stage 0",Tested,Done,Pending,.github/workflows/ci.yml,Done,,"Gate (pint, phpstan L6, eslint, prettier, tsc, Vitest, Pest) enforced in CI and exercised across 12 module cycles."
DEVX-002,DEVX,Engineering Foundation & Delivery,Foundation,"Versioned, reviewable database migrations",Master Prompt,§49,Tested,Done,Pending,.github/workflows/ci.yml,Pending,,CI validates migrate + rollback + re-migrate on PostgreSQL 16 on every push; 60+ versioned migrations.
DEVX-003,DEVX,Engineering Foundation & Delivery,Foundation,Local / development / staging / production environments,Master Prompt,§47,Partially Implemented,Pending,Pending,Pending,Pending,,"Local complete; production is the self-hosted Ubuntu server (Apache/mod_php 8.5, PostgreSQL, public 8443) - the earlier Laravel Cloud note is obsolete. Staging environment pending (user infrastructure decision)."
DEVX-004,DEVX,Engineering Foundation & Delivery,CI/CD,"Pipeline gates: lint, type check, unit, integration, build, security, migration validation, staging smoke test",Master Prompt,§51,Partially Implemented,Done,Pending,Pending,Pending,,"CI: quality gate, tests + migration validation on Postgres 16, security audits. Staging deploy + smoke-test gate pending a staging environment (DEVX-003)."
DEVX-005,DEVX,Engineering Foundation & Delivery,CI/CD,"Deployment with health checks, rollback, version tracking",Master Prompt,§50,Implemented,Done,Pending,scripts/release.sh,Done,,"scripts/release.sh: versioned releases with pre-extract snapshot, /health check, automatic rollback, sha256 history log (docs/engineering/deploy-runbook.md). Tested after first live exercised release on the self-hosted server."
DEVX-006,DEVX,Engineering Foundation & Delivery,Quality,"Automated test framework (unit, API, integration, UI, E2E)",Master Prompt,§31–§34,Tested,Done,Pending,tests/,Pending,,"Pest 3 suite: 829 tests / 3,502 assertions (feature, API, tenant-isolation, journey E2E) + 43 Vitest front-end tests, all in CI."
DEVX-007,DEVX,Engineering Foundation & Delivery,Quality,Feature Register + Module Completion Report process,Master Prompt,"§1, §36",Tested,Done,Pending,scripts/update_register.py,Done,,Register regeneration preserves statuses; 12 module completion reports in docs/qa/; statuses updated at every module gate.
DEVX-008,DEVX,Engineering Foundation & Delivery,Docs,"README, architecture docs, API docs, ADRs, runbooks",Master Prompt,§54,Partially Implemented,Pending,Pending,Pending,Done,,"README, architecture 01-11, ADR-0001, engineering docs, runbooks; API docs arrive with API modules"
AUTO-029,AUTO,Marketing Automation,Automated actions,Conditional branching in workflows,QA Audit,QA §21 (2026-08-19),Planned,Pending,Pending,Pending,Pending,,"QA §21 step 6 (""Check Engagement"") has nothing to hang on. WorkflowStep carries position, action_type, action_config and delay_minutes only, so a sequence is strictly linear and every enrolled contact runs every step. There is no condition, branch, split or exit criterion. Gap found by QA on 2026-08-19; it was not previously represented in the register. Pinned by tests/Feature/Qa/MarketingAutomationTest.php, which fails if workflow_steps gains a branching column, forcing this row to be revisited."
AUTO-030,AUTO,Marketing Automation,Automated actions,Contact tagging,QA Audit,QA §21 (2026-08-19),Not Applicable,N/A,N/A,N/A,Pending,,"QA §21 step 2 (""Add Tag"") has no implementation: no tags table, no contact_tag pivot, no tags column. Marked Not Applicable rather than Planned because marketing list membership already provides the same capability - static and dynamic lists label and segment contacts, and the workflow engine exposes it as add_to_list / remove_from_list (AUTO-026). Adding a parallel tag concept would duplicate it. Gap found by QA on 2026-08-19 and pinned by tests/Feature/Qa/MarketingAutomationTest.php."
SUPP-004,SUPP,Support System,Support tickets,Ticket notifications to requester and assignee,QA Audit,QA §53 (2026-08-20),Tested,Done,Done,tests/Feature/Qa/DeliveryPortalTest.php,Pending,,"Built 2026-09-01: reply/assign/resolve notify requester + assignee via TicketNotification (in-app + email), never the actor, never the requester for internal notes."
CHAT-001,CHAT,Website Chat,Chat widgets,Embeddable website chat widget,QA Audit,Module brief (2026-08-22),Tested,Done,Done,Done,Pending,,"Website Chat Phases 1-4, 2026-08-22. See docs/qa/module-completion-website-chat.md."
CHAT-002,CHAT,Website Chat,Chat widgets,Multiple widgets per tenant,QA Audit,Module brief (2026-08-22),Tested,Done,Done,Done,Pending,,"Website Chat Phases 1-4, 2026-08-22. See docs/qa/module-completion-website-chat.md."
CHAT-003,CHAT,Website Chat,Chat widgets,Widget appearance and branding,QA Audit,Module brief (2026-08-22),Tested,Done,Done,Done,Pending,,"Website Chat Phases 1-4, 2026-08-22. See docs/qa/module-completion-website-chat.md."
CHAT-004,CHAT,Website Chat,Chat widgets,Floating launcher and welcome teaser,QA Audit,Module brief (2026-08-22),Tested,Done,Done,Done,Pending,,"Website Chat Phases 1-4, 2026-08-22. See docs/qa/module-completion-website-chat.md."
CHAT-005,CHAT,Website Chat,Chat widgets,One-line installation snippet,QA Audit,Module brief (2026-08-22),Tested,Done,Done,Done,Pending,,"Website Chat Phases 1-4, 2026-08-22. See docs/qa/module-completion-website-chat.md."
CHAT-006,CHAT,Website Chat,Chat widgets,Authorized domain restriction,QA Audit,Module brief (2026-08-22),Tested,Done,Done,Done,Pending,,"Website Chat Phases 1-4, 2026-08-22. See docs/qa/module-completion-website-chat.md."
CHAT-007,CHAT,Website Chat,Qualification,Configurable conversation flow,QA Audit,Module brief (2026-08-22),Tested,Done,Done,Done,Pending,,"Website Chat Phases 1-4, 2026-08-22. See docs/qa/module-completion-website-chat.md."
CHAT-008,CHAT,Website Chat,Qualification,Conditional branching by answer,QA Audit,Module brief (2026-08-22),Tested,Done,Done,Done,Pending,,"Website Chat Phases 1-4, 2026-08-22. See docs/qa/module-completion-website-chat.md."
CHAT-009,CHAT,Website Chat,Qualification,"Message, choice and input node types",QA Audit,Module brief (2026-08-22),Tested,Done,Done,Done,Pending,,"Website Chat Phases 1-4, 2026-08-22. See docs/qa/module-completion-website-chat.md."
CHAT-010,CHAT,Website Chat,Qualification,Visual flow builder,QA Audit,Module brief (2026-08-22),Tested,Done,Done,Done,Pending,,"Website Chat Phases 1-4, 2026-08-22. See docs/qa/module-completion-website-chat.md."
CHAT-011,CHAT,Website Chat,Qualification,Flow template library,QA Audit,Module brief (2026-08-22),Tested,Done,Done,Done,Pending,,"Website Chat Phases 1-4, 2026-08-22. See docs/qa/module-completion-website-chat.md."
CHAT-012,CHAT,Website Chat,Qualification,MSP and cybersecurity qualification templates,QA Audit,Module brief (2026-08-22),Tested,Done,Done,Done,Pending,,"Website Chat Phases 1-4, 2026-08-22. See docs/qa/module-completion-website-chat.md."
CHAT-013,CHAT,Website Chat,Qualification,Existing-customer support routing,QA Audit,Module brief (2026-08-22),Tested,Done,Done,Done,Pending,,"Website Chat Phases 1-4, 2026-08-22. See docs/qa/module-completion-website-chat.md."
CHAT-014,CHAT,Website Chat,Qualification,High-priority security incident routing,QA Audit,Module brief (2026-08-22),Tested,Done,Done,Done,Pending,,"Website Chat Phases 1-4, 2026-08-22. See docs/qa/module-completion-website-chat.md."
CHAT-015,CHAT,Website Chat,Lead capture,Contact capture with configurable fields,QA Audit,Module brief (2026-08-22),Tested,Done,Done,Done,Pending,,"Website Chat Phases 1-4, 2026-08-22. See docs/qa/module-completion-website-chat.md."
CHAT-016,CHAT,Website Chat,Lead capture,Duplicate detection on capture,QA Audit,Module brief (2026-08-22),Tested,Done,Done,Done,Pending,,"Website Chat Phases 1-4, 2026-08-22. See docs/qa/module-completion-website-chat.md."
CHAT-017,CHAT,Website Chat,Lead capture,Progressive profiling for known visitors,QA Audit,Module brief (2026-08-22),Tested,Done,Done,Done,Pending,,"Website Chat Phases 1-4, 2026-08-22. See docs/qa/module-completion-website-chat.md."
CHAT-018,CHAT,Website Chat,Lead capture,CRM contact and lead creation,QA Audit,Module brief (2026-08-22),Tested,Done,Done,Done,Pending,,"Website Chat Phases 1-4, 2026-08-22. See docs/qa/module-completion-website-chat.md."
CHAT-019,CHAT,Website Chat,Lead capture,Chat lead scoring,QA Audit,Module brief (2026-08-22),Tested,Done,Done,Done,Pending,,"Website Chat Phases 1-4, 2026-08-22. See docs/qa/module-completion-website-chat.md."
CHAT-020,CHAT,Website Chat,Lead capture,Sales routing and assignment,QA Audit,Module brief (2026-08-22),Tested,Done,Done,Done,Pending,,"Website Chat Phases 1-4, 2026-08-22. See docs/qa/module-completion-website-chat.md."
CHAT-021,CHAT,Website Chat,Lead capture,Hot-lead sales alert,QA Audit,Module brief (2026-08-22),Tested,Done,Done,Done,Pending,,"Website Chat Phases 1-4, 2026-08-22. See docs/qa/module-completion-website-chat.md."
CHAT-022,CHAT,Website Chat,Lead capture,Chat source attribution,QA Audit,Module brief (2026-08-22),Tested,Done,Done,Done,Pending,,"Website Chat Phases 1-4, 2026-08-22. See docs/qa/module-completion-website-chat.md."
CHAT-023,CHAT,Website Chat,Lead capture,In-chat appointment booking,QA Audit,Module brief (2026-08-22),Tested,Done,Done,Done,Pending,,"2026-08-25: real slot-picking in chat. ChatBookingSlots derives free slots from the active booking page (hours, duration, taken slots); the engine books via BookingService, confirms in-transcript, re-presents when a slot is taken mid-conversation, and falls back to the booking-page link when nothing is free. Preview never books. Was Partial pending an availability engine."
CHAT-024,CHAT,Website Chat,Privacy,Configurable consent gate,QA Audit,Module brief (2026-08-22),Tested,Done,Done,Done,Pending,,"Website Chat Phases 1-4, 2026-08-22. See docs/qa/module-completion-website-chat.md."
CHAT-025,CHAT,Website Chat,Privacy,Per-tenant privacy and terms links,QA Audit,Module brief (2026-08-22),Tested,Done,Done,Done,Pending,,"Website Chat Phases 1-4, 2026-08-22. See docs/qa/module-completion-website-chat.md."
CHAT-026,CHAT,Website Chat,Inbox,Agent conversation inbox,QA Audit,Module brief (2026-08-22),Tested,Done,Done,Done,Pending,,"Website Chat Phases 1-4, 2026-08-22. See docs/qa/module-completion-website-chat.md."
CHAT-027,CHAT,Website Chat,Inbox,Conversation transcript view,QA Audit,Module brief (2026-08-22),Tested,Done,Done,Done,Pending,,"Website Chat Phases 1-4, 2026-08-22. See docs/qa/module-completion-website-chat.md."
CHAT-028,CHAT,Website Chat,Inbox,Conversation status workflow,QA Audit,Module brief (2026-08-22),Tested,Done,Done,Done,Pending,,"Website Chat Phases 1-4, 2026-08-22. See docs/qa/module-completion-website-chat.md."
CHAT-029,CHAT,Website Chat,Inbox,Agent replies,QA Audit,Module brief (2026-08-22),Tested,Done,Done,Done,Pending,,"Website Chat Phases 1-4, 2026-08-22. See docs/qa/module-completion-website-chat.md."
CHAT-030,CHAT,Website Chat,Inbox,Internal notes,QA Audit,Module brief (2026-08-22),Tested,Done,Done,Done,Pending,,"Website Chat Phases 1-4, 2026-08-22. See docs/qa/module-completion-website-chat.md."
CHAT-031,CHAT,Website Chat,Inbox,Team @mentions,QA Audit,Module brief (2026-08-22),Tested,Done,Done,Done,Pending,,"Website Chat Phases 1-4, 2026-08-22. See docs/qa/module-completion-website-chat.md."
CHAT-032,CHAT,Website Chat,Live chat,Live human chat,QA Audit,Module brief (2026-08-22),Tested,Done,Done,Done,Pending,,"Website Chat Phases 1-4, 2026-08-22. See docs/qa/module-completion-website-chat.md."
CHAT-033,CHAT,Website Chat,Live chat,Bot to human handoff,QA Audit,Module brief (2026-08-22),Tested,Done,Done,Done,Pending,,"Website Chat Phases 1-4, 2026-08-22. See docs/qa/module-completion-website-chat.md."
CHAT-034,CHAT,Website Chat,Live chat,Agent availability states,QA Audit,Module brief (2026-08-22),Tested,Done,Done,Done,Pending,,"Website Chat Phases 1-4, 2026-08-22. See docs/qa/module-completion-website-chat.md."
CHAT-035,CHAT,Website Chat,Live chat,Business hours and offline capture,QA Audit,Module brief (2026-08-22),Tested,Done,Done,Done,Pending,,"Website Chat Phases 1-4, 2026-08-22. See docs/qa/module-completion-website-chat.md."
CHAT-036,CHAT,Website Chat,Targeting,Page targeting rules,QA Audit,Module brief (2026-08-22),Tested,Done,Done,Done,Pending,,"Website Chat Phases 1-4, 2026-08-22. See docs/qa/module-completion-website-chat.md."
CHAT-037,CHAT,Website Chat,Targeting,Visitor behavior targeting,QA Audit,Module brief (2026-08-22),Tested,Done,Done,Done,Pending,,"Website Chat Phases 1-4, 2026-08-22. See docs/qa/module-completion-website-chat.md."
CHAT-038,CHAT,Website Chat,Analytics,Chat engagement analytics,QA Audit,Module brief (2026-08-22),Tested,Done,Done,Done,Pending,,"Website Chat Phases 1-4, 2026-08-22. See docs/qa/module-completion-website-chat.md."
CHAT-039,CHAT,Website Chat,Analytics,Conversion funnel report,QA Audit,Module brief (2026-08-22),Tested,Done,Done,Done,Pending,,"Website Chat Phases 1-4, 2026-08-22. See docs/qa/module-completion-website-chat.md."
CHAT-040,CHAT,Website Chat,Analytics,Per-question drop-off report,QA Audit,Module brief (2026-08-22),Tested,Done,Done,Done,Pending,,"Website Chat Phases 1-4, 2026-08-22. See docs/qa/module-completion-website-chat.md."
CHAT-041,CHAT,Website Chat,Analytics,Chat A/B testing,QA Audit,Module brief (2026-08-22),Partially Implemented,Done,Done,Done,Pending,,"Website Chat Phases 1-4, 2026-08-22. See docs/qa/module-completion-website-chat.md."
CHAT-042,CHAT,Website Chat,Notifications,Chat notifications to agents,QA Audit,Module brief (2026-08-22),Tested,Done,Done,Done,Pending,,"Website Chat Phases 1-4, 2026-08-22. See docs/qa/module-completion-website-chat.md."
CHAT-043,CHAT,Website Chat,Qualification,AI answers in the chat widget,QA Audit,Enhancement (2026-08-25),Tested,Done,Done,Done,Pending,,"Free-text questions answered through AiGateway (credit cap, cost recording, audit) with a grounded chat.answer prompt; per-conversation turn cap; every failure degrades to the capture path. Mechanism tested on the fixture model per the Stage-12 honesty rule; answer quality requires a live provider key (ADR-0008)."
CHAT-044,CHAT,Website Chat,Inbox,AI handoff summary,QA Audit,Chat v2 P1 (2026-08-26),Tested,Done,Done,Done,Pending,,"ChatConversationSummarizer via AiGateway: 2-3 sentence takeover brief, auto-generated when a conversation goes live and on demand from the inbox. Internal notes are excluded from the transcript it sees. Cached until a new message; failures degrade to no-summary, never an error. Fixture-quality until a live AI key (ADR-0008)."
CHAT-045,CHAT,Website Chat,Chat widgets,Suggested question chips,QA Audit,Chat v2 P1 (2026-08-26),Tested,Done,Done,Done,Pending,,"Tenant-configured prompts (widget settings, up to 6) served only on the ai ask step and rendered as tappable chips; tapping sends the question as typed input. Old cached widgets ignore the field safely."
CHAT-046,CHAT,Website Chat,Qualification,Upfront talk-to-a-human option,QA Audit,Chat v2 P1 (2026-08-26),Tested,Done,Done,Done,Pending,,"First question now offers Talk to a human; a free agent takes the chat live, otherwise the visitor is told what happens next and qualification continues so a person still gets full details."
